country,iso3c,year,region,polyarchy,libdem,partipdem,delibdem,egaldem,gdp_pc,life_exp,inf_mort,urban_pct,school_enroll,internet_pct
Afghanistan,AFG,1990,Asia,0.094,0.045,0.025,0.035,0.099,NA,45.1,145.9,17.3,11,0
Afghanistan,AFG,1991,Asia,0.094,0.041,0.025,0.035,0.096,NA,45.5,141.4,17.4,17.2,NA
Afghanistan,AFG,1992,Asia,0.095,0.033,0.028,0.031,0.066,NA,46.6,137.2,17.5,NA,NA
Afghanistan,AFG,1993,Asia,0.093,0.023,0.027,0.027,0.044,NA,51,133.1,17.6,17.4,NA
Afghanistan,AFG,1994,Asia,0.093,0.023,0.027,0.027,0.044,NA,51,129.4,17.7,23.5,NA
Afghanistan,AFG,1995,Asia,0.093,0.022,0.024,0.027,0.042,NA,52.1,126,17.8,23.1,NA
Afghanistan,AFG,1996,Asia,0.076,0.019,0.013,0.009,0.036,NA,52.8,122.7,18,NA,NA
Afghanistan,AFG,1997,Asia,0.073,0.022,0.013,0.007,0.038,NA,53.2,119.6,18.1,NA,NA
Afghanistan,AFG,1998,Asia,0.073,0.022,0.013,0.007,0.038,NA,52.5,116.6,18.2,NA,NA
Afghanistan,AFG,1999,Asia,0.073,0.022,0.013,0.007,0.038,NA,54.5,113.6,18.4,NA,NA
Afghanistan,AFG,2000,Asia,0.073,0.022,0.013,0.007,0.037,308.3,55,110.6,18.6,NA,NA
Afghanistan,AFG,2001,Asia,0.083,0.028,0.021,0.014,0.041,277.1,55.5,107.5,18.7,14,0
Afghanistan,AFG,2002,Asia,0.218,0.085,0.092,0.23,0.138,338.1,56.2,104.3,18.9,NA,0
Afghanistan,AFG,2003,Asia,0.224,0.085,0.094,0.234,0.143,346.1,57.2,100.8,19.2,14,0.1
Afghanistan,AFG,2004,Asia,0.235,0.089,0.103,0.233,0.147,338.6,57.8,97.4,19.4,19.2,0.1
Afghanistan,AFG,2005,Asia,0.311,0.111,0.128,0.251,0.181,363.6,58.2,93.8,19.7,20.3,1.2
Afghanistan,AFG,2006,Asia,0.364,0.192,0.146,0.277,0.204,367.8,58.6,90.3,20.1,29.5,2.1
Afghanistan,AFG,2007,Asia,0.364,0.193,0.144,0.28,0.204,410.8,59,86.8,20.6,28.8,1.9
Afghanistan,AFG,2008,Asia,0.368,0.196,0.147,0.293,0.207,417.6,59.7,83.4,21.1,38.9,1.8
Afghanistan,AFG,2009,Asia,0.361,0.196,0.144,0.287,0.204,488.8,60.2,80.1,21.7,44.3,3.5
Afghanistan,AFG,2010,Asia,0.347,0.192,0.14,0.281,0.204,542.9,60.7,76.9,22.3,50.4,4
Afghanistan,AFG,2011,Asia,0.346,0.192,0.14,0.286,0.203,525.4,61.2,74,22.8,52.4,5
Afghanistan,AFG,2012,Asia,0.35,0.194,0.141,0.288,0.206,568.9,61.7,71.2,23.3,54.4,5.5
Afghanistan,AFG,2013,Asia,0.345,0.194,0.143,0.284,0.197,580.6,62.2,68.6,23.8,54.9,5.9
Afghanistan,AFG,2014,Asia,0.35,0.199,0.14,0.276,0.2,575.1,62.3,66.2,24.2,54.3,7
Afghanistan,AFG,2015,Asia,0.348,0.201,0.142,0.286,0.199,565.6,62.3,64,24.5,53.2,8.3
Afghanistan,AFG,2016,Asia,0.34,0.188,0.135,0.257,0.188,563.9,62.6,61.9,24.7,53.4,11
Afghanistan,AFG,2017,Asia,0.334,0.183,0.126,0.22,0.184,562.8,62.4,60.1,24.8,55.5,13.5
Afghanistan,AFG,2018,Asia,0.33,0.176,0.15,0.249,0.179,553.1,62.4,58.3,25,57.4,16.8
Afghanistan,AFG,2019,Asia,0.329,0.162,0.119,0.251,0.175,557.9,62.9,56.6,25.1,NA,17.6
Afghanistan,AFG,2020,Asia,0.336,0.167,0.125,0.241,0.179,527.8,61.5,54.9,25.3,NA,17
Afghanistan,AFG,2021,Asia,0.144,0.041,0.031,0.037,0.055,408.6,60.4,53.2,25.3,NA,16.5
Afghanistan,AFG,2022,Asia,0.076,0.011,0.011,0.027,0.02,377.7,65.6,51.6,25.4,NA,15.9
Afghanistan,AFG,2023,Asia,0.073,0.015,0.01,0.024,0.021,378.1,66,49.9,25.5,59.6,15.9
Albania,ALB,1990,Eastern Europe,0.187,0.07,0.059,0.091,0.227,1682.9,72.7,27.3,35.9,90.8,0
Albania,ALB,1991,Eastern Europe,0.367,0.26,0.142,0.265,0.284,1219,73,26,36.3,93.7,NA
Albania,ALB,1992,Eastern Europe,0.42,0.333,0.226,0.325,0.311,1138.2,73.3,24.9,36.7,80.5,NA
Albania,ALB,1993,Eastern Europe,0.421,0.321,0.23,0.332,0.312,1254.7,73.6,23.9,37.2,72.5,NA
Albania,ALB,1994,Eastern Europe,0.421,0.34,0.242,0.309,0.313,1367.2,73.8,23,37.7,70.5,NA
Albania,ALB,1995,Eastern Europe,0.427,0.344,0.234,0.298,0.317,1559,74,22.2,38.3,70.1,0
Albania,ALB,1996,Eastern Europe,0.387,0.321,0.216,0.268,0.287,1683.8,74.1,21.3,38.9,69,0
Albania,ALB,1997,Eastern Europe,0.371,0.311,0.221,0.271,0.286,1495.9,73.4,20.4,39.5,69.1,0
Albania,ALB,1998,Eastern Europe,0.39,0.323,0.252,0.304,0.289,1630.4,74.4,19.5,40.2,70.3,0.1
Albania,ALB,1999,Eastern Europe,0.392,0.326,0.263,0.307,0.289,1841.8,74.6,18.7,40.9,70.4,0.1
Albania,ALB,2000,Eastern Europe,0.402,0.342,0.268,0.316,0.301,1991.9,74.8,17.8,41.6,70.3,0.1
Albania,ALB,2001,Eastern Europe,0.438,0.366,0.286,0.349,0.323,2188.9,75.1,17,42.4,72.5,0.3
Albania,ALB,2002,Eastern Europe,0.48,0.395,0.304,0.371,0.347,2297.1,75.3,16.1,43.2,74.5,0.4
Albania,ALB,2003,Eastern Europe,0.486,0.398,0.309,0.372,0.35,2428.7,75.6,15.2,44,77.8,1
Albania,ALB,2004,Eastern Europe,0.491,0.406,0.32,0.378,0.354,2567.3,76,14.4,45,79,2.4
Albania,ALB,2005,Eastern Europe,0.518,0.425,0.338,0.411,0.367,2712.9,76.4,13.5,46,83,6
Albania,ALB,2006,Eastern Europe,0.546,0.444,0.353,0.426,0.383,2894.4,77,12.7,47.1,84.3,9.6
Albania,ALB,2007,Eastern Europe,0.551,0.446,0.355,0.409,0.384,3105.9,77.7,11.9,48.2,86.2,15
Albania,ALB,2008,Eastern Europe,0.551,0.447,0.348,0.409,0.385,3346,78.2,11.1,49.4,87.8,23.9
Albania,ALB,2009,Eastern Europe,0.544,0.446,0.344,0.404,0.384,3459.2,78.5,10.3,50.6,89.3,41.2
Albania,ALB,2010,Eastern Europe,0.539,0.44,0.34,0.392,0.385,3579.8,78.4,9.6,51.9,93.7,45
Albania,ALB,2011,Eastern Europe,0.539,0.441,0.339,0.408,0.385,3677.9,78.3,9,53.3,95.5,47
Albania,ALB,2012,Eastern Europe,0.54,0.444,0.338,0.408,0.386,3771.8,78.1,8.5,53.9,97.6,49.4
Albania,ALB,2013,Eastern Europe,0.523,0.433,0.316,0.271,0.38,3895.9,78,8,54.3,102.9,51.8
Albania,ALB,2014,Eastern Europe,0.522,0.436,0.315,0.286,0.377,4045.1,78,7.8,54.7,103.3,54.3
Albania,ALB,2015,Eastern Europe,0.518,0.435,0.313,0.29,0.374,4199.5,78.4,7.6,55.2,102.4,56.9
Albania,ALB,2016,Eastern Europe,0.52,0.436,0.318,0.29,0.375,4431.6,78.6,7.6,55.6,99.2,59.6
Albania,ALB,2017,Eastern Europe,0.536,0.437,0.324,0.276,0.378,4648.2,78.9,7.7,56,97.6,62.4
Albania,ALB,2018,Eastern Europe,0.524,0.432,0.316,0.268,0.374,4893.8,79.2,7.8,56.4,98.8,65.4
Albania,ALB,2019,Eastern Europe,0.511,0.426,0.312,0.255,0.369,5072.4,79.5,8,56.8,99,68.6
Albania,ALB,2020,Eastern Europe,0.528,0.442,0.326,0.276,0.396,4980.6,77.8,8.1,57.1,95.9,72.2
Albania,ALB,2021,Eastern Europe,0.526,0.438,0.324,0.338,0.395,5511.8,76.8,8.3,57.5,97.7,79.3
Albania,ALB,2022,Eastern Europe,0.517,0.428,0.317,0.291,0.385,5867.7,78.8,8.3,57.9,97.3,82.6
Albania,ALB,2023,Eastern Europe,0.505,0.394,0.313,0.261,0.377,6204.4,79.6,8.3,58.2,96.1,83.1
Algeria,DZA,1990,Middle East,0.35,0.164,0.14,0.3,0.28,3605.7,67.7,39.8,52.1,60.6,0
Algeria,DZA,1991,Middle East,0.35,0.157,0.139,0.328,0.283,3478.5,67.7,39.5,52.9,59.8,NA
Algeria,DZA,1992,Middle East,0.188,0.081,0.088,0.251,0.211,3455.9,67.7,39.5,53.7,60.1,NA
Algeria,DZA,1993,Middle East,0.173,0.079,0.076,0.22,0.204,3302.9,67.8,39.4,54.5,60,NA
Algeria,DZA,1994,Middle East,0.179,0.101,0.076,0.221,0.204,3201.6,67.3,39.2,55.2,60.5,0
Algeria,DZA,1995,Middle East,0.186,0.113,0.086,0.224,0.208,3255.2,67.7,38.8,56,59.5,0
Algeria,DZA,1996,Middle East,0.332,0.157,0.128,0.287,0.269,3323,68.2,38.2,56.8,58.9,0
Algeria,DZA,1997,Middle East,0.319,0.153,0.125,0.282,0.263,3297.5,68.9,37.6,57.5,58.7,0
Algeria,DZA,1998,Middle East,0.312,0.15,0.122,0.28,0.259,3410.9,69.3,36.7,58.3,NA,0
Algeria,DZA,1999,Middle East,0.328,0.161,0.147,0.286,0.26,3471.5,70.1,35.8,59.1,64.7,0.2
Algeria,DZA,2000,Middle East,0.326,0.161,0.152,0.244,0.257,3553.3,70.6,34.8,59.9,64.6,0.5
Algeria,DZA,2001,Middle East,0.326,0.161,0.151,0.244,0.257,3610,71,33.7,60.6,68.8,0.6
Algeria,DZA,2002,Middle East,0.326,0.161,0.151,0.245,0.258,3754.7,71.6,32.5,61.4,72.6,1.6
Algeria,DZA,2003,Middle East,0.331,0.163,0.152,0.248,0.26,3945.9,71.9,31.3,62.1,75.4,2.2
Algeria,DZA,2004,Middle East,0.333,0.163,0.15,0.249,0.262,4066.3,72.5,30.1,62.9,79.6,4.6
Algeria,DZA,2005,Middle East,0.335,0.168,0.152,0.249,0.265,4223.6,72.8,29,63.7,81.9,5.8
Algeria,DZA,2006,Middle East,0.335,0.168,0.148,0.249,0.264,4279.6,73.1,27.9,64.4,83.5,7.4
Algeria,DZA,2007,Middle East,0.334,0.166,0.147,0.247,0.262,4339.3,73.3,26.9,65.2,73.5,9.5
Algeria,DZA,2008,Middle East,0.329,0.165,0.144,0.245,0.26,4367.6,73.6,25.9,65.9,80.2,10.2
Algeria,DZA,2009,Middle East,0.327,0.164,0.143,0.243,0.26,4336.1,73.9,25.1,66.5,96.4,11.2
Algeria,DZA,2010,Middle East,0.322,0.164,0.138,0.244,0.262,4456.6,74.1,24.4,67.1,100.7,12.5
Algeria,DZA,2011,Middle East,0.322,0.165,0.137,0.246,0.259,4501.4,74.4,23.8,67.7,103.2,14.9
Algeria,DZA,2012,Middle East,0.324,0.167,0.137,0.245,0.264,4518.4,74.6,23.2,68.3,NA,18.2
Algeria,DZA,2013,Middle East,0.327,0.171,0.123,0.235,0.266,4543.2,74.8,22.7,68.9,NA,22.5
Algeria,DZA,2014,Middle East,0.324,0.173,0.12,0.238,0.265,4634.1,75,22.3,69.5,NA,29.5
Algeria,DZA,2015,Middle East,0.331,0.175,0.119,0.239,0.271,4685.1,75.2,21.9,70.1,NA,38.2
Algeria,DZA,2016,Middle East,0.308,0.165,0.109,0.22,0.26,4768.7,75.3,21.6,70.7,NA,42.9
Algeria,DZA,2017,Middle East,0.309,0.16,0.104,0.231,0.265,4742.9,75.4,21.3,71.3,NA,47.7
Algeria,DZA,2018,Middle East,0.305,0.161,0.113,0.218,0.252,4717,75.6,21,71.9,NA,49
Algeria,DZA,2019,Middle East,0.293,0.153,0.103,0.197,0.254,4672.7,75.7,20.7,72.5,NA,55.8
Algeria,DZA,2020,Middle East,0.279,0.152,0.11,0.192,0.258,4363.7,73.3,20.4,73.1,NA,63.5
Algeria,DZA,2021,Middle East,0.282,0.139,0.105,0.186,0.262,4456.7,75.2,20.2,73.6,NA,72.2
Algeria,DZA,2022,Middle East,0.269,0.126,0.101,0.177,0.256,4544.5,76.1,20,74.2,104.6,74.8
Algeria,DZA,2023,Middle East,0.265,0.123,0.098,0.167,0.254,4660.4,76.3,19.7,74.7,101.3,76.2
Angola,AGO,1990,Africa,0.075,0.05,0.017,0.023,0.053,2675.1,41.9,118.1,37.9,9.6,0
Angola,AGO,1991,Africa,0.083,0.055,0.031,0.028,0.054,2612.3,43.8,118.5,39.2,10.2,NA
Angola,AGO,1992,Africa,0.146,0.076,0.059,0.052,0.067,2380.6,42.3,119,40.5,11.4,NA
Angola,AGO,1993,Africa,0.155,0.075,0.062,0.052,0.063,1752.7,42.2,119.3,41.8,NA,NA
Angola,AGO,1994,Africa,0.155,0.075,0.062,0.052,0.063,1719.5,43.6,119.5,43,NA,NA
Angola,AGO,1995,Africa,0.155,0.076,0.062,0.052,0.063,1912.5,46.1,119.4,44.2,NA,NA
Angola,AGO,1996,Africa,0.155,0.076,0.062,0.052,0.063,2099.4,46.4,118.7,45.5,NA,0
Angola,AGO,1997,Africa,0.155,0.076,0.062,0.052,0.063,2176.9,46.7,117.2,46.7,NA,0
Angola,AGO,1998,Africa,0.155,0.076,0.062,0.052,0.063,2204,45.5,114.8,48,11.9,0
Angola,AGO,1999,Africa,0.155,0.076,0.062,0.055,0.063,2179.1,45.8,111.9,49.3,11.8,0.1
Angola,AGO,2000,Africa,0.155,0.077,0.062,0.055,0.063,2172.5,46.5,108.3,50.5,13.4,0.1
Angola,AGO,2001,Africa,0.155,0.079,0.062,0.056,0.058,2189.2,47,103.8,51.7,15,0.1
Angola,AGO,2002,Africa,0.159,0.079,0.051,0.06,0.057,2405,47.9,98.4,52.9,16.1,0.3
Angola,AGO,2003,Africa,0.166,0.083,0.052,0.087,0.061,2403.4,50.2,92.5,54,NA,0.4
Angola,AGO,2004,Africa,0.165,0.085,0.052,0.087,0.061,2583.3,51.1,85.8,55,NA,0.5
Angola,AGO,2005,Africa,0.168,0.086,0.052,0.087,0.061,2843.4,52.1,78.9,56,NA,1.1
Angola,AGO,2006,Africa,0.168,0.086,0.052,0.087,0.061,3065.1,53,72.2,56.9,NA,1.5
Angola,AGO,2007,Africa,0.168,0.088,0.052,0.087,0.061,3336.4,54.2,66,57.8,NA,1.7
Angola,AGO,2008,Africa,0.181,0.092,0.054,0.083,0.064,3559.2,55.3,60.3,58.6,22.8,1.9
Angola,AGO,2009,Africa,0.209,0.1,0.059,0.093,0.072,3494.8,56.2,55.4,59.4,24.3,2.3
Angola,AGO,2010,Africa,0.211,0.098,0.06,0.092,0.073,3540.8,57.2,51.1,60.1,28.2,2.8
Angola,AGO,2011,Africa,0.295,0.121,0.08,0.115,0.094,3528.2,58.1,47.6,60.8,29.7,4.7
Angola,AGO,2012,Africa,0.294,0.121,0.083,0.115,0.094,3682.4,58.9,44.6,61.5,NA,7.7
Angola,AGO,2013,Africa,0.29,0.122,0.066,0.117,0.099,3716.3,59.7,42.2,62.1,NA,13
Angola,AGO,2014,Africa,0.29,0.122,0.066,0.117,0.099,3746.8,60.4,40.3,62.7,NA,21.4
Angola,AGO,2015,Africa,0.29,0.122,0.066,0.117,0.099,3641.7,61,38.8,63.5,NA,22
Angola,AGO,2016,Africa,0.29,0.123,0.067,0.12,0.099,3505.6,61.6,37.6,64.3,54.4,23.2
Angola,AGO,2017,Africa,0.307,0.139,0.072,0.124,0.111,3378.1,62.1,36.7,65.1,NA,26
Angola,AGO,2018,Africa,0.35,0.161,0.097,0.167,0.131,3246.9,62.6,36,65.9,NA,29
Angola,AGO,2019,Africa,0.347,0.162,0.096,0.185,0.135,3105.6,63.1,35.5,66.7,NA,32.1
Angola,AGO,2020,Africa,0.336,0.16,0.093,0.169,0.128,2847.2,63.1,34.9,67.5,NA,33.3
Angola,AGO,2021,Africa,0.325,0.151,0.081,0.149,0.121,2788.2,63,34.4,68.3,53.1,34.6
Angola,AGO,2022,Africa,0.326,0.153,0.1,0.15,0.125,2798,64.2,33.7,69.1,NA,35.8
Angola,AGO,2023,Africa,0.329,0.154,0.1,0.157,0.128,2749,64.6,33,69.9,51.5,37.9
Argentina,ARG,1990,Latin America,0.826,0.617,0.565,0.734,0.642,8115.1,71.6,24.8,86.9,73,0
Argentina,ARG,1991,Latin America,0.829,0.63,0.567,0.764,0.655,8729.8,72,24.5,87.2,74.1,NA
Argentina,ARG,1992,Latin America,0.829,0.631,0.567,0.772,0.654,9293.2,72.1,23.8,87.5,NA,0
Argentina,ARG,1993,Latin America,0.829,0.63,0.561,0.771,0.654,9920.7,72.3,23,87.7,NA,0
Argentina,ARG,1994,Latin America,0.834,0.633,0.576,0.775,0.658,10359.9,72.7,22,88,70.9,0
Argentina,ARG,1995,Latin America,0.833,0.641,0.575,0.773,0.657,9934.1,72.9,20.9,88.2,NA,0.1
Argentina,ARG,1996,Latin America,0.83,0.634,0.572,0.77,0.66,10352.1,73.1,19.9,88.4,78.5,0.1
Argentina,ARG,1997,Latin America,0.829,0.634,0.572,0.77,0.656,11056.7,73.4,18.9,88.6,74.5,0.3
Argentina,ARG,1998,Latin America,0.828,0.634,0.571,0.769,0.656,11348.2,73.4,18,88.8,80.7,0.8
Argentina,ARG,1999,Latin America,0.828,0.64,0.571,0.767,0.656,10838.3,73.7,17.3,89,92.3,3.3
Argentina,ARG,2000,Latin America,0.833,0.67,0.576,0.776,0.653,10631.7,73.9,16.7,89.2,96.2,7
Argentina,ARG,2001,Latin America,0.833,0.674,0.575,0.778,0.652,10051.9,74.2,16.2,89.4,97.6,9.8
Argentina,ARG,2002,Latin America,0.826,0.661,0.569,0.765,0.649,8861.6,74.3,15.8,89.6,97,10.9
Argentina,ARG,2003,Latin America,0.807,0.638,0.555,0.636,0.636,9545.5,74.3,15.3,89.8,96,11.9
Argentina,ARG,2004,Latin America,0.795,0.632,0.543,0.594,0.627,10302.4,74.9,14.9,89.9,95.5,16
Argentina,ARG,2005,Latin America,0.793,0.625,0.542,0.593,0.625,11099.8,75.2,14.4,90.1,93.6,17.7
Argentina,ARG,2006,Latin America,0.78,0.614,0.53,0.581,0.613,11870.3,75.3,14,90.3,92.4,20.9
Argentina,ARG,2007,Latin America,0.781,0.61,0.532,0.582,0.62,12811.9,74.8,13.6,90.5,92.2,25.9
Argentina,ARG,2008,Latin America,0.766,0.59,0.519,0.548,0.606,13197.4,75.4,13.2,90.7,93.2,28.1
Argentina,ARG,2009,Latin America,0.756,0.583,0.513,0.559,0.598,12285.4,75.6,12.8,90.8,96.4,34
Argentina,ARG,2010,Latin America,0.746,0.578,0.502,0.542,0.596,13387.2,75.7,12.4,91,99.1,45
Argentina,ARG,2011,Latin America,0.749,0.573,0.502,0.544,0.597,14040.6,76.1,11.9,91.1,100.9,51
Argentina,ARG,2012,Latin America,0.763,0.582,0.511,0.556,0.606,13754.4,75.8,11.4,91.2,102.7,55.8
Argentina,ARG,2013,Latin America,0.772,0.588,0.519,0.564,0.607,13946.1,75.8,10.9,91.3,104.5,59.9
Argentina,ARG,2014,Latin America,0.777,0.595,0.523,0.57,0.614,13456.1,76.3,10.4,91.4,106,64.7
Argentina,ARG,2015,Latin America,0.765,0.59,0.513,0.559,0.603,13679.6,76.6,10,91.5,107.5,68
Argentina,ARG,2016,Latin America,0.751,0.612,0.502,0.594,0.594,13265.9,76.1,9.7,91.6,109.6,71
Argentina,ARG,2017,Latin America,0.751,0.609,0.5,0.579,0.577,13520.1,76.5,9.4,91.7,110.4,74.3
Argentina,ARG,2018,Latin America,0.78,0.63,0.52,0.598,0.613,13058.3,76.8,9.1,91.8,109.7,77.7
Argentina,ARG,2019,Latin America,0.779,0.618,0.517,0.599,0.612,12706.4,76.8,8.9,91.9,110.5,79.9
Argentina,ARG,2020,Latin America,0.797,0.634,0.537,0.647,0.625,11393.1,75.9,8.7,91.9,112.4,85.5
Argentina,ARG,2021,Latin America,0.796,0.639,0.534,0.636,0.621,12549.3,73.9,8.5,92,115.7,87.2
Argentina,ARG,2022,Latin America,0.831,0.654,0.563,0.636,0.654,13276.8,75.8,8.4,92.1,114.1,88.4
Argentina,ARG,2023,Latin America,0.838,0.695,0.569,0.626,0.661,12993.1,77.4,8.2,92.2,105.6,89.2
Armenia,ARM,1990,Eastern Europe,0.565,0.327,0.223,0.388,0.497,1644,67.5,45.6,67.7,NA,0
Armenia,ARM,1991,Eastern Europe,0.608,0.348,0.266,0.413,0.528,1426.8,67.6,43.6,67.5,92.3,NA
Armenia,ARM,1992,Eastern Europe,0.611,0.338,0.285,0.427,0.515,840.2,67.7,41.6,67.3,90,NA
Armenia,ARM,1993,Eastern Europe,0.597,0.327,0.28,0.418,0.505,792.6,68,39.6,67,92,NA
Armenia,ARM,1994,Eastern Europe,0.584,0.318,0.264,0.409,0.503,857.4,68.3,37.7,66.7,91.7,0
Armenia,ARM,1995,Eastern Europe,0.489,0.273,0.236,0.35,0.421,932.4,68.6,35.9,66.4,NA,0.1
Armenia,ARM,1996,Eastern Europe,0.419,0.235,0.214,0.299,0.364,995.7,69,34.2,66.1,82.2,0.1
Armenia,ARM,1997,Eastern Europe,0.392,0.224,0.2,0.269,0.346,1039.1,69.4,32.5,65.7,80.2,0.1
Armenia,ARM,1998,Eastern Europe,0.404,0.214,0.205,0.265,0.351,1128.1,69.8,30.9,65.4,68.5,0.1
Armenia,ARM,1999,Eastern Europe,0.413,0.211,0.207,0.215,0.358,1180.5,70.2,29.3,65.2,71.1,1
Armenia,ARM,2000,Eastern Europe,0.416,0.21,0.206,0.198,0.333,1229.2,72.9,27.8,65,86.1,1.3
Armenia,ARM,2001,Eastern Europe,0.415,0.211,0.204,0.198,0.33,1351.1,73,26.3,64.8,86.8,1.6
Armenia,ARM,2002,Eastern Europe,0.405,0.205,0.199,0.198,0.323,1535.2,72.8,25,64.7,NA,2
Armenia,ARM,2003,Eastern Europe,0.349,0.186,0.18,0.174,0.292,1759.6,72.8,23.6,64.7,NA,4.6
Armenia,ARM,2004,Eastern Europe,0.34,0.181,0.177,0.171,0.284,1955.2,73,22.4,64.6,88.7,4.9
Armenia,ARM,2005,Eastern Europe,0.338,0.185,0.178,0.171,0.283,2240.1,73.1,21.2,64.5,92.1,5.3
Armenia,ARM,2006,Eastern Europe,0.338,0.185,0.178,0.171,0.283,2551.4,72.8,20.1,64.5,95.3,5.6
Armenia,ARM,2007,Eastern Europe,0.347,0.188,0.181,0.196,0.288,2919.4,72.9,19.1,64.4,96.8,6
Armenia,ARM,2008,Eastern Europe,0.317,0.172,0.169,0.207,0.272,3141.3,73.1,18.1,64.4,96.5,6.2
Armenia,ARM,2009,Eastern Europe,0.318,0.18,0.174,0.212,0.275,2717,73.1,17.2,64.4,103,15.3
Armenia,ARM,2010,Eastern Europe,0.331,0.188,0.183,0.218,0.281,2796.1,73.2,16.3,64.3,107.7,25
Armenia,ARM,2011,Eastern Europe,0.333,0.189,0.185,0.218,0.283,2943.8,73.8,15.5,64.3,94.9,32
Armenia,ARM,2012,Eastern Europe,0.353,0.201,0.192,0.232,0.294,3159.8,74.1,14.8,64.3,NA,37.5
Armenia,ARM,2013,Eastern Europe,0.349,0.206,0.185,0.22,0.284,3266.3,74.6,14.1,64.4,86.9,41.9
Armenia,ARM,2014,Eastern Europe,0.342,0.201,0.2,0.218,0.283,3393.1,74.9,13.4,64.4,86.5,54.6
Armenia,ARM,2015,Eastern Europe,0.346,0.203,0.19,0.224,0.282,3512.4,74.9,12.8,64.5,86.4,59.1
Armenia,ARM,2016,Eastern Europe,0.348,0.204,0.219,0.227,0.284,3533.9,74.9,12.2,64.6,NA,64.3
Armenia,ARM,2017,Eastern Europe,0.381,0.219,0.247,0.261,0.3,3815.4,75.2,11.7,64.7,NA,64.7
Armenia,ARM,2018,Eastern Europe,0.524,0.404,0.341,0.456,0.439,4027.8,75.6,11.2,64.9,83,68.2
Armenia,ARM,2019,Eastern Europe,0.796,0.62,0.557,0.682,0.677,4343.5,76.2,10.7,65,86.8,66.5
Armenia,ARM,2020,Eastern Europe,0.781,0.576,0.507,0.624,0.641,4032.1,73.4,10.2,65.2,88.5,76.5
Armenia,ARM,2021,Eastern Europe,0.724,0.532,0.456,0.592,0.603,4264.8,72.3,9.7,65.4,91.5,78.6
Armenia,ARM,2022,Eastern Europe,0.654,0.448,0.407,0.501,0.554,4791,74.8,9.3,65.6,91.7,77
Armenia,ARM,2023,Eastern Europe,0.631,0.421,0.334,0.454,0.509,5197.2,77.5,8.9,65.7,89.4,80
Australia,AUS,1990,The West,0.892,0.851,0.678,0.811,0.798,36975.4,77,7.6,85.4,NA,0.6
Australia,AUS,1991,The West,0.892,0.851,0.676,0.804,0.798,36366.7,77.3,7.1,85.4,NA,1.1
Australia,AUS,1992,The West,0.892,0.851,0.676,0.804,0.798,36117.5,77.4,6.7,85.4,NA,1.8
Australia,AUS,1993,The West,0.89,0.849,0.667,0.802,0.795,37246,77.9,6.3,85.4,NA,2
Australia,AUS,1994,The West,0.889,0.848,0.661,0.802,0.795,38356.8,77.9,6,85.3,NA,2.2
Australia,AUS,1995,The West,0.889,0.848,0.655,0.802,0.795,39407.6,77.8,5.7,85.3,NA,2.8
Australia,AUS,1996,The West,0.891,0.849,0.637,0.803,0.798,40437.1,78.1,5.6,85.2,NA,3.3
Australia,AUS,1997,The West,0.882,0.841,0.624,0.795,0.79,41569.2,78.5,5.4,85.2,NA,16.4
Australia,AUS,1998,The West,0.882,0.841,0.62,0.795,0.79,43081.7,78.6,5.3,85.2,NA,30.8
Australia,AUS,1999,The West,0.883,0.842,0.643,0.795,0.791,44755.7,78.9,5.2,85.1,NA,40.8
Australia,AUS,2000,The West,0.888,0.847,0.647,0.801,0.796,45979.1,79.2,5.1,85.1,NA,46.8
Australia,AUS,2001,The West,0.885,0.844,0.645,0.799,0.793,46314.6,79.6,5,85.1,NA,52.7
Australia,AUS,2002,The West,0.879,0.838,0.641,0.792,0.785,47599.4,79.9,4.9,85.3,NA,NA
Australia,AUS,2003,The West,0.879,0.838,0.641,0.792,0.785,48509.7,80.2,4.9,85.4,NA,NA
Australia,AUS,2004,The West,0.879,0.838,0.636,0.803,0.785,50018.6,80.5,4.8,85.5,NA,NA
Australia,AUS,2005,The West,0.878,0.838,0.631,0.802,0.783,50972.6,80.8,4.8,85.6,NA,63
Australia,AUS,2006,The West,0.878,0.838,0.627,0.802,0.783,51682.9,81,4.7,85.7,NA,66
Australia,AUS,2007,The West,0.88,0.839,0.627,0.816,0.785,52671.3,81.3,4.5,85.9,NA,69.4
Australia,AUS,2008,The West,0.889,0.849,0.64,0.823,0.796,53497.3,81.4,4.4,86,NA,71.7
Australia,AUS,2009,The West,0.889,0.849,0.636,0.823,0.796,53430.5,81.5,4.2,86.1,NA,74.2
Australia,AUS,2010,The West,0.896,0.856,0.639,0.826,0.8,53768.3,81.7,4,86.2,NA,76
Australia,AUS,2011,The West,0.896,0.857,0.636,0.828,0.801,54296.2,81.9,3.8,86.3,NA,79.5
Australia,AUS,2012,The West,0.896,0.858,0.636,0.828,0.801,55465.4,82,3.6,86.4,NA,79
Australia,AUS,2013,The West,0.862,0.821,0.599,0.789,0.757,55966.2,82.1,3.5,86.6,NA,83.5
Australia,AUS,2014,The West,0.855,0.815,0.594,0.781,0.751,56571.8,82.3,3.4,86.7,NA,84
Australia,AUS,2015,The West,0.865,0.825,0.603,0.794,0.756,56970.4,82.4,3.3,86.9,159.1,84.6
Australia,AUS,2016,The West,0.871,0.833,0.606,0.798,0.761,57633,82.4,3.2,87,155.6,86.5
Australia,AUS,2017,The West,0.871,0.828,0.636,0.797,0.761,57991.8,82.5,3.2,87.1,153.6,86.5
Australia,AUS,2018,The West,0.86,0.817,0.627,0.788,0.75,58772.7,82.7,3.2,87.2,136.1,90
Australia,AUS,2019,The West,0.825,0.779,0.589,0.748,0.713,59181.3,82.9,3.2,87.3,144.1,93.6
Australia,AUS,2020,The West,0.837,0.79,0.602,0.758,0.713,58377.8,83.2,3.2,87.3,137.5,94.7
Australia,AUS,2021,The West,0.828,0.779,0.595,0.747,0.702,59465.5,83.3,3.2,87.2,135.5,97
Australia,AUS,2022,The West,0.846,0.794,0.606,0.768,0.724,61200.5,83.2,3.2,87.3,133.3,96.1
Australia,AUS,2023,The West,0.851,0.802,0.636,0.774,0.728,61869.1,83.1,3.1,87.5,134.1,96.1
Austria,AUT,1990,The West,0.857,0.78,0.614,0.762,0.766,31167.2,75.6,8,64.1,NA,0.1
Austria,AUT,1991,The West,0.856,0.779,0.613,0.76,0.766,31919.6,75.6,7.5,64.6,NA,0.3
Austria,AUT,1992,The West,0.858,0.781,0.615,0.763,0.757,32231.1,75.8,7.1,64.9,NA,0.6
Austria,AUT,1993,The West,0.859,0.782,0.616,0.765,0.758,32134.8,76.1,6.6,65.3,NA,0.8
Austria,AUT,1994,The West,0.858,0.782,0.641,0.764,0.757,32780.3,76.4,6.1,65.6,NA,1.4
Austria,AUT,1995,The West,0.857,0.779,0.639,0.772,0.759,33603.4,76.7,5.7,65.9,NA,1.9
Austria,AUT,1996,The West,0.856,0.78,0.635,0.772,0.759,34301.7,76.9,5.3,66.1,NA,6.9
Austria,AUT,1997,The West,0.856,0.78,0.635,0.772,0.76,34998,77.3,5,66.3,NA,9.5
Austria,AUT,1998,The West,0.856,0.78,0.634,0.771,0.759,36180.7,77.7,4.8,66.5,NA,15.4
Austria,AUT,1999,The West,0.857,0.78,0.632,0.771,0.759,37468.9,77.9,4.7,66.7,NA,23
Austria,AUT,2000,The West,0.858,0.782,0.623,0.767,0.759,38571.1,78.1,4.6,66.8,NA,33.7
Austria,AUT,2001,The West,0.858,0.782,0.621,0.766,0.759,38929.8,78.6,4.5,66.8,98.9,39.2
Austria,AUT,2002,The West,0.858,0.782,0.619,0.766,0.759,39313.7,78.7,4.4,66.9,99,36.6
Austria,AUT,2003,The West,0.858,0.786,0.619,0.766,0.762,39569.3,78.6,4.3,66.9,99.4,42.7
Austria,AUT,2004,The West,0.858,0.785,0.616,0.766,0.762,40333.3,79.2,4.2,67,99.3,54.3
Austria,AUT,2005,The West,0.858,0.784,0.615,0.765,0.761,40989,79.3,4.1,67,100.2,58
Austria,AUT,2006,The West,0.861,0.788,0.622,0.766,0.765,42120.2,79.9,4,67,100.4,63.6
Austria,AUT,2007,The West,0.872,0.802,0.629,0.791,0.776,43568.8,80.2,3.9,67,100.1,69.4
Austria,AUT,2008,The West,0.872,0.802,0.628,0.8,0.777,44063.9,80.4,3.8,67,100.1,72.9
Austria,AUT,2009,The West,0.874,0.804,0.632,0.794,0.777,42372.5,80.3,3.7,67.1,100.6,73.4
Austria,AUT,2010,The West,0.872,0.803,0.628,0.795,0.776,43035.4,80.6,3.6,67.1,100.3,75.2
Austria,AUT,2011,The West,0.871,0.804,0.627,0.796,0.774,44146.2,81,3.5,67.1,99.7,78.7
Austria,AUT,2012,The West,0.872,0.803,0.624,0.801,0.774,44221.5,80.9,3.4,67.2,100.1,80
Austria,AUT,2013,The West,0.875,0.807,0.661,0.798,0.772,43851.4,81.1,3.3,67.3,101.2,80.6
Austria,AUT,2014,The West,0.873,0.805,0.659,0.794,0.768,43838.8,81.5,3.2,67.4,101.3,81
Austria,AUT,2015,The West,0.873,0.805,0.659,0.792,0.768,43915.2,81.2,3.1,67.6,101.4,83.9
Austria,AUT,2016,The West,0.848,0.78,0.639,0.771,0.746,44362.7,81.6,3,67.7,100.2,84.3
Austria,AUT,2017,The West,0.851,0.782,0.642,0.747,0.749,45056.6,81.6,3,67.9,100.3,87.9
Austria,AUT,2018,The West,0.851,0.776,0.638,0.711,0.753,45951.6,81.7,2.9,68.1,100.7,87.5
Austria,AUT,2019,The West,0.862,0.793,0.632,0.734,0.765,46550.6,81.9,2.9,68.3,101.5,87.8
Austria,AUT,2020,The West,0.858,0.786,0.631,0.743,0.767,43428.7,81.2,2.9,68.5,101.7,87.5
Austria,AUT,2021,The West,0.854,0.784,0.617,0.734,0.754,45368.6,81.2,2.8,68.8,102.3,92.5
Austria,AUT,2022,The West,0.841,0.762,0.6,0.718,0.739,47332.4,81.3,2.8,69,101.5,93.6
Austria,AUT,2023,The West,0.848,0.775,0.599,0.721,0.749,46497.9,81.8,2.8,69.2,100.5,95.3
Azerbaijan,AZE,1990,Eastern Europe,0.172,0.078,0.027,0.131,0.163,2866.4,62.8,75.1,53.7,NA,0
Azerbaijan,AZE,1991,Eastern Europe,0.186,0.095,0.049,0.149,0.167,2808.7,62.5,75.8,53.2,NA,NA
Azerbaijan,AZE,1992,Eastern Europe,0.367,0.206,0.083,0.223,0.28,2141.3,60.8,76.5,52.9,NA,NA
Azerbaijan,AZE,1993,Eastern Europe,0.306,0.137,0.08,0.14,0.218,1621.9,61.4,77.2,52.7,NA,NA
Azerbaijan,AZE,1994,Eastern Europe,0.249,0.086,0.056,0.111,0.164,1285,60.3,77.3,52.5,NA,0
Azerbaijan,AZE,1995,Eastern Europe,0.247,0.083,0.078,0.084,0.163,1120.3,61.9,76.6,52.3,NA,0
Azerbaijan,AZE,1996,Eastern Europe,0.235,0.083,0.075,0.082,0.159,1123.4,62.7,75,52.1,NA,0
Azerbaijan,AZE,1997,Eastern Europe,0.237,0.084,0.075,0.083,0.16,1177.2,63,72.4,51.9,NA,0
Azerbaijan,AZE,1998,Eastern Europe,0.244,0.083,0.077,0.085,0.16,1282.7,63.8,69.1,51.5,NA,0
Azerbaijan,AZE,1999,Eastern Europe,0.239,0.079,0.085,0.084,0.157,1365.6,64.7,65.3,51,NA,0.1
Azerbaijan,AZE,2000,Eastern Europe,0.245,0.081,0.085,0.079,0.155,1504.7,65.4,61.1,51.1,NA,0.1
Azerbaijan,AZE,2001,Eastern Europe,0.242,0.08,0.084,0.078,0.155,1640.9,66,56.8,51.2,NA,0.3
Azerbaijan,AZE,2002,Eastern Europe,0.241,0.079,0.086,0.061,0.154,1782.5,66.8,52.7,51.2,NA,5
Azerbaijan,AZE,2003,Eastern Europe,0.238,0.076,0.085,0.054,0.154,1949.6,67,48.9,51.7,NA,NA
Azerbaijan,AZE,2004,Eastern Europe,0.221,0.075,0.081,0.057,0.148,2111.5,67.5,45.4,52.3,NA,NA
Azerbaijan,AZE,2005,Eastern Europe,0.221,0.074,0.081,0.057,0.149,2674.4,67.7,42.2,52.5,NA,8
Azerbaijan,AZE,2006,Eastern Europe,0.219,0.072,0.08,0.057,0.148,3556.8,68.5,39.2,52.7,NA,12
Azerbaijan,AZE,2007,Eastern Europe,0.216,0.071,0.078,0.056,0.146,4412.2,68.7,36.6,52.8,NA,14.5
Azerbaijan,AZE,2008,Eastern Europe,0.212,0.07,0.076,0.055,0.145,4778.1,69.4,34.1,53.1,NA,17.1
Azerbaijan,AZE,2009,Eastern Europe,0.212,0.07,0.076,0.055,0.143,5118.4,69.9,31.8,53.1,NA,27.4
Azerbaijan,AZE,2010,Eastern Europe,0.213,0.069,0.074,0.054,0.144,5300.1,70.3,29.7,53.3,83.1,46
Azerbaijan,AZE,2011,Eastern Europe,0.209,0.068,0.074,0.057,0.143,5149.2,70.6,27.7,53.5,82.9,50
Azerbaijan,AZE,2012,Eastern Europe,0.206,0.067,0.072,0.052,0.141,5193.2,71.1,25.9,53.8,82.8,54.2
Azerbaijan,AZE,2013,Eastern Europe,0.202,0.067,0.071,0.061,0.145,5426,71.5,24.2,54.2,83.1,73
Azerbaijan,AZE,2014,Eastern Europe,0.195,0.064,0.058,0.062,0.143,5508.6,71.9,22.6,54.6,83.4,75
Azerbaijan,AZE,2015,Eastern Europe,0.193,0.063,0.056,0.062,0.142,5500.5,72.3,21.1,55.2,84.8,77
Azerbaijan,AZE,2016,Eastern Europe,0.199,0.062,0.066,0.045,0.129,5272.7,72.6,19.8,55.8,86.6,78.2
Azerbaijan,AZE,2017,Eastern Europe,0.202,0.067,0.068,0.063,0.13,5229.3,72.7,18.6,56.4,89.3,79
Azerbaijan,AZE,2018,Eastern Europe,0.192,0.058,0.057,0.052,0.124,5261.9,73,17.5,57.2,108.5,79.8
Azerbaijan,AZE,2019,Eastern Europe,0.195,0.063,0.06,0.043,0.123,5347,73.3,16.5,58.1,107.9,81.1
Azerbaijan,AZE,2020,Eastern Europe,0.194,0.064,0.059,0.039,0.123,5087.5,70.3,15.6,58.3,91.4,84.6
Azerbaijan,AZE,2021,Eastern Europe,0.193,0.066,0.057,0.048,0.122,5349.6,71,14.7,58.4,91.4,86
Azerbaijan,AZE,2022,Eastern Europe,0.185,0.062,0.054,0.046,0.109,5599.6,74.1,13.9,58.4,91,88
Azerbaijan,AZE,2023,Eastern Europe,0.185,0.062,0.051,0.05,0.118,5668.6,74.4,13.2,58.5,92.7,89
Bahrain,BHR,1990,Middle East,0.049,NA,0.011,0.022,0.102,18345.8,72.6,20,88.1,82.8,0
Bahrain,BHR,1991,Middle East,0.049,NA,0.011,0.028,0.102,20882.5,72.7,19.7,88.4,94.8,NA
Bahrain,BHR,1992,Middle East,0.049,NA,0.011,0.028,0.102,21701.2,72.8,19.1,88.4,94.1,NA
Bahrain,BHR,1993,Middle East,0.049,NA,0.011,0.028,0.102,23858.2,72.9,18.1,88.4,91.8,NA
Bahrain,BHR,1994,Middle East,0.049,NA,0.011,0.028,0.102,23180.3,73.1,16.9,88.3,90.9,NA
Bahrain,BHR,1995,Middle East,0.049,NA,0.011,0.028,0.102,23465.7,73.4,15.6,88.2,90.1,0.3
Bahrain,BHR,1996,Middle East,0.049,NA,0.011,0.028,0.102,23795.2,73.6,14.2,88.1,89.7,0.8
Bahrain,BHR,1997,Middle East,0.049,NA,0.011,0.028,0.102,23893.1,73.9,13,88,88.3,1.6
Bahrain,BHR,1998,Middle East,0.049,NA,0.011,0.028,0.102,24386.6,74.1,11.9,88,89.3,3.2
Bahrain,BHR,1999,Middle East,0.049,NA,0.013,0.047,0.104,24773.8,74.4,11.1,87.9,88.6,4.7
Bahrain,BHR,2000,Middle East,0.065,NA,0.015,0.048,0.112,25408,74.7,10.5,87.8,91.4,6.2
Bahrain,BHR,2001,Middle East,0.111,NA,0.061,0.151,0.12,25106.3,74.9,10,87.8,92.7,15
Bahrain,BHR,2002,Middle East,0.164,0.082,0.092,0.144,0.139,24149,75.2,9.7,88.1,85.7,18.1
Bahrain,BHR,2003,Middle East,0.211,0.092,0.102,0.144,0.151,23857.6,75.5,9.4,88.8,81.4,21.6
Bahrain,BHR,2004,Middle East,0.211,0.088,0.102,0.144,0.151,23688.1,75.8,9.1,89.9,80.5,21.5
Bahrain,BHR,2005,Middle East,0.219,0.09,0.107,0.147,0.154,23439.7,76.1,8.8,91.2,81.3,21.3
Bahrain,BHR,2006,Middle East,0.221,0.096,0.106,0.147,0.154,23095,76.5,8.5,92.7,83.6,28.2
Bahrain,BHR,2007,Middle East,0.22,0.091,0.104,0.141,0.153,23112.5,77,8.1,94.5,NA,32.9
Bahrain,BHR,2008,Middle East,0.22,0.091,0.103,0.141,0.153,23127.2,77.5,7.8,96.3,89,52
Bahrain,BHR,2009,Middle East,0.22,0.091,0.102,0.135,0.154,22206.9,78,7.4,98.3,90.1,53
Bahrain,BHR,2010,Middle East,0.216,0.088,0.1,0.128,0.152,22224.1,78.6,7.1,100,90.2,55
Bahrain,BHR,2011,Middle East,0.171,0.052,0.066,0.057,0.126,23288,79.1,6.8,100,93.3,77
Bahrain,BHR,2012,Middle East,0.162,0.049,0.054,0.055,0.124,23894.9,79.6,6.6,100,98.5,88
Bahrain,BHR,2013,Middle East,0.162,0.051,0.049,0.057,0.124,24271.6,80,6.5,100,107.6,90
Bahrain,BHR,2014,Middle East,0.16,0.052,0.047,0.049,0.124,24135.5,80.2,6.4,100,104.2,90.5
Bahrain,BHR,2015,Middle East,0.144,0.051,0.046,0.051,0.117,23734.1,80.3,6.3,100,100.3,93.5
Bahrain,BHR,2016,Middle East,0.139,0.051,0.045,0.047,0.118,23715.3,80.4,6.3,100,100.6,98
Bahrain,BHR,2017,Middle East,0.133,0.05,0.042,0.047,0.123,23606.9,80.4,6.3,100,100.9,95.9
Bahrain,BHR,2018,Middle East,0.13,0.052,0.041,0.041,0.119,24059.8,80.4,6.4,100,100.7,98.6
Bahrain,BHR,2019,Middle East,0.132,0.059,0.044,0.04,0.12,24873.7,80.5,6.5,100,102.1,99.7
Bahrain,BHR,2020,Middle East,0.132,0.062,0.043,0.059,0.12,23586.9,78.7,6.6,100,NA,99.7
Bahrain,BHR,2021,Middle East,0.134,0.063,0.043,0.06,0.122,24086.8,78.1,6.8,100,NA,100
Bahrain,BHR,2022,Middle East,0.135,0.064,0.053,0.06,0.121,25234.4,81,7,100,103.4,100
Bahrain,BHR,2023,Middle East,0.138,0.064,0.054,0.06,0.122,25342.6,81.3,7.2,100,104.4,100
Bangladesh,BGD,1990,Asia,0.302,0.162,0.137,0.118,0.146,473.4,55.8,96.3,19.9,19.9,0
Bangladesh,BGD,1991,Asia,0.483,0.253,0.213,0.203,0.203,480.7,53.8,92.6,20.3,NA,NA
Bangladesh,BGD,1992,Asia,0.513,0.272,0.225,0.219,0.215,497.4,56.6,89,20.6,NA,NA
Bangladesh,BGD,1993,Asia,0.513,0.269,0.224,0.219,0.213,511.2,57.1,85.2,21,NA,NA
Bangladesh,BGD,1994,Asia,0.513,0.269,0.224,0.219,0.213,521.3,57.6,81.5,21.3,NA,NA
Bangladesh,BGD,1995,Asia,0.513,0.269,0.236,0.219,0.213,537.9,58.2,77.9,21.7,NA,NA
Bangladesh,BGD,1996,Asia,0.506,0.271,0.231,0.199,0.209,552.1,58.9,74.2,22,NA,NA
Bangladesh,BGD,1997,Asia,0.512,0.275,0.237,0.201,0.213,566.3,59.7,70.6,22.3,NA,0
Bangladesh,BGD,1998,Asia,0.512,0.275,0.236,0.201,0.213,584.4,60.4,66.9,22.6,41.9,0
Bangladesh,BGD,1999,Asia,0.512,0.275,0.234,0.201,0.214,600.2,61.2,63.3,23,45.1,0
Bangladesh,BGD,2000,Asia,0.512,0.276,0.232,0.201,0.214,620.6,62,59.8,23.3,46.7,0.1
Bangladesh,BGD,2001,Asia,0.505,0.271,0.228,0.199,0.212,641.3,62.8,56.6,23.7,48.5,0.1
Bangladesh,BGD,2002,Asia,0.47,0.236,0.212,0.184,0.198,655.7,63.6,53.6,24.1,49.6,0.1
Bangladesh,BGD,2003,Asia,0.474,0.237,0.214,0.186,0.197,676.8,64.3,50.8,24.6,49.5,0.2
Bangladesh,BGD,2004,Asia,0.474,0.233,0.212,0.186,0.197,702.7,64.9,48.3,25,46.3,0.2
Bangladesh,BGD,2005,Asia,0.474,0.233,0.21,0.186,0.196,739.2,65.5,46,25.5,45.2,0.2
Bangladesh,BGD,2006,Asia,0.423,0.214,0.188,0.168,0.176,779.4,66,43.8,25.9,45.7,1
Bangladesh,BGD,2007,Asia,0.205,0.103,0.11,0.095,0.103,825.5,66.5,41.8,26.4,46.5,1.8
Bangladesh,BGD,2008,Asia,0.21,0.105,0.11,0.097,0.107,866.5,67,40,26.9,44.6,2.5
Bangladesh,BGD,2009,Asia,0.418,0.193,0.183,0.188,0.179,901.7,67.5,38.3,27.3,48.1,3.1
Bangladesh,BGD,2010,Asia,0.425,0.173,0.184,0.192,0.184,943.7,68,36.8,27.7,49.5,3.7
Bangladesh,BGD,2011,Asia,0.416,0.168,0.182,0.186,0.179,995.6,68.5,35.3,28.1,49.8,4.5
Bangladesh,BGD,2012,Asia,0.409,0.166,0.17,0.184,0.175,1050.4,69,33.9,28.5,51.7,5
Bangladesh,BGD,2013,Asia,0.376,0.144,0.152,0.171,0.162,1103.2,69.5,32.6,28.8,55.6,6.6
Bangladesh,BGD,2014,Asia,0.278,0.107,0.118,0.131,0.124,1159.4,70,31.2,29.2,NA,9.1
Bangladesh,BGD,2015,Asia,0.275,0.108,0.122,0.132,0.12,1224.4,70.5,29.8,29.5,59.4,12.4
Bangladesh,BGD,2016,Asia,0.269,0.106,0.12,0.14,0.118,1299.8,71.1,28.5,29.9,64.2,16.9
Bangladesh,BGD,2017,Asia,0.265,0.106,0.119,0.14,0.104,1373.8,71.6,27.3,30.2,62.3,21.5
Bangladesh,BGD,2018,Asia,0.252,0.097,0.108,0.105,0.095,1462.3,72.1,26.2,30.5,65.3,25.6
Bangladesh,BGD,2019,Asia,0.251,0.094,0.107,0.114,0.1,1564.2,72.6,25.4,30.8,65.1,30.4
Bangladesh,BGD,2020,Asia,0.255,0.094,0.107,0.105,0.095,1604.7,71.4,24.8,31.1,66.4,36.1
Bangladesh,BGD,2021,Asia,0.255,0.092,0.104,0.11,0.095,1702.1,71.1,24.5,31.4,66.8,38.9
Bangladesh,BGD,2022,Asia,0.261,0.091,0.109,0.115,0.099,1804.3,74.3,24.4,31.7,67,41.6
Bangladesh,BGD,2023,Asia,0.253,0.094,0.108,0.125,0.103,1885.4,74.7,24.4,32.2,66,44.5
Barbados,BRB,1990,Latin America,0.748,0.636,0.318,0.498,0.606,19965.2,73.5,16.2,63.6,88.8,0
Barbados,BRB,1991,Latin America,0.762,0.646,0.325,0.509,0.619,19128.1,73.5,15.5,63.5,NA,NA
Barbados,BRB,1992,Latin America,0.762,0.646,0.325,0.553,0.62,17977.3,73.6,14.8,63.5,NA,NA
Barbados,BRB,1993,Latin America,0.762,0.646,0.325,0.553,0.621,18067.1,73.7,14.3,63.4,NA,NA
Barbados,BRB,1994,Latin America,0.762,0.646,0.325,0.573,0.62,18388.6,73.8,13.8,63.3,NA,NA
Barbados,BRB,1995,Latin America,0.762,0.647,0.324,0.588,0.62,18728.9,73.9,13.4,63.2,NA,0
Barbados,BRB,1996,Latin America,0.762,0.647,0.324,0.588,0.62,19455.5,74.1,13.1,63.1,NA,0.4
Barbados,BRB,1997,Latin America,0.762,0.647,0.324,0.588,0.62,20369.3,74,12.9,63,NA,0.8
Barbados,BRB,1998,Latin America,0.762,0.647,0.324,0.588,0.62,21125.3,74.5,12.8,62.8,NA,2
Barbados,BRB,1999,Latin America,0.77,0.656,0.329,0.615,0.626,21189.4,74.6,12.9,62.7,109.7,2.4
Barbados,BRB,2000,Latin America,0.769,0.654,0.333,0.628,0.624,22170.1,74.6,13,62.5,107.6,4
Barbados,BRB,2001,Latin America,0.769,0.654,0.333,0.628,0.624,21615.8,74.7,13.1,62.3,108.3,11.9
Barbados,BRB,2002,Latin America,0.769,0.654,0.333,0.628,0.624,21643.9,74.8,13.3,62,107.8,27.8
Barbados,BRB,2003,Latin America,0.767,0.652,0.331,0.654,0.624,21979.3,74.9,13.4,61.6,107.2,39.7
Barbados,BRB,2004,Latin America,0.766,0.65,0.329,0.653,0.623,22162.6,75.2,13.5,61.1,108.1,49.8
Barbados,BRB,2005,Latin America,0.766,0.65,0.329,0.673,0.638,22918.5,75,13.5,60.6,108.8,52.5
Barbados,BRB,2006,Latin America,0.766,0.648,0.329,0.673,0.638,24193.1,75,13.4,60.2,107.9,55.3
Barbados,BRB,2007,Latin America,0.766,0.65,0.329,0.673,0.638,24579.1,75.3,13.2,59.8,109.7,58.2
Barbados,BRB,2008,Latin America,0.783,0.665,0.34,0.689,0.656,24605.5,75.3,13,59.5,110.9,61.4
Barbados,BRB,2009,Latin America,0.784,0.666,0.341,0.689,0.656,23250.8,75.5,12.9,59.3,110.3,64.7
Barbados,BRB,2010,Latin America,0.784,0.667,0.341,0.689,0.656,21285,75.5,12.7,59.2,107.7,65.1
Barbados,BRB,2011,Latin America,0.784,0.667,0.341,0.689,0.656,21200.2,75.6,12.5,59.2,107.3,66.5
Barbados,BRB,2012,Latin America,0.784,0.667,0.341,0.689,0.656,20534.9,75.7,12.4,59.2,NA,71.2
Barbados,BRB,2013,Latin America,0.781,0.664,0.339,0.686,0.653,20521.1,75.8,12.2,59.2,NA,71.8
Barbados,BRB,2014,Latin America,0.78,0.662,0.338,0.685,0.653,20636,75.9,12,59.2,108.2,71.9
Barbados,BRB,2015,Latin America,0.776,0.662,0.337,0.68,0.635,20429.5,76.1,11.7,59.2,108.2,72
Barbados,BRB,2016,Latin America,0.776,0.662,0.337,0.669,0.635,20673.8,76.2,11.5,59.3,108.3,71.6
Barbados,BRB,2017,Latin America,0.773,0.66,0.338,0.595,0.628,20766.6,76.2,11.2,59.3,109.8,71.1
Barbados,BRB,2018,Latin America,0.776,0.656,0.337,0.682,0.634,20674.4,76.4,10.9,59.3,108.2,70.7
Barbados,BRB,2019,Latin America,0.792,0.668,0.345,0.696,0.657,20687.6,76.5,10.6,59.3,106.1,70.3
Barbados,BRB,2020,Latin America,0.811,0.692,0.357,0.718,0.683,17057,76.6,10.2,59.3,104.3,69.9
Barbados,BRB,2021,Latin America,0.807,0.686,0.355,0.709,0.679,18395.6,76.6,9.9,59.3,103.6,69.5
Barbados,BRB,2022,Latin America,0.802,0.682,0.351,0.713,0.677,21315.9,75.7,9.6,59.4,104.2,69.1
Barbados,BRB,2023,Latin America,0.802,0.684,0.35,0.71,0.681,21701.3,76.2,9.4,59.4,102.5,69.7
Belarus,BLR,1990,Eastern Europe,0.457,0.343,0.235,0.258,0.386,2888.8,70.8,12.1,66.4,97.6,0
Belarus,BLR,1991,Eastern Europe,0.489,0.368,0.267,0.273,0.407,2852.8,70.4,12.1,67,93.5,NA
Belarus,BLR,1992,Eastern Europe,0.565,0.443,0.323,0.348,0.464,2573.3,70,12.2,67.3,92.7,NA
Belarus,BLR,1993,Eastern Europe,0.559,0.44,0.319,0.293,0.463,2372.5,69,12.3,67.5,91.5,NA
Belarus,BLR,1994,Eastern Europe,0.546,0.404,0.306,0.287,0.458,2097.4,68.8,12.4,67.8,91.3,0
Belarus,BLR,1995,Eastern Europe,0.501,0.358,0.293,0.217,0.421,1885.4,68.5,12.4,68,92.5,0
Belarus,BLR,1996,Eastern Europe,0.443,0.213,0.23,0.177,0.381,1944.7,68.5,12.2,68.3,93.9,0
Belarus,BLR,1997,Eastern Europe,0.369,0.139,0.149,0.13,0.333,2175.4,68.5,11.9,68.6,93.1,0
Belarus,BLR,1998,Eastern Europe,0.343,0.131,0.14,0.108,0.319,2368.8,68.4,11.4,69,84.6,0.1
Belarus,BLR,1999,Eastern Europe,0.332,0.114,0.118,0.104,0.313,2460.4,67.9,10.7,69.5,NA,0.5
Belarus,BLR,2000,Eastern Europe,0.296,0.107,0.106,0.095,0.298,2615.4,68.9,9.9,69.9,NA,1.9
Belarus,BLR,2001,Eastern Europe,0.247,0.102,0.091,0.076,0.274,2753,68.5,9.2,70.3,NA,4.3
Belarus,BLR,2002,Eastern Europe,0.243,0.1,0.089,0.078,0.273,2910.4,68.1,8.5,70.9,NA,9
Belarus,BLR,2003,Eastern Europe,0.241,0.098,0.088,0.077,0.272,3137.3,68.6,7.8,71.3,NA,NA
Belarus,BLR,2004,Eastern Europe,0.24,0.097,0.09,0.077,0.272,3520.4,69,7.2,71.8,NA,NA
Belarus,BLR,2005,Eastern Europe,0.233,0.095,0.088,0.075,0.269,3877.7,68.9,6.7,72,NA,NA
Belarus,BLR,2006,Eastern Europe,0.225,0.094,0.087,0.07,0.265,4291.7,69.4,6.1,72.6,NA,16.2
Belarus,BLR,2007,Eastern Europe,0.222,0.095,0.086,0.073,0.264,4682.2,70.2,5.6,73.1,NA,19.7
Belarus,BLR,2008,Eastern Europe,0.224,0.096,0.087,0.073,0.264,5177.6,70.5,5.1,73.6,115.7,23
Belarus,BLR,2009,Eastern Europe,0.227,0.097,0.086,0.074,0.265,5200.8,70.4,4.6,74.2,113.7,27.4
Belarus,BLR,2010,Eastern Europe,0.226,0.095,0.083,0.07,0.268,5616.1,70.4,4.2,74.6,111,31.8
Belarus,BLR,2011,Eastern Europe,0.216,0.093,0.081,0.068,0.265,5941.7,70.6,3.9,75.1,109,39.6
Belarus,BLR,2012,Eastern Europe,0.221,0.094,0.08,0.069,0.266,6052.6,72,3.7,75.5,107.7,46.9
Belarus,BLR,2013,Eastern Europe,0.242,0.099,0.084,0.084,0.276,6115.4,72.5,3.5,75.9,104.5,54.2
Belarus,BLR,2014,Eastern Europe,0.243,0.099,0.084,0.089,0.278,6212.9,73,3.3,76.3,103.5,59
Belarus,BLR,2015,Eastern Europe,0.247,0.1,0.09,0.093,0.281,5967.1,73.6,3.1,76.6,102.9,62.2
Belarus,BLR,2016,Eastern Europe,0.256,0.107,0.098,0.098,0.281,5811.2,73.8,2.9,76.8,103,71.1
Belarus,BLR,2017,Eastern Europe,0.254,0.107,0.101,0.097,0.282,5964.9,74.1,2.8,77,102.5,74.4
Belarus,BLR,2018,Eastern Europe,0.252,0.109,0.099,0.097,0.27,6165.9,74.2,2.6,77.2,101.6,79.1
Belarus,BLR,2019,Eastern Europe,0.259,0.11,0.098,0.099,0.275,6267.7,74.2,2.4,77.5,100.4,82.8
Belarus,BLR,2020,Eastern Europe,0.208,0.045,0.085,0.046,0.244,6252,72.1,2.2,77.8,100.6,85.1
Belarus,BLR,2021,Eastern Europe,0.172,0.035,0.06,0.037,0.221,6457.7,72.1,2.1,78.1,100.4,86.9
Belarus,BLR,2022,Eastern Europe,0.171,0.036,0.062,0.031,0.229,6206.6,74.1,2,78.5,99.1,89.5
Belarus,BLR,2023,Eastern Europe,0.157,0.035,0.056,0.025,0.221,6497.8,74.2,1.9,78.8,97.4,91.5
Belgium,BEL,1990,The West,0.869,0.797,0.615,0.777,0.804,29609.6,76.1,8.3,78.6,NA,0
Belgium,BEL,1991,The West,0.87,0.798,0.616,0.778,0.806,30040.6,76.2,8,78.9,NA,0
Belgium,BEL,1992,The West,0.879,0.808,0.625,0.788,0.819,30376.9,76.4,7.7,79.3,NA,0.1
Belgium,BEL,1993,The West,0.879,0.808,0.625,0.788,0.819,29967.4,76.3,7.3,79.6,NA,0.2
Belgium,BEL,1994,The West,0.879,0.808,0.629,0.789,0.819,30839.2,76.7,6.8,80,NA,0.7
Belgium,BEL,1995,The West,0.882,0.812,0.633,0.793,0.821,31508.6,76.8,6.4,80.3,NA,1
Belgium,BEL,1996,The West,0.882,0.812,0.634,0.796,0.822,31862.7,77.2,5.9,80.7,NA,3
Belgium,BEL,1997,The West,0.882,0.812,0.634,0.796,0.822,32991.5,77.4,5.6,81,NA,4.9
Belgium,BEL,1998,The West,0.882,0.813,0.634,0.796,0.822,33567,77.5,5.3,81.4,NA,7.9
Belgium,BEL,1999,The West,0.883,0.816,0.635,0.794,0.822,34676.6,77.6,5,81.7,NA,13.8
Belgium,BEL,2000,The West,0.885,0.819,0.637,0.798,0.824,35878.3,77.7,4.8,82,NA,29.4
Belgium,BEL,2001,The West,0.885,0.819,0.637,0.798,0.824,36148.3,78,4.7,82.3,155.9,31.3
Belgium,BEL,2002,The West,0.885,0.819,0.637,0.798,0.824,36600.9,78.1,4.5,82.7,157.6,46.3
Belgium,BEL,2003,The West,0.886,0.819,0.638,0.798,0.825,36826.3,78.1,4.4,83,158.9,50
Belgium,BEL,2004,The West,0.864,0.795,0.619,0.774,0.803,37976.7,78.9,4.2,83.3,151.6,53.9
Belgium,BEL,2005,The West,0.884,0.816,0.635,0.795,0.823,38645.3,79,4.1,83.6,157.3,55.8
Belgium,BEL,2006,The West,0.885,0.818,0.636,0.795,0.822,39371.1,79.4,4,83.9,158.7,62
Belgium,BEL,2007,The West,0.891,0.828,0.643,0.804,0.831,40520.1,79.8,3.9,84.1,159.4,66.8
Belgium,BEL,2008,The West,0.899,0.832,0.649,0.81,0.84,40380.9,79.7,3.8,84.4,160.5,68.9
Belgium,BEL,2009,The West,0.899,0.834,0.649,0.811,0.84,39293.6,80,3.8,84.7,159.7,74.5
Belgium,BEL,2010,The West,0.9,0.834,0.649,0.813,0.841,39991.6,80.2,3.7,85,160.7,77.6
Belgium,BEL,2011,The West,0.9,0.835,0.65,0.813,0.841,40237,80.6,3.6,85.2,159.3,81.6
Belgium,BEL,2012,The West,0.9,0.835,0.65,0.815,0.841,40074.5,80.4,3.5,85.5,160.1,80.7
Belgium,BEL,2013,The West,0.902,0.839,0.651,0.82,0.835,40007.9,80.6,3.5,85.7,161.8,82.2
Belgium,BEL,2014,The West,0.902,0.838,0.65,0.81,0.835,40533.9,81.3,3.4,86,162.4,85
Belgium,BEL,2015,The West,0.901,0.837,0.65,0.811,0.835,40893.8,81,3.4,86.2,164.1,85.1
Belgium,BEL,2016,The West,0.901,0.837,0.647,0.811,0.835,41172.9,81.4,3.4,86.5,160.7,86.5
Belgium,BEL,2017,The West,0.9,0.836,0.645,0.807,0.834,41619.3,81.5,3.3,86.7,158.7,87.7
Belgium,BEL,2018,The West,0.9,0.836,0.645,0.807,0.833,42208.4,81.6,3.3,86.9,156.5,88.6
Belgium,BEL,2019,The West,0.901,0.837,0.645,0.81,0.835,43006.4,82,3.3,87.1,156.6,90.3
Belgium,BEL,2020,The West,0.897,0.826,0.64,0.821,0.828,40769,80.7,3.2,87.3,151.7,91.5
Belgium,BEL,2021,The West,0.897,0.827,0.64,0.819,0.828,43141,81.8,3.2,87.4,143.2,92.8
Belgium,BEL,2022,The West,0.895,0.833,0.638,0.809,0.828,44516,81.7,3.2,87.5,142.9,94
Belgium,BEL,2023,The West,0.895,0.812,0.638,0.809,0.828,44828.2,82.4,3.2,87.6,143,94.6
Benin,BEN,1990,Africa,0.221,0.162,0.136,0.293,0.232,749.5,53,98.1,34.8,NA,0
Benin,BEN,1991,Africa,0.462,0.361,0.228,0.439,0.358,757.4,53.4,96.1,35.3,NA,NA
Benin,BEN,1992,Africa,0.598,0.491,0.292,0.536,0.442,756.1,54.1,94.1,35.8,NA,NA
Benin,BEN,1993,Africa,0.598,0.491,0.292,0.536,0.442,765.5,54.6,92.1,36.2,NA,NA
Benin,BEN,1994,Africa,0.598,0.491,0.292,0.536,0.442,752.3,55,90.2,36.5,NA,NA
Benin,BEN,1995,Africa,0.624,0.512,0.304,0.56,0.459,781.1,55.4,88.4,36.8,NA,NA
Benin,BEN,1996,Africa,0.617,0.507,0.3,0.553,0.456,793.8,55.6,86.7,37.1,NA,0
Benin,BEN,1997,Africa,0.618,0.5,0.293,0.554,0.456,814.9,56,85,37.4,NA,0
Benin,BEN,1998,Africa,0.618,0.5,0.291,0.554,0.456,821.5,56.2,83.3,37.7,NA,0
Benin,BEN,1999,Africa,0.613,0.497,0.334,0.552,0.451,839,56.3,81.5,38,19.3,0.2
Benin,BEN,2000,Africa,0.611,0.501,0.331,0.553,0.452,861.2,56.6,79.7,38.3,20,0.2
Benin,BEN,2001,Africa,0.609,0.499,0.326,0.55,0.449,879.9,56.7,77.8,38.6,21.7,0.4
Benin,BEN,2002,Africa,0.61,0.502,0.32,0.553,0.448,893.1,56.9,76,39,23.6,0.7
Benin,BEN,2003,Africa,0.603,0.494,0.401,0.545,0.442,896.1,57.1,74.3,39.4,24.9,1
Benin,BEN,2004,Africa,0.601,0.492,0.398,0.543,0.44,907.6,57.3,72.6,39.9,26.7,1.2
Benin,BEN,2005,Africa,0.622,0.508,0.408,0.556,0.483,893.9,57.7,71,40.3,NA,1.3
Benin,BEN,2006,Africa,0.659,0.535,0.43,0.594,0.516,900.6,58,69.4,40.8,NA,1.5
Benin,BEN,2007,Africa,0.645,0.524,0.414,0.587,0.504,926.7,58.2,67.9,41.3,NA,1.8
Benin,BEN,2008,Africa,0.635,0.515,0.406,0.571,0.494,943.2,58.1,66.5,41.8,NA,1.9
Benin,BEN,2009,Africa,0.633,0.513,0.405,0.571,0.494,936.6,58.3,65.1,42.3,NA,2.2
Benin,BEN,2010,Africa,0.635,0.516,0.409,0.571,0.499,928.2,58.4,63.8,42.9,NA,3.1
Benin,BEN,2011,Africa,0.599,0.486,0.386,0.538,0.471,927.7,58.5,62.4,43.5,45.7,4.1
Benin,BEN,2012,Africa,0.596,0.483,0.383,0.535,0.47,943.9,58.6,61.1,44,NA,4.5
Benin,BEN,2013,Africa,0.603,0.482,0.384,0.52,0.467,982.4,58.9,59.8,44.7,52,4.9
Benin,BEN,2014,Africa,0.606,0.485,0.387,0.519,0.471,1014.4,59,58.4,45.3,52.6,6
Benin,BEN,2015,Africa,0.652,0.523,0.43,0.562,0.497,1002.4,59.1,57,45.9,55.1,11.3
Benin,BEN,2016,Africa,0.712,0.579,0.481,0.632,0.555,1006,59.3,55.8,46.6,55.3,14.5
Benin,BEN,2017,Africa,0.713,0.593,0.475,0.58,0.538,1032.9,59.5,54.4,47.3,NA,18.7
Benin,BEN,2018,Africa,0.606,0.472,0.393,0.428,0.459,1071.5,59.7,53.1,48,NA,19
Benin,BEN,2019,Africa,0.452,0.335,0.277,0.312,0.361,1114.2,59.9,51.8,48.7,NA,20.5
Benin,BEN,2020,Africa,0.408,0.284,0.245,0.276,0.329,1126.7,60.2,50.4,49.4,44,22.1
Benin,BEN,2021,Africa,0.39,0.271,0.237,0.265,0.321,1176.4,59.6,49.1,50.2,44.3,28.2
Benin,BEN,2022,Africa,0.423,0.285,0.25,0.256,0.337,1218.5,60.5,47.8,51,43.6,30.5
Benin,BEN,2023,Africa,0.487,0.313,0.277,0.29,0.382,1263.6,60.8,46.5,51.7,NA,32.4
Bhutan,BTN,1990,Asia,0.059,0.128,0.054,0.138,0.151,812.7,55.8,95.4,20.2,NA,0
Bhutan,BTN,1991,Asia,0.059,0.128,0.104,0.138,0.151,795.2,56.5,91.6,21,NA,NA
Bhutan,BTN,1992,Asia,0.063,0.129,0.105,0.139,0.156,863.5,57.2,87.9,21.7,NA,NA
Bhutan,BTN,1993,Asia,0.065,0.131,0.105,0.139,0.155,917.3,57.9,84.4,22.5,NA,NA
Bhutan,BTN,1994,Asia,0.064,0.131,0.105,0.139,0.159,963,58.4,80.7,23.3,NA,NA
Bhutan,BTN,1995,Asia,0.064,0.131,0.105,0.139,0.159,1043.4,59.3,77.1,24,NA,NA
Bhutan,BTN,1996,Asia,0.064,0.131,0.105,0.139,0.162,1099.9,60,73.4,24.7,NA,NA
Bhutan,BTN,1997,Asia,0.064,0.131,0.105,0.139,0.163,1138.4,60.6,69.9,25.5,NA,NA
Bhutan,BTN,1998,Asia,0.064,0.141,0.104,0.163,0.17,1183,61.3,66.3,26.2,23.8,NA
Bhutan,BTN,1999,Asia,0.088,0.148,0.11,0.172,0.177,1248.6,62,62.8,26.9,27.1,0.1
Bhutan,BTN,2000,Asia,0.091,0.15,0.124,0.189,0.186,1259.6,61.8,59.4,27.6,30.5,0.4
Bhutan,BTN,2001,Asia,0.093,0.152,0.125,0.195,0.189,1321.1,63.3,56,28.3,33.9,0.9
Bhutan,BTN,2002,Asia,0.095,0.159,0.125,0.196,0.195,1427.3,64,52.8,29,NA,1.7
Bhutan,BTN,2003,Asia,0.096,0.158,0.132,0.196,0.196,1506.4,64.7,49.7,29.6,NA,2.4
Bhutan,BTN,2004,Asia,0.098,0.158,0.133,0.196,0.197,1552.7,65.3,46.6,30.3,NA,3.2
Bhutan,BTN,2005,Asia,0.099,0.158,0.133,0.197,0.199,1632,65.9,43.7,30.9,43.9,3.8
Bhutan,BTN,2006,Asia,0.107,0.162,0.134,0.198,0.202,1701.1,66.5,40.9,31.6,46.4,4.5
Bhutan,BTN,2007,Asia,0.133,0.169,0.143,0.211,0.211,1952.3,67.2,38.3,32.2,50.2,5.9
Bhutan,BTN,2008,Asia,0.491,0.431,0.308,0.434,0.415,2017.8,67.7,35.8,32.8,53.5,6.6
Bhutan,BTN,2009,Asia,0.587,0.498,0.355,0.489,0.474,2148.6,68.2,33.6,33.3,58.6,7.2
Bhutan,BTN,2010,Asia,0.601,0.507,0.364,0.503,0.487,2378.7,68.8,31.5,33.9,62.9,13.6
Bhutan,BTN,2011,Asia,0.601,0.508,0.371,0.501,0.487,2552.5,69.3,29.5,34.5,67,14.4
Bhutan,BTN,2012,Asia,0.597,0.507,0.368,0.5,0.483,2654.7,69.8,27.7,35,72.1,15.6
Bhutan,BTN,2013,Asia,0.573,0.482,0.356,0.483,0.472,2671.1,70.2,26,35.6,76.7,22.4
Bhutan,BTN,2014,Asia,0.564,0.475,0.352,0.474,0.466,2797.8,70.5,24.4,36.1,84.1,30.3
Bhutan,BTN,2015,Asia,0.568,0.479,0.354,0.474,0.47,2954,70.8,22.9,36.7,85.2,39.8
Bhutan,BTN,2016,Asia,0.558,0.471,0.353,0.466,0.473,3173.4,71.1,21.6,37.3,85.7,46.5
Bhutan,BTN,2017,Asia,0.571,0.48,0.361,0.489,0.479,3211.8,71.4,20.3,37.9,86.6,54.3
Bhutan,BTN,2018,Asia,0.579,0.489,0.365,0.51,0.486,3300.6,71.7,19.1,38.5,87.6,63.5
Bhutan,BTN,2019,Asia,0.598,0.517,0.377,0.539,0.504,3467.4,72,17.9,39.1,90.6,74.2
Bhutan,BTN,2020,Asia,0.598,0.515,0.378,0.525,0.51,3092.1,72.3,16.9,39.7,89.8,76.9
Bhutan,BTN,2021,Asia,0.574,0.482,0.367,0.515,0.485,3206.2,72.4,15.9,40.3,92.5,85.6
Bhutan,BTN,2022,Asia,0.558,0.466,0.352,0.503,0.476,3349.7,72.8,15.1,40.9,90,88.4
Bhutan,BTN,2023,Asia,0.532,0.447,0.338,0.488,0.458,3480.5,73,14.3,41.7,86.9,90
Bolivia,BOL,1990,Latin America,0.651,0.431,0.336,0.495,0.401,1679.4,56.8,89,55.9,NA,0
Bolivia,BOL,1991,Latin America,0.686,0.456,0.359,0.521,0.423,1731.4,57.4,85.9,56.8,NA,NA
Bolivia,BOL,1992,Latin America,0.697,0.462,0.364,0.53,0.428,1724.4,57.9,82.8,57.6,NA,NA
Bolivia,BOL,1993,Latin America,0.705,0.469,0.373,0.588,0.436,1762.7,58.7,79.7,58.2,NA,NA
Bolivia,BOL,1994,Latin America,0.718,0.481,0.411,0.62,0.459,1809.6,59.3,76.7,58.8,NA,NA
Bolivia,BOL,1995,Latin America,0.73,0.492,0.434,0.629,0.477,1858.8,59.8,73.6,59.4,NA,0.1
Bolivia,BOL,1996,Latin America,0.73,0.492,0.434,0.629,0.477,1904.3,60.3,70.4,59.9,NA,0.2
Bolivia,BOL,1997,Latin America,0.735,0.518,0.435,0.634,0.48,1962.9,60.7,67.1,60.4,NA,0.4
Bolivia,BOL,1998,Latin America,0.735,0.518,0.436,0.587,0.48,2025.5,61.2,63.8,60.9,69.7,0.6
Bolivia,BOL,1999,Latin America,0.743,0.523,0.441,0.595,0.479,1998.9,61.7,60.5,61.4,75.3,1
Bolivia,BOL,2000,Latin America,0.743,0.527,0.452,0.576,0.495,2014.2,62.1,57.2,61.9,72.8,1.4
Bolivia,BOL,2001,Latin America,0.737,0.52,0.445,0.571,0.496,2013.8,62.5,54,62.3,75.8,2.1
Bolivia,BOL,2002,Latin America,0.719,0.51,0.438,0.583,0.468,2029.7,63.1,50.9,62.8,80.6,3.1
Bolivia,BOL,2003,Latin America,0.719,0.515,0.442,0.599,0.464,2050.1,63.5,48,63.3,83.5,3.5
Bolivia,BOL,2004,Latin America,0.753,0.541,0.519,0.66,0.489,2100,63.8,45.2,63.8,86.4,4.4
Bolivia,BOL,2005,Latin America,0.746,0.534,0.525,0.625,0.462,2156.2,64.2,42.6,64.2,87.4,5.2
Bolivia,BOL,2006,Latin America,0.724,0.462,0.562,0.564,0.488,2221.4,64.5,40.1,64.7,86.6,6.2
Bolivia,BOL,2007,Latin America,0.719,0.458,0.562,0.56,0.486,2283.4,64.9,37.7,65.1,86,10.5
Bolivia,BOL,2008,Latin America,0.719,0.453,0.561,0.563,0.485,2383.3,65.3,35.5,65.5,85.4,12.5
Bolivia,BOL,2009,Latin America,0.714,0.435,0.578,0.553,0.492,2422.6,65.7,33.4,66,83.8,16.8
Bolivia,BOL,2010,Latin America,0.68,0.4,0.555,0.522,0.47,2481.4,66,31.5,66.4,87.8,22.4
Bolivia,BOL,2011,Latin America,0.677,0.398,0.548,0.517,0.468,2568.5,66.3,29.7,66.8,85.3,30
Bolivia,BOL,2012,Latin America,0.67,0.391,0.536,0.514,0.456,2657.2,66.6,28,67.3,87,35.3
Bolivia,BOL,2013,Latin America,0.658,0.396,0.52,0.499,0.449,2793.5,66.8,26.4,67.7,88.8,37
Bolivia,BOL,2014,Latin America,0.647,0.391,0.503,0.488,0.442,2900.9,67,24.9,68,89.5,34.6
Bolivia,BOL,2015,Latin America,0.609,0.368,0.463,0.45,0.416,2996,67.2,23.5,68.4,90.6,37.5
Bolivia,BOL,2016,Latin America,0.62,0.375,0.462,0.444,0.414,3077.6,67.4,22.1,68.7,90.6,39.7
Bolivia,BOL,2017,Latin America,0.609,0.36,0.454,0.425,0.408,3160.2,67.5,20.8,69.1,89.4,43.8
Bolivia,BOL,2018,Latin America,0.593,0.341,0.44,0.412,0.399,3204.5,67.7,19.6,69.4,88.7,44.3
Bolivia,BOL,2019,Latin America,0.456,0.241,0.341,0.309,0.294,3207.4,67.8,18.4,69.7,88.8,47.5
Bolivia,BOL,2020,Latin America,0.275,0.209,0.243,0.185,0.199,2765.1,62.9,17.4,70,88.9,59.9
Bolivia,BOL,2021,Latin America,0.608,0.362,0.429,0.412,0.399,3011.6,61.4,16.4,70.3,90.4,66
Bolivia,BOL,2022,Latin America,0.587,0.338,0.412,0.368,0.388,3088.2,67.4,15.6,70.6,90.4,72.6
Bolivia,BOL,2023,Latin America,0.586,0.344,0.401,0.353,0.386,3122.8,68.6,14.9,70.9,91.4,77.3
Bosnia and Herzegovina,BIH,1992,Eastern Europe,0.249,0.093,0.115,0.082,0.166,705.2,52,32.4,40,NA,NA
Bosnia and Herzegovina,BIH,1993,Eastern Europe,0.249,0.093,0.105,0.082,0.166,748.2,50.9,32.4,40.3,NA,NA
Bosnia and Herzegovina,BIH,1994,Eastern Europe,0.187,0.066,0.089,0.068,0.147,871.4,66.6,12.3,40.6,NA,NA
Bosnia and Herzegovina,BIH,1995,Eastern Europe,0.187,0.069,0.122,0.102,0.147,1013.2,70.2,14.3,40.9,NA,NA
Bosnia and Herzegovina,BIH,1996,Eastern Europe,0.268,0.141,0.178,0.211,0.227,1498,73.5,10.9,41.3,NA,0
Bosnia and Herzegovina,BIH,1997,Eastern Europe,0.584,0.34,0.323,0.404,0.396,1974.1,73.9,10.2,41.6,NA,0.1
Bosnia and Herzegovina,BIH,1998,Eastern Europe,0.6,0.35,0.338,0.376,0.395,2262,74.5,9.6,41.9,NA,0.1
Bosnia and Herzegovina,BIH,1999,Eastern Europe,0.621,0.361,0.348,0.389,0.409,2452.9,74.9,8.9,42.2,NA,0.2
Bosnia and Herzegovina,BIH,2000,Eastern Europe,0.635,0.394,0.366,0.432,0.433,2567.3,75.3,8.3,42.6,NA,1.1
Bosnia and Herzegovina,BIH,2001,Eastern Europe,0.654,0.424,0.377,0.459,0.433,2617.2,75.6,7.8,42.9,NA,1.2
Bosnia and Herzegovina,BIH,2002,Eastern Europe,0.654,0.418,0.378,0.441,0.43,2743.1,76,7.3,43.2,NA,2.6
Bosnia and Herzegovina,BIH,2003,Eastern Europe,0.661,0.426,0.381,0.443,0.445,2855.7,76.4,6.9,43.5,NA,4
Bosnia and Herzegovina,BIH,2004,Eastern Europe,0.647,0.416,0.366,0.436,0.437,3063.8,76.5,6.6,43.8,NA,15.5
Bosnia and Herzegovina,BIH,2005,Eastern Europe,0.647,0.425,0.366,0.436,0.437,3217.8,76.4,6.4,44.2,NA,21.3
Bosnia and Herzegovina,BIH,2006,Eastern Europe,0.626,0.409,0.354,0.418,0.424,3419.8,76,6.3,44.5,NA,25.1
Bosnia and Herzegovina,BIH,2007,Eastern Europe,0.566,0.369,0.319,0.39,0.385,3665.1,76.2,6.2,44.8,81,27.9
Bosnia and Herzegovina,BIH,2008,Eastern Europe,0.562,0.367,0.318,0.389,0.386,3929,76.3,6.1,45.1,85.2,34.7
Bosnia and Herzegovina,BIH,2009,Eastern Europe,0.56,0.366,0.319,0.394,0.389,3877.5,76.7,6,45.4,87,37.7
Bosnia and Herzegovina,BIH,2010,Eastern Europe,0.566,0.37,0.326,0.409,0.401,3981.2,76.8,6,45.7,85.5,42.8
Bosnia and Herzegovina,BIH,2011,Eastern Europe,0.564,0.37,0.327,0.41,0.4,4094.3,77,5.9,46.1,87.7,43.9
Bosnia and Herzegovina,BIH,2012,Eastern Europe,0.566,0.37,0.326,0.409,0.398,4139.9,77,5.9,46.4,90.8,45.1
Bosnia and Herzegovina,BIH,2013,Eastern Europe,0.56,0.369,0.326,0.405,0.395,4306.7,77.1,5.9,46.7,92.3,48.5
Bosnia and Herzegovina,BIH,2014,Eastern Europe,0.557,0.37,0.325,0.401,0.396,4412.7,77.1,5.9,47.1,90.3,49.9
Bosnia and Herzegovina,BIH,2015,Eastern Europe,0.547,0.363,0.32,0.345,0.388,4662.3,77.1,5.9,47.6,85.7,52.6
Bosnia and Herzegovina,BIH,2016,Eastern Europe,0.547,0.358,0.323,0.366,0.383,4876.5,77.1,5.9,48,83.2,60.3
Bosnia and Herzegovina,BIH,2017,Eastern Europe,0.541,0.355,0.314,0.366,0.386,5099.8,77.4,6,48.5,83.7,64.9
Bosnia and Herzegovina,BIH,2018,Eastern Europe,0.513,0.34,0.297,0.341,0.368,5360.3,77.9,6,49,85.6,70.1
Bosnia and Herzegovina,BIH,2019,Eastern Europe,0.515,0.338,0.301,0.365,0.363,5583.3,77.4,5.9,49.5,85.5,69.9
Bosnia and Herzegovina,BIH,2020,Eastern Europe,0.517,0.335,0.309,0.326,0.367,5490.8,76,5.8,50,85.6,73.2
Bosnia and Herzegovina,BIH,2021,Eastern Europe,0.508,0.328,0.303,0.323,0.367,5995.5,74.6,5.7,50.5,85.7,75.7
Bosnia and Herzegovina,BIH,2022,Eastern Europe,0.521,0.344,0.308,0.336,0.366,6327.2,76.8,5.5,51,87,78.8
Bosnia and Herzegovina,BIH,2023,Eastern Europe,0.502,0.336,0.299,0.347,0.355,6493.3,77.8,5.3,51.6,87.9,83.4
Botswana,BWA,1990,Africa,0.683,0.577,0.447,0.569,0.436,4039.5,60.1,40,43.6,43.1,0
Botswana,BWA,1991,Africa,0.683,0.577,0.447,0.569,0.436,4224.1,58.9,39.8,45.5,52,0
Botswana,BWA,1992,Africa,0.683,0.577,0.446,0.569,0.436,4226.7,58.2,40.5,46.8,51.2,NA
Botswana,BWA,1993,Africa,0.683,0.577,0.444,0.576,0.436,4186.1,57.3,41.2,47.9,55.1,NA
Botswana,BWA,1994,Africa,0.676,0.58,0.438,0.571,0.431,4219.4,56,42,48.8,53.1,NA
Botswana,BWA,1995,Africa,0.684,0.587,0.439,0.576,0.447,4399.1,54.7,40.6,49.6,58.9,0.1
Botswana,BWA,1996,Africa,0.684,0.587,0.438,0.576,0.447,4543.2,54.3,40.7,50.4,NA,0.2
Botswana,BWA,1997,Africa,0.698,0.601,0.455,0.587,0.454,4809.4,53.6,40.4,51.1,NA,0.3
Botswana,BWA,1998,Africa,0.702,0.604,0.466,0.599,0.457,4724.9,53,39.8,51.7,74.4,0.6
Botswana,BWA,1999,Africa,0.703,0.607,0.467,0.598,0.475,5070.9,52.5,39.9,52.4,75.1,1.1
Botswana,BWA,2000,Africa,0.702,0.607,0.467,0.598,0.504,5062.6,52.3,39.4,53.2,76.2,2.9
Botswana,BWA,2001,Africa,0.702,0.607,0.467,0.598,0.504,4972,52.2,39,54,75.3,3.4
Botswana,BWA,2002,Africa,0.702,0.607,0.467,0.598,0.504,5175.5,52.4,39.7,55,75.9,3.4
Botswana,BWA,2003,Africa,0.702,0.607,0.467,0.598,0.504,5320.4,52.9,41.4,56.1,76.6,3.3
Botswana,BWA,2004,Africa,0.713,0.615,0.474,0.607,0.511,5369.4,53.6,44,57.3,78.4,3.3
Botswana,BWA,2005,Africa,0.717,0.619,0.478,0.611,0.515,5514.2,54.4,43.6,58.5,79.6,3.3
Botswana,BWA,2006,Africa,0.722,0.623,0.475,0.614,0.516,5865,55.1,45.8,59.6,81.7,4.3
Botswana,BWA,2007,Africa,0.72,0.623,0.473,0.611,0.516,6085.6,56.7,50.3,60.8,82.5,5.3
Botswana,BWA,2008,Africa,0.715,0.617,0.471,0.581,0.515,6158.6,57.7,52.8,61.8,77.8,6.2
Botswana,BWA,2009,Africa,0.712,0.614,0.466,0.569,0.512,5179.4,58.3,52.5,62.8,NA,6.2
Botswana,BWA,2010,Africa,0.717,0.622,0.462,0.578,0.522,5584.5,59.1,53.3,63.5,NA,6
Botswana,BWA,2011,Africa,0.719,0.624,0.462,0.577,0.525,5850.1,59.7,54.3,64,NA,9
Botswana,BWA,2012,Africa,0.719,0.617,0.461,0.565,0.522,5742.9,60.4,49.5,64.4,NA,16
Botswana,BWA,2013,Africa,0.713,0.609,0.457,0.56,0.515,6285,61.2,47,64.8,NA,30
Botswana,BWA,2014,Africa,0.711,0.61,0.457,0.556,0.513,6547.1,62.2,46.2,65.1,NA,36.7
Botswana,BWA,2015,Africa,0.69,0.587,0.438,0.529,0.485,6141.2,63.2,44.2,65.4,NA,38.9
Botswana,BWA,2016,Africa,0.685,0.582,0.434,0.535,0.481,6490.8,64.3,42.8,65.7,NA,41.2
Botswana,BWA,2017,Africa,0.675,0.568,0.407,0.539,0.48,6662.6,65.4,40,65.9,NA,43.6
Botswana,BWA,2018,Africa,0.672,0.573,0.414,0.56,0.48,6843.8,66.4,38.7,66.2,NA,46.1
Botswana,BWA,2019,Africa,0.656,0.56,0.391,0.55,0.468,6951.7,67.2,37.4,66.3,NA,48.8
Botswana,BWA,2020,Africa,0.589,0.484,0.36,0.498,0.438,6254.2,67.6,36.5,66.4,NA,51.7
Botswana,BWA,2021,Africa,0.587,0.477,0.393,0.444,0.421,6895.9,63.3,35.4,66.5,70.6,54.7
Botswana,BWA,2022,Africa,0.573,0.459,0.372,0.364,0.395,7159.6,68.7,34.3,66.6,NA,57.9
Botswana,BWA,2023,Africa,0.564,0.444,0.317,0.372,0.408,7269.1,69.2,33.3,67,NA,NA
Brazil,BRA,1990,Latin America,0.814,0.678,0.545,0.604,0.528,6149.9,65.9,51.9,74.9,NA,0
Brazil,BRA,1991,Latin America,0.828,0.692,0.556,0.616,0.54,6107.6,66.2,49.8,75.5,NA,0
Brazil,BRA,1992,Latin America,0.836,0.699,0.562,0.684,0.546,5974,66.5,47.4,76.1,NA,0
Brazil,BRA,1993,Latin America,0.84,0.704,0.566,0.687,0.549,6167.5,66.9,44.9,76.6,NA,0
Brazil,BRA,1994,Latin America,0.846,0.707,0.57,0.704,0.556,6427.2,67.3,42.4,77.2,NA,0
Brazil,BRA,1995,Latin America,0.847,0.712,0.57,0.724,0.568,6596.3,67.7,39.9,77.7,NA,0.1
Brazil,BRA,1996,Latin America,0.848,0.711,0.585,0.725,0.569,6640.7,68.1,37.5,78.3,NA,0.5
Brazil,BRA,1997,Latin America,0.848,0.711,0.585,0.725,0.569,6764.9,68.5,35.2,79,NA,0.8
Brazil,BRA,1998,Latin America,0.849,0.711,0.591,0.726,0.574,6687.5,68.8,33.1,79.8,NA,1.5
Brazil,BRA,1999,Latin America,0.85,0.713,0.594,0.729,0.579,6621.6,69.2,31.1,80.5,NA,2
Brazil,BRA,2000,Latin America,0.854,0.717,0.595,0.731,0.579,6817.8,69.6,29.1,81.1,NA,2.9
Brazil,BRA,2001,Latin America,0.854,0.717,0.595,0.731,0.579,6823,70,27.3,81.6,NA,4.5
Brazil,BRA,2002,Latin America,0.856,0.721,0.597,0.783,0.607,6944.6,70.4,25.6,82,NA,9.1
Brazil,BRA,2003,Latin America,0.855,0.722,0.607,0.782,0.606,6941.4,70.9,24,82.4,NA,13.2
Brazil,BRA,2004,Latin America,0.855,0.722,0.607,0.782,0.608,7258.8,71.4,22.4,82.7,NA,19.1
Brazil,BRA,2005,Latin America,0.867,0.772,0.653,0.804,0.622,7409.6,71.8,21,83,NA,21
Brazil,BRA,2006,Latin America,0.868,0.77,0.653,0.804,0.622,7622,72.3,19.7,83.3,NA,28.2
Brazil,BRA,2007,Latin America,0.866,0.769,0.652,0.802,0.62,8003.3,72.7,18.6,83.5,NA,30.9
Brazil,BRA,2008,Latin America,0.866,0.769,0.651,0.802,0.62,8330.8,73.1,17.6,83.8,NA,33.8
Brazil,BRA,2009,Latin America,0.866,0.769,0.651,0.802,0.62,8246.1,73.5,16.7,84.1,NA,39.2
Brazil,BRA,2010,Latin America,0.871,0.776,0.65,0.808,0.631,8792.6,73.8,16,84.3,NA,40.6
Brazil,BRA,2011,Latin America,0.875,0.781,0.649,0.81,0.635,9068,74,15.3,84.6,NA,45.7
Brazil,BRA,2012,Latin America,0.871,0.777,0.636,0.806,0.629,9167.5,74.3,14.8,84.9,94.6,48.6
Brazil,BRA,2013,Latin America,0.873,0.781,0.633,0.814,0.626,9366.7,74.6,14.4,85.2,104.1,51
Brazil,BRA,2014,Latin America,0.873,0.783,0.629,0.81,0.626,9338.3,74.8,14,85.4,102.8,54.6
Brazil,BRA,2015,Latin America,0.861,0.769,0.615,0.792,0.608,8936.2,75.1,13.7,85.7,101.1,58.3
Brazil,BRA,2016,Latin America,0.781,0.653,0.519,0.586,0.495,8577.8,75.1,14.6,85.9,102.7,60.9
Brazil,BRA,2017,Latin America,0.774,0.641,0.507,0.581,0.482,8628.3,75.4,13.3,86.2,103,67.5
Brazil,BRA,2018,Latin America,0.749,0.608,0.484,0.536,0.446,8722.3,75.6,13.1,86.4,104.8,70.4
Brazil,BRA,2019,Latin America,0.691,0.528,0.436,0.487,0.395,8771.4,75.8,12.9,86.7,103.7,73.9
Brazil,BRA,2020,Latin America,0.699,0.534,0.445,0.484,0.397,8435,74.5,12.8,86.9,103.9,81.3
Brazil,BRA,2021,Latin America,0.69,0.531,0.437,0.512,0.394,8799.2,73,12.7,87.1,106.3,80.7
Brazil,BRA,2022,Latin America,0.699,0.54,0.449,0.522,0.4,9032.1,74.9,12.6,87.3,105.7,80.5
Brazil,BRA,2023,Latin America,0.79,0.695,0.549,0.726,0.557,9288,75.8,12.4,87.6,NA,84.2
Bulgaria,BGR,1990,Eastern Europe,0.572,0.454,0.362,0.518,0.479,4425.5,71.6,14.6,67,NA,0
Bulgaria,BGR,1991,Eastern Europe,0.622,0.508,0.393,0.558,0.513,4092.1,71.6,15,67.1,NA,NA
Bulgaria,BGR,1992,Eastern Europe,0.698,0.598,0.442,0.625,0.565,3835.5,71.5,15.3,67.2,NA,NA
Bulgaria,BGR,1993,Eastern Europe,0.693,0.593,0.438,0.611,0.562,3808.9,71.3,15.4,67.4,NA,0
Bulgaria,BGR,1994,Eastern Europe,0.692,0.593,0.437,0.611,0.561,3891.4,71.2,15.4,67.7,NA,0
Bulgaria,BGR,1995,Eastern Europe,0.691,0.588,0.436,0.607,0.56,4022.2,71.1,15.5,67.8,NA,0.1
Bulgaria,BGR,1996,Eastern Europe,0.698,0.597,0.441,0.613,0.568,4253.5,70.9,15.6,67.7,NA,0.7
Bulgaria,BGR,1997,Eastern Europe,0.712,0.609,0.45,0.639,0.575,3675.4,70.4,15.6,67.7,NA,1.2
Bulgaria,BGR,1998,Eastern Europe,0.707,0.609,0.442,0.632,0.566,3840.2,71.1,15.4,67.9,NA,1.8
Bulgaria,BGR,1999,Eastern Europe,0.716,0.616,0.449,0.632,0.574,3537.5,71.4,14.9,68,NA,2.9
Bulgaria,BGR,2000,Eastern Europe,0.717,0.617,0.448,0.631,0.573,3718.1,71.7,14.3,68.3,NA,5.4
Bulgaria,BGR,2001,Eastern Europe,0.692,0.595,0.432,0.613,0.542,3937.9,71.8,13.7,69.2,80.9,7.6
Bulgaria,BGR,2002,Eastern Europe,0.721,0.619,0.451,0.628,0.57,4260.6,71.9,13.2,69.5,84,9.1
Bulgaria,BGR,2003,Eastern Europe,0.721,0.621,0.451,0.628,0.57,4519.4,72.1,12.5,69.8,88.1,12
Bulgaria,BGR,2004,Eastern Europe,0.721,0.623,0.45,0.628,0.568,4850.1,72.6,11.8,69.9,90.5,18.1
Bulgaria,BGR,2005,Eastern Europe,0.701,0.604,0.437,0.609,0.553,5231.6,72.6,11,70.1,91.4,20
Bulgaria,BGR,2006,Eastern Europe,0.706,0.61,0.441,0.607,0.559,5630.1,72.6,10.4,70.5,92.4,27.1
Bulgaria,BGR,2007,Eastern Europe,0.705,0.611,0.441,0.605,0.557,6049.1,72.7,9.9,70.7,93.2,33.6
Bulgaria,BGR,2008,Eastern Europe,0.711,0.617,0.445,0.61,0.563,6465.1,73,9.5,70.9,92.4,39.7
Bulgaria,BGR,2009,Eastern Europe,0.691,0.587,0.433,0.569,0.541,6289,73.4,9.3,71.3,92.5,45
Bulgaria,BGR,2010,Eastern Europe,0.674,0.568,0.428,0.551,0.529,6429,73.5,9.1,71.5,94.2,46.2
Bulgaria,BGR,2011,Eastern Europe,0.672,0.565,0.436,0.548,0.528,6605.6,74.2,8.7,72.6,96.4,48
Bulgaria,BGR,2012,Eastern Europe,0.664,0.561,0.436,0.541,0.519,6693.8,74.3,8.3,72.8,95.4,51.9
Bulgaria,BGR,2013,Eastern Europe,0.657,0.542,0.46,0.529,0.511,6793.1,74.9,7.8,73,100.8,53.1
Bulgaria,BGR,2014,Eastern Europe,0.673,0.561,0.478,0.552,0.523,6941.4,74.5,7.3,73.1,104.9,55.5
Bulgaria,BGR,2015,Eastern Europe,0.671,0.566,0.463,0.543,0.519,7269,74.6,6.8,73.1,103.9,56.7
Bulgaria,BGR,2016,Eastern Europe,0.667,0.561,0.494,0.544,0.515,7586.9,74.8,6.4,73.2,103,59.8
Bulgaria,BGR,2017,Eastern Europe,0.624,0.521,0.454,0.483,0.482,7899.1,74.8,6.1,73.4,103.5,63.4
Bulgaria,BGR,2018,Eastern Europe,0.612,0.508,0.451,0.479,0.476,8194.8,75,5.8,73.6,104,64.8
Bulgaria,BGR,2019,Eastern Europe,0.609,0.506,0.441,0.471,0.464,8626.6,75.1,5.5,73.7,102.7,67.9
Bulgaria,BGR,2020,Eastern Europe,0.607,0.501,0.444,0.493,0.451,8440.5,73.4,5.3,73.3,101.4,70.2
Bulgaria,BGR,2021,Eastern Europe,0.665,0.549,0.478,0.548,0.506,9161.9,71.2,5.2,73.3,98.7,75.3
Bulgaria,BGR,2022,Eastern Europe,0.679,0.602,0.473,0.571,0.544,9598.4,74.2,5,73.5,96.7,79.1
Bulgaria,BGR,2023,Eastern Europe,0.659,0.58,0.465,0.572,0.512,9787.8,75.8,4.8,73.7,95.6,80.4
Burkina Faso,BFA,1990,Africa,0.167,0.102,0.092,0.162,0.186,332.2,49.3,102.8,13.2,6.8,0
Burkina Faso,BFA,1991,Africa,0.193,0.114,0.106,0.215,0.198,353.2,49.3,102.3,13.5,7.1,NA
Burkina Faso,BFA,1992,Africa,0.415,0.212,0.19,0.319,0.298,345.4,49.4,102.1,13.8,7.3,NA
Burkina Faso,BFA,1993,Africa,0.481,0.256,0.217,0.357,0.334,348.6,49.4,101.8,14.2,7.7,NA
Burkina Faso,BFA,1994,Africa,0.481,0.256,0.217,0.357,0.334,344.4,49.5,101.3,14.5,8.1,NA
Burkina Faso,BFA,1995,Africa,0.481,0.256,0.223,0.357,0.334,354.8,49.6,100.5,14.9,NA,NA
Burkina Faso,BFA,1996,Africa,0.484,0.256,0.224,0.357,0.336,384,49.7,99.2,15.3,NA,0
Burkina Faso,BFA,1997,Africa,0.486,0.257,0.248,0.359,0.336,397.8,49.6,97.7,15.8,NA,0
Burkina Faso,BFA,1998,Africa,0.492,0.262,0.251,0.363,0.341,415.3,50.2,96.1,16.4,NA,0
Burkina Faso,BFA,1999,Africa,0.487,0.304,0.247,0.375,0.336,433.1,50.5,94.3,17.2,9.3,0.1
Burkina Faso,BFA,2000,Africa,0.516,0.324,0.268,0.398,0.352,428.3,50.8,92.4,18,9.9,0.1
Burkina Faso,BFA,2001,Africa,0.519,0.325,0.268,0.399,0.354,442.9,51.2,90.4,18.9,10,0.2
Burkina Faso,BFA,2002,Africa,0.517,0.325,0.266,0.397,0.353,448.1,51.4,88.2,19.7,NA,0.2
Burkina Faso,BFA,2003,Africa,0.516,0.324,0.264,0.396,0.352,468.3,52,85.8,20.6,11.3,0.4
Burkina Faso,BFA,2004,Africa,0.516,0.324,0.262,0.412,0.352,474.1,52.6,83.1,21.3,12.4,0.4
Burkina Faso,BFA,2005,Africa,0.52,0.326,0.262,0.415,0.354,499.2,53.3,80.2,22,13.4,0.5
Burkina Faso,BFA,2006,Africa,0.542,0.34,0.315,0.432,0.366,514.1,53.8,77.1,22.6,14.2,0.6
Burkina Faso,BFA,2007,Africa,0.534,0.335,0.312,0.425,0.364,519.3,54.4,74.1,23,15.3,0.8
Burkina Faso,BFA,2008,Africa,0.531,0.333,0.309,0.429,0.36,533.5,55.2,71.2,23.4,18,0.9
Burkina Faso,BFA,2009,Africa,0.537,0.334,0.31,0.431,0.363,533.5,55.8,68.5,23.7,19.4,1.1
Burkina Faso,BFA,2010,Africa,0.559,0.351,0.323,0.446,0.376,561.8,56.3,66,24.1,21.2,2.4
Burkina Faso,BFA,2011,Africa,0.561,0.354,0.326,0.449,0.378,581.6,57,63.8,24.5,23.2,3
Burkina Faso,BFA,2012,Africa,0.571,0.358,0.336,0.463,0.385,600.7,57.5,61.7,24.8,25.2,3.7
Burkina Faso,BFA,2013,Africa,0.598,0.405,0.349,0.469,0.378,616.7,57.9,59.8,25.1,27.6,5
Burkina Faso,BFA,2014,Africa,0.569,0.417,0.337,0.469,0.376,624.6,58.3,58,25.4,29.6,6
Burkina Faso,BFA,2015,Africa,0.376,0.306,0.232,0.359,0.264,630.1,58.8,56.3,25.6,32.9,6.5
Burkina Faso,BFA,2016,Africa,0.683,0.504,0.409,0.586,0.434,648.4,59.2,54.7,25.8,34.9,7.1
Burkina Faso,BFA,2017,Africa,0.683,0.511,0.414,0.57,0.431,669.3,59.6,53.1,26,37.2,7.8
Burkina Faso,BFA,2018,Africa,0.666,0.485,0.401,0.552,0.443,694.5,60,51.7,26.1,39.6,8.5
Burkina Faso,BFA,2019,Africa,0.657,0.477,0.39,0.54,0.418,717,60.2,50.2,26.1,40.1,9.3
Burkina Faso,BFA,2020,Africa,0.662,0.486,0.397,0.542,0.423,713.8,60.5,48.7,26.4,39.3,13
Burkina Faso,BFA,2021,Africa,0.634,0.456,0.352,0.517,0.4,745.5,60,47.4,26.8,38.1,18.2
Burkina Faso,BFA,2022,Africa,0.275,0.224,0.177,0.279,0.227,740.3,60.7,46.1,27.3,33.6,25.4
Burkina Faso,BFA,2023,Africa,0.212,0.179,0.145,0.224,0.201,745.4,61.1,44.9,27.8,30.9,25.4
Burma/Myanmar,MMR,1990,Asia,0.115,0.02,0.049,0.027,0.075,170.2,57.2,90.5,25.8,21.2,0
Burma/Myanmar,MMR,1991,Asia,0.096,0.017,0.045,0.024,0.071,166.7,57.4,89,26,23.6,NA
Burma/Myanmar,MMR,1992,Asia,0.096,0.017,0.044,0.024,0.071,180.3,57.7,87.4,26.1,25.6,NA
Burma/Myanmar,MMR,1993,Asia,0.096,0.017,0.043,0.024,0.071,188.7,58,85.7,26.3,25.8,NA
Burma/Myanmar,MMR,1994,Asia,0.096,0.017,0.043,0.024,0.071,200.1,58.3,84,26.5,27,NA
Burma/Myanmar,MMR,1995,Asia,0.096,0.017,0.043,0.024,0.071,211.3,58.7,82.3,26.6,30.5,NA
Burma/Myanmar,MMR,1996,Asia,0.096,0.017,0.043,0.024,0.071,222,59.2,80.6,26.8,NA,NA
Burma/Myanmar,MMR,1997,Asia,0.096,0.017,0.043,0.024,0.071,231.6,59.5,78.9,27,NA,NA
Burma/Myanmar,MMR,1998,Asia,0.096,0.017,0.043,0.024,0.071,242.1,59.9,77.2,27.2,NA,NA
Burma/Myanmar,MMR,1999,Asia,0.096,0.017,0.043,0.024,0.071,265.5,60.1,75.6,27.4,35.4,0
Burma/Myanmar,MMR,2000,Asia,0.096,0.018,0.043,0.024,0.071,298.6,60.4,73.9,27.5,39.3,NA
Burma/Myanmar,MMR,2001,Asia,0.096,0.018,0.043,0.024,0.071,329,60.6,72.2,27.7,40.3,0
Burma/Myanmar,MMR,2002,Asia,0.096,0.018,0.043,0.024,0.071,364.9,60.9,70.5,27.9,41.8,0
Burma/Myanmar,MMR,2003,Asia,0.096,0.018,0.043,0.027,0.071,411.5,61.2,68.7,28.1,42.2,0
Burma/Myanmar,MMR,2004,Asia,0.096,0.018,0.043,0.027,0.071,463.3,61.4,66.8,28.2,45,0
Burma/Myanmar,MMR,2005,Asia,0.096,0.018,0.043,0.027,0.071,522.1,61.7,64.7,28.4,45.7,0.1
Burma/Myanmar,MMR,2006,Asia,0.096,0.018,0.044,0.027,0.072,586.1,62,62.6,28.6,47.5,0.2
Burma/Myanmar,MMR,2007,Asia,0.096,0.017,0.043,0.026,0.072,651.7,62.4,60.5,28.7,47.4,0.2
Burma/Myanmar,MMR,2008,Asia,0.096,0.018,0.049,0.026,0.072,714.6,56.4,71,28.9,50,0.2
Burma/Myanmar,MMR,2009,Asia,0.097,0.018,0.05,0.026,0.072,785.6,63.1,56,29,50,0.2
Burma/Myanmar,MMR,2010,Asia,0.119,0.033,0.082,0.061,0.102,854.9,63.5,53.8,29.1,50.9,0.2
Burma/Myanmar,MMR,2011,Asia,0.223,0.107,0.121,0.168,0.138,895.5,63.9,51.7,29.3,NA,1
Burma/Myanmar,MMR,2012,Asia,0.306,0.134,0.151,0.235,0.171,953.1,64.3,49.5,29.4,NA,1.4
Burma/Myanmar,MMR,2013,Asia,0.355,0.157,0.203,0.234,0.178,1024.7,64.6,47.5,29.5,NA,1.8
Burma/Myanmar,MMR,2014,Asia,0.357,0.163,0.207,0.25,0.178,1099.2,65,45.8,29.6,57.1,7.4
Burma/Myanmar,MMR,2015,Asia,0.37,0.181,0.215,0.283,0.2,1166.7,65.3,44.1,29.7,NA,10.9
Burma/Myanmar,MMR,2016,Asia,0.402,0.226,0.236,0.337,0.208,1225.4,65.6,42.6,29.8,67.8,16
Burma/Myanmar,MMR,2017,Asia,0.402,0.229,0.242,0.324,0.227,1290.6,65.9,41.1,29.9,72.3,23.6
Burma/Myanmar,MMR,2018,Asia,0.397,0.232,0.244,0.325,0.231,1361.6,66.2,39.8,30,77,29.4
Burma/Myanmar,MMR,2019,Asia,0.421,0.246,0.254,0.336,0.241,1441,66.5,38.4,30.1,NA,36.5
Burma/Myanmar,MMR,2020,Asia,0.426,0.252,0.26,0.35,0.24,1301.3,66.6,37.2,30.2,NA,45.4
Burma/Myanmar,MMR,2021,Asia,0.102,0.02,0.078,0.043,0.063,1137,65.6,36,30.2,NA,NA
Burma/Myanmar,MMR,2022,Asia,0.087,0.016,0.048,0.042,0.059,1174.8,66.5,34.9,30.3,NA,NA
Burma/Myanmar,MMR,2023,Asia,0.077,0.015,0.046,0.037,0.056,1177.8,66.9,33.8,30.4,NA,NA
Burundi,BDI,1990,Africa,0.089,0.086,0.066,0.19,0.123,373.2,45.2,92.2,6.3,4.6,0
Burundi,BDI,1991,Africa,0.089,0.084,0.081,0.189,0.123,383.9,44.7,93.2,6.5,5.2,0
Burundi,BDI,1992,Africa,0.165,0.099,0.118,0.231,0.14,377.5,44.5,94,6.6,5.5,0
Burundi,BDI,1993,Africa,0.277,0.164,0.169,0.284,0.192,365.3,37.2,99.7,6.8,6.1,0
Burundi,BDI,1994,Africa,0.237,0.168,0.152,0.245,0.187,349,44.5,95,7,NA,0
Burundi,BDI,1995,Africa,0.253,0.17,0.157,0.252,0.193,302.7,44.6,94.9,7.2,NA,0
Burundi,BDI,1996,Africa,0.224,0.155,0.149,0.238,0.182,278.3,44.8,103.7,7.3,NA,0
Burundi,BDI,1997,Africa,0.188,0.149,0.136,0.206,0.17,273.9,45.7,93.7,7.5,NA,0
Burundi,BDI,1998,Africa,0.183,0.148,0.134,0.209,0.168,281.5,46.7,92.3,7.7,NA,0
Burundi,BDI,1999,Africa,0.185,0.148,0.133,0.209,0.169,272,47.6,90.5,7.9,NA,0
Burundi,BDI,2000,Africa,0.187,0.147,0.133,0.221,0.171,264.2,47.6,88.4,8,NA,0.1
Burundi,BDI,2001,Africa,0.188,0.149,0.132,0.235,0.171,262.9,48.5,86.1,8.2,9.4,0.1
Burundi,BDI,2002,Africa,0.202,0.149,0.146,0.24,0.176,267,49.9,83.5,8.5,9.9,0.1
Burundi,BDI,2003,Africa,0.209,0.151,0.148,0.242,0.177,255.5,51,80.6,8.7,10.3,0.2
Burundi,BDI,2004,Africa,0.208,0.151,0.146,0.242,0.177,258.1,52.2,77.4,8.9,11.8,0.3
Burundi,BDI,2005,Africa,0.299,0.148,0.226,0.239,0.202,250.9,53.1,73.8,9.2,13,0.5
Burundi,BDI,2006,Africa,0.418,0.186,0.276,0.279,0.246,255.1,54,69.9,9.5,14.3,0.7
Burundi,BDI,2007,Africa,0.413,0.183,0.278,0.276,0.243,254.3,54.8,66,9.8,15.3,0.7
Burundi,BDI,2008,Africa,0.405,0.178,0.275,0.272,0.242,256,55.6,62.1,10.1,NA,0.8
Burundi,BDI,2009,Africa,0.397,0.175,0.266,0.268,0.238,252.6,56.4,58.4,10.5,20.9,0.9
Burundi,BDI,2010,Africa,0.323,0.144,0.219,0.222,0.209,253.3,57.1,55.1,11,23.8,1
Burundi,BDI,2011,Africa,0.287,0.133,0.203,0.203,0.192,254.2,57.8,52,11.6,26.8,1.1
Burundi,BDI,2012,Africa,0.287,0.134,0.201,0.203,0.191,256.2,58.5,49.1,12.2,29.6,1.2
Burundi,BDI,2013,Africa,0.278,0.109,0.197,0.152,0.157,259.3,59.2,46.4,13,34.2,1.3
Burundi,BDI,2014,Africa,0.27,0.101,0.189,0.143,0.153,261.3,59.8,43.9,13.8,40.3,1
Burundi,BDI,2015,Africa,0.196,0.063,0.167,0.092,0.126,254.4,60.1,41.8,14.7,43.9,2
Burundi,BDI,2016,Africa,0.166,0.046,0.14,0.042,0.112,258.1,60.8,40,15.6,47.5,2.2
Burundi,BDI,2017,Africa,0.157,0.045,0.135,0.04,0.11,261.7,61.3,38.4,16.6,48.2,2.7
Burundi,BDI,2018,Africa,0.157,0.044,0.145,0.052,0.099,267.5,61.8,37,17.7,46.3,4
Burundi,BDI,2019,Africa,0.159,0.055,0.144,0.044,0.111,270.4,62.2,35.7,18.8,41.8,6.1
Burundi,BDI,2020,Africa,0.168,0.049,0.08,0.065,0.104,263.5,62.6,34.6,19.9,44.9,6.4
Burundi,BDI,2021,Africa,0.181,0.067,0.072,0.089,0.113,264.7,62.1,33.5,21.1,NA,6.8
Burundi,BDI,2022,Africa,0.189,0.077,0.067,0.075,0.106,263.6,62.9,32.4,22.3,NA,7.1
Burundi,BDI,2023,Africa,0.186,0.056,0.065,0.057,0.104,264.8,63.7,31.4,23.6,NA,7.2
Cambodia,KHM,1990,Asia,0.138,0.027,0.049,0.027,0.059,824.1,55.2,88.8,15.7,NA,0
Cambodia,KHM,1991,Asia,0.139,0.028,0.043,0.028,0.059,850.6,55.6,89.5,16.1,38.6,NA
Cambodia,KHM,1992,Asia,0.164,0.041,0.059,0.067,0.053,862.5,55.7,90.2,16.4,NA,NA
Cambodia,KHM,1993,Asia,0.318,0.104,0.114,0.204,0.105,845.4,56,91.4,16.8,NA,NA
Cambodia,KHM,1994,Asia,0.365,0.139,0.128,0.228,0.132,514,56.2,92.8,17.1,NA,NA
Cambodia,KHM,1995,Asia,0.365,0.14,0.129,0.228,0.132,520.9,56.6,94.2,17.5,NA,NA
Cambodia,KHM,1996,Asia,0.365,0.14,0.129,0.228,0.132,511.7,56.8,95.2,17.9,NA,NA
Cambodia,KHM,1997,Asia,0.365,0.137,0.129,0.222,0.132,496.8,57.3,95.3,18.2,NA,0
Cambodia,KHM,1998,Asia,0.347,0.132,0.127,0.215,0.127,499,57.9,94,18.4,16.9,0
Cambodia,KHM,1999,Asia,0.321,0.125,0.12,0.208,0.12,552.9,58.6,90.9,18.5,16.6,0
Cambodia,KHM,2000,Asia,0.318,0.124,0.119,0.201,0.117,598.6,59.5,85.8,18.6,18.1,0
Cambodia,KHM,2001,Asia,0.317,0.126,0.119,0.201,0.117,632.8,60.5,78.6,18.7,20.2,0.1
Cambodia,KHM,2002,Asia,0.317,0.124,0.123,0.201,0.117,662.2,61.4,71,18.8,23.9,0.2
Cambodia,KHM,2003,Asia,0.321,0.126,0.124,0.172,0.119,719.3,62.3,64.2,18.9,27.8,0.3
Cambodia,KHM,2004,Asia,0.324,0.126,0.124,0.172,0.119,775.8,63.3,58.6,19,31,0.3
Cambodia,KHM,2005,Asia,0.32,0.123,0.122,0.171,0.117,866.3,64.1,53.8,19.1,NA,0.3
Cambodia,KHM,2006,Asia,0.32,0.123,0.12,0.171,0.117,947.1,64.9,49.8,19.2,39.1,0.5
Cambodia,KHM,2007,Asia,0.319,0.123,0.123,0.171,0.118,1030.2,65.5,46.3,19.4,41.7,0.5
Cambodia,KHM,2008,Asia,0.316,0.121,0.124,0.165,0.116,1090.6,66.1,43.1,19.7,44.3,0.5
Cambodia,KHM,2009,Asia,0.308,0.118,0.122,0.162,0.115,1117.3,66.7,40,20.2,NA,0.5
Cambodia,KHM,2010,Asia,0.308,0.118,0.122,0.162,0.114,1155.9,67.3,37.2,21.1,NA,1.3
Cambodia,KHM,2011,Asia,0.308,0.118,0.122,0.158,0.114,1221.4,67.9,34.5,22.4,NA,3.1
Cambodia,KHM,2012,Asia,0.305,0.118,0.121,0.161,0.114,1295.3,68.4,32.1,23.9,NA,4.9
Cambodia,KHM,2013,Asia,0.297,0.114,0.12,0.148,0.115,1376.3,68.8,29.8,25.8,NA,6
Cambodia,KHM,2014,Asia,0.293,0.114,0.119,0.146,0.115,1464.5,69.1,27.8,27.8,NA,14
Cambodia,KHM,2015,Asia,0.291,0.115,0.114,0.144,0.114,1547.3,69.4,25.8,30.1,NA,6.4
Cambodia,KHM,2016,Asia,0.275,0.103,0.102,0.128,0.109,1645.5,69.6,24.1,32.5,NA,32.4
Cambodia,KHM,2017,Asia,0.234,0.078,0.091,0.091,0.093,1753.9,69.8,22.5,35,48.9,32.9
Cambodia,KHM,2018,Asia,0.211,0.07,0.076,0.075,0.088,1884.3,70,21.2,37.6,50.2,65
Cambodia,KHM,2019,Asia,0.194,0.066,0.073,0.075,0.091,2008.3,70.1,20.1,39.6,49.7,52.3
Cambodia,KHM,2020,Asia,0.191,0.063,0.077,0.078,0.09,1908.6,70.1,19.2,39.8,51.8,56.4
Cambodia,KHM,2021,Asia,0.19,0.059,0.07,0.078,0.086,1938.8,69.3,18.4,40.1,54.3,60.8
Cambodia,KHM,2022,Asia,0.199,0.059,0.066,0.079,0.091,2011.3,70.5,17.7,40.4,55.1,65.5
Cambodia,KHM,2023,Asia,0.189,0.052,0.064,0.08,0.084,2085.1,70.7,17,40.6,56.8,68.9
Cameroon,CMR,1990,Africa,0.245,0.127,0.147,0.082,0.155,1360.5,54.3,81.5,40.1,25.9,0
Cameroon,CMR,1991,Africa,0.263,0.137,0.152,0.086,0.16,1271,54.2,82.2,40.8,27.4,NA
Cameroon,CMR,1992,Africa,0.288,0.144,0.147,0.101,0.168,1196.9,54.1,83.3,41.4,28.3,NA
Cameroon,CMR,1993,Africa,0.288,0.148,0.147,0.125,0.167,1071,53.9,84.4,42.1,NA,NA
Cameroon,CMR,1994,Africa,0.288,0.146,0.147,0.125,0.167,1060.9,53.5,85.5,42.7,27.2,NA
Cameroon,CMR,1995,Africa,0.287,0.146,0.146,0.125,0.166,1062,53.3,86.2,43.4,26.2,NA
Cameroon,CMR,1996,Africa,0.287,0.144,0.146,0.125,0.168,1077.4,53.2,86.6,44,NA,NA
Cameroon,CMR,1997,Africa,0.289,0.144,0.147,0.126,0.168,1096.7,53.1,86.4,44.6,24.5,0
Cameroon,CMR,1998,Africa,0.292,0.147,0.148,0.128,0.17,1118.5,53,85.8,45.1,25.4,0
Cameroon,CMR,1999,Africa,0.292,0.147,0.148,0.153,0.17,1138.4,53.2,84.7,45.7,26.9,0.1
Cameroon,CMR,2000,Africa,0.304,0.157,0.153,0.154,0.188,1151.3,53.3,83.1,46.2,28.5,0.3
Cameroon,CMR,2001,Africa,0.304,0.156,0.153,0.154,0.189,1169.9,53.6,81.2,46.8,33.6,0.3
Cameroon,CMR,2002,Africa,0.306,0.156,0.154,0.155,0.191,1190,53.9,79.1,47.3,29.3,0.4
Cameroon,CMR,2003,Africa,0.309,0.157,0.155,0.156,0.193,1221.1,54.3,77.2,47.7,30.9,0.6
Cameroon,CMR,2004,Africa,0.312,0.158,0.156,0.157,0.194,1271.7,54.6,75.2,48.2,27.5,1
Cameroon,CMR,2005,Africa,0.315,0.155,0.157,0.158,0.195,1264.7,54.9,73.5,48.6,28,1.4
Cameroon,CMR,2006,Africa,0.315,0.155,0.157,0.158,0.196,1277.3,55.3,71.6,49.2,24.4,2
Cameroon,CMR,2007,Africa,0.314,0.153,0.157,0.158,0.195,1295.7,55.7,69.9,49.7,33.4,2.9
Cameroon,CMR,2008,Africa,0.311,0.153,0.157,0.158,0.193,1295,56.1,68,50.1,37.8,3.4
Cameroon,CMR,2009,Africa,0.311,0.154,0.159,0.162,0.193,1290.9,56.5,66.3,50.5,41.8,3.8
Cameroon,CMR,2010,Africa,0.314,0.154,0.162,0.162,0.197,1290.9,57,63.9,50.9,NA,4.3
Cameroon,CMR,2011,Africa,0.317,0.155,0.166,0.163,0.197,1297.3,57.5,61.8,51.2,49.9,5
Cameroon,CMR,2012,Africa,0.321,0.159,0.166,0.178,0.199,1319.7,58.2,59.6,51.6,53.1,7.5
Cameroon,CMR,2013,Africa,0.319,0.15,0.166,0.143,0.196,1347.2,58.7,57.3,51.9,54.9,10
Cameroon,CMR,2014,Africa,0.326,0.152,0.169,0.147,0.201,1381.8,59.1,55.3,52.3,59.1,16.2
Cameroon,CMR,2015,Africa,0.324,0.152,0.169,0.151,0.201,1415,59.7,53.3,52.6,60.5,18.3
Cameroon,CMR,2016,Africa,0.307,0.139,0.122,0.133,0.197,1435.6,60.3,51.4,53,61.4,20.6
Cameroon,CMR,2017,Africa,0.298,0.131,0.109,0.116,0.197,1444.9,60.8,49.6,53.3,NA,23.2
Cameroon,CMR,2018,Africa,0.293,0.12,0.111,0.111,0.19,1461,61.2,48,53.6,NA,29.7
Cameroon,CMR,2019,Africa,0.28,0.116,0.106,0.114,0.187,1470.3,61.7,46.9,53.9,NA,36.5
Cameroon,CMR,2020,Africa,0.285,0.123,0.109,0.12,0.191,1434.5,61.7,45.5,54.3,NA,37.7
Cameroon,CMR,2021,Africa,0.282,0.121,0.109,0.101,0.187,1443.6,61.1,44.1,54.6,45.5,38.9
Cameroon,CMR,2022,Africa,0.291,0.138,0.123,0.124,0.193,1458.7,62.4,42.7,54.8,45.6,40.1
Cameroon,CMR,2023,Africa,0.279,0.122,0.111,0.111,0.19,1468.2,63.7,41.3,55.1,44.8,42.2
Canada,CAN,1990,The West,0.833,0.754,0.574,0.748,0.71,31700.6,77.4,6.8,76.6,NA,0.4
Canada,CAN,1991,The West,0.833,0.754,0.574,0.748,0.71,30654.4,77.6,6.6,76.6,NA,0.6
Canada,CAN,1992,The West,0.831,0.75,0.6,0.746,0.706,30563.4,77.8,6.4,76.7,NA,0.9
Canada,CAN,1993,The West,0.832,0.752,0.6,0.746,0.707,31032.8,77.7,6.2,77,NA,1.2
Canada,CAN,1994,The West,0.842,0.762,0.609,0.754,0.716,32074.2,77.9,6,77.3,NA,2.4
Canada,CAN,1995,The West,0.842,0.762,0.609,0.754,0.716,32595.5,78,5.8,77.6,NA,4.2
Canada,CAN,1996,The West,0.846,0.765,0.611,0.759,0.719,32801.3,78.2,5.6,77.9,NA,6.8
Canada,CAN,1997,The West,0.84,0.76,0.601,0.755,0.715,33867,78.4,5.5,78.1,NA,15.1
Canada,CAN,1998,The West,0.836,0.756,0.595,0.75,0.712,34894.6,78.6,5.4,78.3,NA,24.9
Canada,CAN,1999,The West,0.836,0.756,0.591,0.75,0.712,36391.6,78.8,5.3,78.4,NA,36.2
Canada,CAN,2000,The West,0.836,0.756,0.589,0.748,0.713,37906.9,79.2,5.3,78.6,102,51.3
Canada,CAN,2001,The West,0.832,0.752,0.581,0.744,0.707,38200.5,79.4,5.3,78.8,NA,60.2
Canada,CAN,2002,The West,0.825,0.746,0.573,0.737,0.702,38921.7,79.5,5.3,79.1,NA,61.6
Canada,CAN,2003,The West,0.825,0.746,0.57,0.737,0.702,39270.1,79.7,5.3,79.4,NA,64.2
Canada,CAN,2004,The West,0.825,0.751,0.566,0.736,0.702,40108.8,80,5.3,79.7,NA,66
Canada,CAN,2005,The West,0.824,0.751,0.566,0.735,0.7,41006.3,80.1,5.2,80,100.3,71.7
Canada,CAN,2006,The West,0.83,0.757,0.567,0.728,0.704,41663.6,80.5,5.2,80.2,100.4,72.4
Canada,CAN,2007,The West,0.832,0.759,0.569,0.703,0.704,42106.9,80.5,5.2,80.4,101.3,73.2
Canada,CAN,2008,The West,0.827,0.753,0.563,0.701,0.703,42067.6,80.7,5.1,80.7,102.3,76.7
Canada,CAN,2009,The West,0.826,0.753,0.562,0.699,0.7,40376.5,81.1,5,80.9,103,80.3
Canada,CAN,2010,The West,0.826,0.755,0.562,0.696,0.699,41164.4,81.3,5,81,102.5,80.3
Canada,CAN,2011,The West,0.811,0.74,0.551,0.69,0.676,42043.7,81.5,4.9,81.1,102.8,83
Canada,CAN,2012,The West,0.81,0.738,0.551,0.689,0.674,42320.7,81.7,4.8,81.2,110.9,83
Canada,CAN,2013,The West,0.817,0.742,0.551,0.694,0.678,42851.2,81.7,4.8,81.2,111.4,85.8
Canada,CAN,2014,The West,0.814,0.742,0.549,0.691,0.673,43643.3,81.8,4.7,81.2,111.7,87.1
Canada,CAN,2015,The West,0.807,0.735,0.552,0.687,0.665,43594.2,81.8,4.6,81.2,111.7,90
Canada,CAN,2016,The West,0.834,0.762,0.575,0.74,0.698,43551.4,81.9,4.6,81.3,111.6,91.2
Canada,CAN,2017,The West,0.839,0.769,0.579,0.744,0.712,44339.4,81.8,4.5,81.4,112,92.7
Canada,CAN,2018,The West,0.84,0.763,0.582,0.745,0.716,44907.4,81.8,4.5,81.6,111.8,94.6
Canada,CAN,2019,The West,0.85,0.763,0.591,0.754,0.716,45100.3,82.2,4.5,81.7,111,91.9
Canada,CAN,2020,The West,0.849,0.745,0.59,0.715,0.718,42366.2,81.5,4.5,82,109.6,92.3
Canada,CAN,2021,The West,0.843,0.749,0.586,0.675,0.711,44639.2,81.5,4.6,82.2,108.3,93.9
Canada,CAN,2022,The West,0.848,0.745,0.588,0.669,0.644,45883,81.1,4.6,82.4,107.5,94
Canada,CAN,2023,The West,0.847,0.742,0.588,0.659,0.635,45495.5,81.6,4.7,82.5,104.3,94.1
Cape Verde,CPV,1990,Africa,0.338,0.289,0.113,0.263,0.282,835.1,63.9,42,44.1,18.4,0
Cape Verde,CPV,1991,Africa,0.662,0.569,0.334,0.5,0.492,826.7,64.1,41.3,45.4,NA,NA
Cape Verde,CPV,1992,Africa,0.714,0.635,0.392,0.592,0.534,896.5,64.3,41.3,46.6,NA,NA
Cape Verde,CPV,1993,Africa,0.714,0.635,0.417,0.592,0.534,953.9,64.5,41.7,47.6,NA,NA
Cape Verde,CPV,1994,Africa,0.714,0.635,0.418,0.592,0.534,1113.9,64.6,42,48.6,25.7,NA
Cape Verde,CPV,1995,Africa,0.732,0.649,0.428,0.606,0.569,1248.3,63.7,41.7,49.6,NA,NA
Cape Verde,CPV,1996,Africa,0.776,0.69,0.458,0.646,0.608,1365.5,65.5,40.6,50.5,NA,NA
Cape Verde,CPV,1997,Africa,0.778,0.692,0.46,0.648,0.604,1492,66.1,38.4,51.4,NA,0.2
Cape Verde,CPV,1998,Africa,0.778,0.692,0.46,0.648,0.604,1652.1,66.7,35.5,52.2,NA,0.5
Cape Verde,CPV,1999,Africa,0.778,0.692,0.46,0.648,0.604,1809.8,67.4,32.3,53.1,NA,1.2
Cape Verde,CPV,2000,Africa,0.772,0.685,0.456,0.644,0.6,2037.3,68.1,29.4,53.9,65.1,1.8
Cape Verde,CPV,2001,Africa,0.762,0.677,0.449,0.635,0.591,2051.2,68.7,27,54.8,63.2,2.7
Cape Verde,CPV,2002,Africa,0.767,0.682,0.453,0.642,0.61,2127.7,69.4,25.3,55.6,66.4,3.5
Cape Verde,CPV,2003,Africa,0.767,0.682,0.453,0.642,0.61,2186.9,70,24.3,56.3,67.3,4.3
Cape Verde,CPV,2004,Africa,0.767,0.682,0.453,0.642,0.61,2379.8,70.5,23.9,57.1,66.9,5.3
Cape Verde,CPV,2005,Africa,0.767,0.682,0.453,0.642,0.61,2514.2,70.9,23.9,57.8,70.3,6.1
Cape Verde,CPV,2006,Africa,0.778,0.693,0.461,0.654,0.619,2683.8,71.3,24.1,58.5,81.6,6.8
Cape Verde,CPV,2007,Africa,0.781,0.696,0.464,0.657,0.626,3057,71.5,24.4,59.3,80.5,8.3
Cape Verde,CPV,2008,Africa,0.782,0.697,0.466,0.661,0.635,3238.4,71.9,24.5,60.1,82.1,14
Cape Verde,CPV,2009,Africa,0.782,0.697,0.466,0.66,0.635,3159.6,72.1,24.3,60.9,81.2,21
Cape Verde,CPV,2010,Africa,0.779,0.695,0.466,0.658,0.629,3194.6,72.5,23.8,61.8,83.5,30
Cape Verde,CPV,2011,Africa,0.788,0.702,0.469,0.664,0.63,3309.2,72.9,23,62.7,86.7,32
Cape Verde,CPV,2012,Africa,0.788,0.702,0.469,0.667,0.632,3341.7,73.3,21.9,63.7,90,34.7
Cape Verde,CPV,2013,Africa,0.794,0.708,0.472,0.646,0.644,3361.1,73.5,20.5,64.7,94.8,37.5
Cape Verde,CPV,2014,Africa,0.794,0.707,0.472,0.645,0.644,3383.8,73.8,19.1,65.8,93.6,40.3
Cape Verde,CPV,2015,Africa,0.795,0.707,0.472,0.643,0.639,3415.1,74.1,17.6,66.9,96.6,42.7
Cape Verde,CPV,2016,Africa,0.8,0.713,0.472,0.626,0.637,3560.1,74.3,16.2,68,98.3,50.3
Cape Verde,CPV,2017,Africa,0.797,0.707,0.477,0.62,0.631,3719.7,74.7,15.1,69.2,99.5,57.2
Cape Verde,CPV,2018,Africa,0.783,0.701,0.468,0.584,0.623,3853.7,74.8,14.1,70.4,94.9,59.5
Cape Verde,CPV,2019,Africa,0.79,0.707,0.484,0.598,0.631,4115.9,75.4,13.2,71.6,95.3,61.9
Cape Verde,CPV,2020,Africa,0.793,0.701,0.487,0.597,0.628,3255.9,73.8,12.5,72.9,98.3,69.4
Cape Verde,CPV,2021,Africa,0.775,0.676,0.474,0.581,0.601,3471.7,74.4,12,74.2,97,70.3
Cape Verde,CPV,2022,Africa,0.754,0.651,0.459,0.55,0.577,3997.8,75.9,11.5,75,96.4,73.3
Cape Verde,CPV,2023,Africa,0.75,0.646,0.457,0.547,0.57,4168.7,76.1,11,75.9,NA,74.6
Central African Republic,CAF,1990,Africa,0.224,0.123,0.097,0.097,0.182,519.8,49.9,109,37.2,12.1,0
Central African Republic,CAF,1991,Africa,0.249,0.131,0.104,0.103,0.189,501,49.6,108.5,37.3,12.3,NA
Central African Republic,CAF,1992,Africa,0.289,0.152,0.129,0.21,0.206,454.1,49.2,107.7,37.3,10.2,NA
Central African Republic,CAF,1993,Africa,0.346,0.212,0.147,0.244,0.204,441.4,48.9,106.9,37.4,NA,NA
Central African Republic,CAF,1994,Africa,0.352,0.223,0.154,0.252,0.21,448.8,48.5,106.2,37.4,NA,NA
Central African Republic,CAF,1995,Africa,0.352,0.22,0.154,0.245,0.21,468.2,48.1,105.5,37.5,NA,NA
Central African Republic,CAF,1996,Africa,0.352,0.22,0.154,0.252,0.21,437.9,47.7,104.5,37.5,NA,0
Central African Republic,CAF,1997,Africa,0.352,0.22,0.162,0.245,0.21,448.6,47.3,103.5,37.6,NA,0
Central African Republic,CAF,1998,Africa,0.352,0.22,0.162,0.264,0.21,457.1,47.1,102.3,37.6,NA,0
Central African Republic,CAF,1999,Africa,0.346,0.217,0.15,0.24,0.207,460.8,46.9,101.1,37.7,NA,0
Central African Republic,CAF,2000,Africa,0.341,0.217,0.147,0.24,0.205,437.2,46.6,99.6,37.7,NA,0.1
Central African Republic,CAF,2001,Africa,0.341,0.217,0.146,0.24,0.205,446.7,46.7,97.9,37.8,11,0.1
Central African Republic,CAF,2002,Africa,0.341,0.217,0.144,0.24,0.205,452.8,46.8,96.1,37.8,11,0.1
Central African Republic,CAF,2003,Africa,0.245,0.118,0.12,0.212,0.156,418.2,47.3,94.3,37.9,NA,0.2
Central African Republic,CAF,2004,Africa,0.221,0.091,0.111,0.136,0.145,433.8,47.7,92.2,38,NA,0.2
Central African Republic,CAF,2005,Africa,0.294,0.174,0.147,0.153,0.17,428,48.2,90,38,NA,0.3
Central African Republic,CAF,2006,Africa,0.342,0.191,0.163,0.169,0.187,439.3,48.7,87.4,38.1,NA,0.3
Central African Republic,CAF,2007,Africa,0.342,0.191,0.163,0.169,0.187,450.8,49.3,85.3,38.2,NA,0.4
Central African Republic,CAF,2008,Africa,0.342,0.191,0.168,0.196,0.187,450.3,49.9,83.4,38.3,NA,1
Central African Republic,CAF,2009,Africa,0.342,0.191,0.159,0.17,0.187,492.2,14.7,239.9,38.5,12,1.8
Central African Republic,CAF,2010,Africa,0.343,0.193,0.158,0.164,0.188,519.1,46.9,88.5,38.6,NA,2
Central African Republic,CAF,2011,Africa,0.319,0.183,0.149,0.141,0.178,532.4,50.1,77.7,38.8,15.9,2.2
Central African Republic,CAF,2012,Africa,0.317,0.182,0.147,0.14,0.177,553.7,51.3,76.1,39,15.6,2.4
Central African Republic,CAF,2013,Africa,0.272,0.15,0.111,0.058,0.156,349.8,49.5,81,39.3,NA,2.5
Central African Republic,CAF,2014,Africa,0.282,0.17,0.114,0.131,0.163,351.6,40.3,101.7,39.6,NA,2.7
Central African Republic,CAF,2015,Africa,0.284,0.179,0.13,0.18,0.176,366.3,51.9,72,40,NA,2.9
Central African Republic,CAF,2016,Africa,0.4,0.231,0.185,0.256,0.222,376.9,51,77.1,40.4,13.9,3.1
Central African Republic,CAF,2017,Africa,0.396,0.231,0.176,0.229,0.184,387.4,45.2,88.4,40.8,15.8,4
Central African Republic,CAF,2018,Africa,0.406,0.249,0.176,0.228,0.198,395,52.3,73.9,41.3,NA,5.1
Central African Republic,CAF,2019,Africa,0.379,0.214,0.156,0.221,0.186,401.8,31.5,128.9,41.8,NA,7.5
Central African Republic,CAF,2020,Africa,0.374,0.201,0.153,0.197,0.175,398.8,50.6,74.7,42.3,NA,NA
Central African Republic,CAF,2021,Africa,0.343,0.176,0.143,0.168,0.165,396,40.3,96.3,42.9,NA,NA
Central African Republic,CAF,2022,Africa,0.326,0.169,0.128,0.16,0.158,398.9,18.8,206.8,43.3,NA,13.8
Central African Republic,CAF,2023,Africa,0.301,0.102,0.135,0.147,0.127,397.5,57.4,60.8,43.7,NA,13.8
Chad,TCD,1990,Africa,0.125,0.043,0.076,0.028,0.061,602.7,45.1,116.8,21.2,6.1,0
Chad,TCD,1991,Africa,0.168,0.057,0.103,0.067,0.076,630.6,46.6,115.2,21.3,NA,NA
Chad,TCD,1992,Africa,0.173,0.058,0.104,0.084,0.077,652.8,46.8,113.6,21.4,NA,NA
Chad,TCD,1993,Africa,0.173,0.069,0.104,0.084,0.077,537.4,47,112.2,21.4,NA,NA
Chad,TCD,1994,Africa,0.173,0.077,0.103,0.084,0.077,578.4,47.1,110.9,21.5,7.1,NA
Chad,TCD,1995,Africa,0.173,0.077,0.102,0.088,0.077,560.3,47.5,109.5,21.5,8.1,NA
Chad,TCD,1996,Africa,0.221,0.082,0.117,0.103,0.089,547.9,47.6,108.1,21.5,8.4,NA
Chad,TCD,1997,Africa,0.278,0.096,0.133,0.119,0.103,559.3,47.8,106.7,21.6,8.7,0
Chad,TCD,1998,Africa,0.279,0.097,0.134,0.12,0.103,577.9,47.8,105.1,21.6,9.6,0
Chad,TCD,1999,Africa,0.279,0.097,0.134,0.12,0.103,554.1,47.9,103.5,21.6,10.2,0
Chad,TCD,2000,Africa,0.279,0.097,0.135,0.12,0.109,530.6,47.9,101.7,21.7,11,0
Chad,TCD,2001,Africa,0.276,0.096,0.133,0.118,0.107,572.8,48.3,99.9,21.7,12.7,0
Chad,TCD,2002,Africa,0.273,0.095,0.131,0.117,0.106,600.2,48.4,98,21.7,13.4,0.2
Chad,TCD,2003,Africa,0.273,0.095,0.13,0.117,0.106,661.6,48.6,96.2,21.7,14.8,0.3
Chad,TCD,2004,Africa,0.278,0.096,0.129,0.119,0.107,845.5,48.7,94.3,21.7,15.2,0.4
Chad,TCD,2005,Africa,0.274,0.096,0.14,0.119,0.106,952.9,48.9,92.4,21.8,15.5,0.4
Chad,TCD,2006,Africa,0.277,0.095,0.139,0.119,0.107,914.2,48.7,90.4,21.8,15.9,0.6
Chad,TCD,2007,Africa,0.274,0.094,0.136,0.118,0.106,920.4,49.2,88.3,21.8,18.3,0.8
Chad,TCD,2008,Africa,0.277,0.094,0.136,0.108,0.107,916.1,49.5,86.2,21.8,20.8,1.2
Chad,TCD,2009,Africa,0.278,0.097,0.135,0.108,0.108,871.5,49.8,84.1,21.8,22.8,1.5
Chad,TCD,2010,Africa,0.279,0.099,0.133,0.112,0.105,957,50.1,82,21.8,22.4,1.7
Chad,TCD,2011,Africa,0.281,0.099,0.132,0.112,0.105,965.3,50.4,79.9,22,22.8,1.9
Chad,TCD,2012,Africa,0.28,0.099,0.13,0.112,0.104,1016.4,50.8,77.8,22.1,22.1,2.1
Chad,TCD,2013,Africa,0.277,0.093,0.128,0.121,0.097,1008.6,51.1,75.9,22.3,24.5,2.5
Chad,TCD,2014,Africa,0.274,0.091,0.124,0.119,0.097,993.3,51.1,74,22.5,22.8,2.9
Chad,TCD,2015,Africa,0.279,0.091,0.124,0.121,0.098,994,51.3,72.1,22.8,22.2,3.5
Chad,TCD,2016,Africa,0.28,0.092,0.123,0.121,0.099,923.6,51.6,70.2,23.1,22.5,5.8
Chad,TCD,2017,Africa,0.265,0.084,0.128,0.117,0.098,879.1,51.9,68.3,23.5,20.6,6.4
Chad,TCD,2018,Africa,0.267,0.079,0.127,0.133,0.098,898.8,52.4,66.4,23.8,20,7
Chad,TCD,2019,Africa,0.27,0.088,0.128,0.134,0.099,917.2,53,64.6,24.3,20.2,7.6
Chad,TCD,2020,Africa,0.268,0.088,0.126,0.134,0.098,885,53.1,62.9,24.7,NA,8.3
Chad,TCD,2021,Africa,0.177,0.054,0.113,0.109,0.074,857.5,53.1,61.3,25.2,23.2,9.7
Chad,TCD,2022,Africa,0.145,0.041,0.09,0.1,0.068,862.6,54.5,59.6,25.8,NA,11.2
Chad,TCD,2023,Africa,0.148,0.051,0.106,0.101,0.068,857,55.1,58,26.3,24.2,12
Chile,CHL,1990,Latin America,0.721,0.63,0.373,0.612,0.43,5290.5,73.7,15.9,83.2,NA,0
Chile,CHL,1991,Latin America,0.816,0.75,0.423,0.707,0.524,5606.9,74.1,14.7,83.3,NA,NA
Chile,CHL,1992,Latin America,0.816,0.75,0.517,0.707,0.524,6151.8,74.4,13.6,83.5,NA,0
Chile,CHL,1993,Latin America,0.813,0.746,0.512,0.7,0.524,6461.7,74.7,12.5,83.7,NA,0.1
Chile,CHL,1994,Latin America,0.85,0.783,0.541,0.739,0.549,6688.3,75,11.6,84,NA,0.1
Chile,CHL,1995,Latin America,0.85,0.783,0.539,0.751,0.549,7201.1,75.3,10.9,84.4,NA,0.3
Chile,CHL,1996,Latin America,0.85,0.784,0.556,0.755,0.549,7605.3,75.6,10.5,84.8,NA,0.7
Chile,CHL,1997,Latin America,0.85,0.784,0.556,0.755,0.549,8058.9,75.8,10.3,85.2,NA,1.1
Chile,CHL,1998,Latin America,0.851,0.786,0.556,0.765,0.552,8287.5,76.3,10,85.6,NA,1.7
Chile,CHL,1999,Latin America,0.85,0.785,0.553,0.764,0.553,8161.5,76.7,9.6,86,NA,4.1
Chile,CHL,2000,Latin America,0.876,0.81,0.576,0.792,0.614,8465.4,77.1,9.2,86.3,86.9,16.6
Chile,CHL,2001,Latin America,0.876,0.811,0.576,0.792,0.614,8632,77.6,8.7,86.5,NA,19.1
Chile,CHL,2002,Latin America,0.88,0.817,0.577,0.803,0.614,8810.7,77.8,8.3,86.6,89.4,22.1
Chile,CHL,2003,Latin America,0.88,0.817,0.577,0.799,0.614,9130.8,77.9,8,86.7,90.6,25.5
Chile,CHL,2004,Latin America,0.88,0.817,0.577,0.803,0.614,9642.4,78.3,7.8,86.7,91,28.2
Chile,CHL,2005,Latin America,0.877,0.821,0.57,0.799,0.634,10104.4,78.5,7.7,86.8,92,31.2
Chile,CHL,2006,Latin America,0.894,0.839,0.592,0.823,0.646,10611.6,78.5,7.7,86.8,92,34.5
Chile,CHL,2007,Latin America,0.894,0.842,0.592,0.823,0.646,11051.3,78.7,7.6,86.8,91.6,35.9
Chile,CHL,2008,Latin America,0.894,0.841,0.592,0.823,0.646,11356.1,78.8,7.6,86.9,91.5,37.3
Chile,CHL,2009,Latin America,0.887,0.836,0.587,0.815,0.642,11116.4,78.9,7.5,86.9,89.9,41.6
Chile,CHL,2010,Latin America,0.888,0.837,0.577,0.793,0.659,11649.3,79.1,7.5,87,91,45
Chile,CHL,2011,Latin America,0.889,0.839,0.58,0.807,0.664,12252.8,79.2,7.4,87,91,52.2
Chile,CHL,2012,Latin America,0.893,0.844,0.581,0.803,0.669,12882.8,79.2,7.3,87.1,89.5,55
Chile,CHL,2013,Latin America,0.894,0.846,0.58,0.794,0.672,13182.7,79.6,7.1,87.2,99.2,58
Chile,CHL,2014,Latin America,0.893,0.85,0.59,0.82,0.675,13286,79.7,6.9,87.3,99.9,61.1
Chile,CHL,2015,Latin America,0.886,0.839,0.589,0.819,0.665,13433.9,80,6.8,87.5,100.9,76.6
Chile,CHL,2016,Latin America,0.886,0.839,0.591,0.816,0.659,13505.1,80.3,6.7,87.6,101.5,83.6
Chile,CHL,2017,Latin America,0.889,0.842,0.59,0.801,0.664,13473.3,80.6,6.5,87.8,102.3,82.3
Chile,CHL,2018,Latin America,0.87,0.803,0.573,0.775,0.64,13763,80.6,6.3,88,103.2,84.9
Chile,CHL,2019,Latin America,0.829,0.761,0.559,0.744,0.613,13631.9,80.3,6,88.1,104.4,85
Chile,CHL,2020,Latin America,0.837,0.766,0.597,0.736,0.596,12680.8,79.3,5.8,88.3,103.7,87.5
Chile,CHL,2021,Latin America,0.841,0.777,0.592,0.774,0.616,14056.3,78.9,5.8,88.5,106.7,90.2
Chile,CHL,2022,Latin America,0.833,0.776,0.591,0.769,0.608,14275.4,79.2,5.9,88.6,106.1,92.3
Chile,CHL,2023,Latin America,0.836,0.779,0.594,0.771,0.613,14294.7,81.2,5.9,88.8,105.8,94.5
China,CHN,1990,Asia,0.093,0.065,0.033,0.107,0.114,917.2,68.2,43.3,26.2,39,0
China,CHN,1991,Asia,0.094,0.065,0.033,0.105,0.116,989.6,68.6,43,26.9,41.6,NA
China,CHN,1992,Asia,0.096,0.065,0.039,0.112,0.117,1117.3,69.1,42.3,27.5,44.4,NA
China,CHN,1993,Asia,0.101,0.067,0.037,0.125,0.113,1258.3,69.5,41.3,28,46.8,0
China,CHN,1994,Asia,0.102,0.067,0.037,0.125,0.112,1407,69.8,40.1,28.5,47.2,0
China,CHN,1995,Asia,0.102,0.069,0.037,0.131,0.112,1545.1,70.4,38.7,29,49,0
China,CHN,1996,Asia,0.102,0.068,0.039,0.131,0.112,1681.5,70.8,37.2,30.5,52.3,0
China,CHN,1997,Asia,0.102,0.068,0.038,0.131,0.112,1819.1,71.2,35.5,31.9,54.7,0
China,CHN,1998,Asia,0.102,0.069,0.038,0.131,0.109,1944.5,71.6,33.8,33.4,NA,0.2
China,CHN,1999,Asia,0.102,0.07,0.038,0.131,0.11,2076.9,72,31.9,34.8,58.6,0.7
China,CHN,2000,Asia,0.1,0.07,0.042,0.142,0.106,2237.3,72.3,29.9,36.4,59.5,1.8
China,CHN,2001,Asia,0.102,0.071,0.042,0.146,0.106,2406,72.7,27.8,37.7,62.2,2.6
China,CHN,2002,Asia,0.102,0.073,0.044,0.155,0.107,2610.7,73,25.6,39.1,62.8,4.6
China,CHN,2003,Asia,0.103,0.074,0.054,0.163,0.112,2856.9,73.4,23.4,40.5,64.1,6.2
China,CHN,2004,Asia,0.102,0.073,0.054,0.167,0.107,3127.9,73.7,21.3,41.8,NA,7.3
China,CHN,2005,Asia,0.094,0.057,0.048,0.157,0.105,3465.7,74.1,19.4,43,NA,8.5
China,CHN,2006,Asia,0.094,0.057,0.048,0.159,0.104,3883.3,74.4,17.7,44.3,74.1,10.5
China,CHN,2007,Asia,0.095,0.057,0.048,0.165,0.105,4409.7,74.8,16.1,45.9,78.2,16
China,CHN,2008,Asia,0.095,0.057,0.05,0.162,0.106,4811.3,74.8,14.8,47,82.7,22.6
China,CHN,2009,Asia,0.094,0.057,0.05,0.161,0.108,5237.8,75.3,13.5,48.3,88.3,28.9
China,CHN,2010,Asia,0.094,0.057,0.047,0.16,0.106,5764.7,75.7,12.4,49.2,90.8,34.3
China,CHN,2011,Asia,0.094,0.056,0.048,0.163,0.107,6275.7,75.9,11.4,51.8,92,38.3
China,CHN,2012,Asia,0.094,0.056,0.048,0.164,0.105,6723.1,76.2,10.5,53.1,92.3,42.3
China,CHN,2013,Asia,0.086,0.053,0.042,0.152,0.097,7197.9,76.5,9.7,54.5,NA,45.8
China,CHN,2014,Asia,0.084,0.052,0.042,0.152,0.094,7686.4,76.7,8.9,55.8,NA,47.9
China,CHN,2015,Asia,0.082,0.052,0.04,0.149,0.095,8175.3,77,8.2,57.3,NA,50.3
China,CHN,2016,Asia,0.08,0.052,0.038,0.149,0.095,8679.2,77.2,7.6,58.8,NA,53.2
China,CHN,2017,Asia,0.078,0.052,0.04,0.138,0.098,9221.4,77.2,7,60.2,NA,54.3
China,CHN,2018,Asia,0.076,0.048,0.037,0.128,0.094,9798.6,77.7,6.4,61.5,NA,65.4
China,CHN,2019,Asia,0.075,0.047,0.037,0.118,0.094,10356.3,77.9,6,62.7,NA,64.1
China,CHN,2020,Asia,0.075,0.042,0.037,0.116,0.09,10573.4,78,5.5,63.5,NA,70.1
China,CHN,2021,Asia,0.077,0.044,0.037,0.116,0.091,11469.3,78.1,5.1,64.7,NA,73.1
China,CHN,2022,Asia,0.075,0.042,0.037,0.096,0.082,11830.3,78.2,4.8,65.2,NA,75.6
China,CHN,2023,Asia,0.074,0.037,0.033,0.101,0.082,12484,78,4.4,65.5,NA,90.6
Colombia,COL,1990,Latin America,0.473,0.316,0.287,0.367,0.171,3714.2,68.7,29.6,69.5,NA,0
Colombia,COL,1991,Latin America,0.516,0.39,0.365,0.387,0.26,3713.2,68.8,28.8,70,NA,NA
Colombia,COL,1992,Latin America,0.558,0.428,0.385,0.354,0.314,3787.6,68.8,27.9,70.4,NA,NA
Colombia,COL,1993,Latin America,0.558,0.427,0.386,0.354,0.336,3912.7,69.1,27,70.9,NA,NA
Colombia,COL,1994,Latin America,0.558,0.426,0.386,0.314,0.337,4059.3,69.4,26.2,71.3,NA,0.1
Colombia,COL,1995,Latin America,0.56,0.428,0.384,0.334,0.333,4189.7,69.8,25.3,71.8,NA,0.2
Colombia,COL,1996,Latin America,0.554,0.426,0.382,0.334,0.333,4198.7,70.2,24.5,72.3,NA,0.3
Colombia,COL,1997,Latin America,0.554,0.429,0.38,0.334,0.333,4265.7,70.6,23.7,72.9,NA,0.6
Colombia,COL,1998,Latin America,0.546,0.423,0.372,0.344,0.33,4213.8,70.9,23,73.4,NA,1.1
Colombia,COL,1999,Latin America,0.538,0.417,0.367,0.339,0.324,3967.1,70.9,22.2,73.9,NA,1.7
Colombia,COL,2000,Latin America,0.55,0.426,0.373,0.346,0.318,4016.8,70.9,21.6,74.3,76.4,2.2
Colombia,COL,2001,Latin America,0.542,0.422,0.366,0.342,0.315,4020.5,71.2,21,74.8,NA,2.9
Colombia,COL,2002,Latin America,0.534,0.414,0.357,0.325,0.308,4058.3,71.5,20.4,75.2,78.2,4.6
Colombia,COL,2003,Latin America,0.535,0.421,0.372,0.315,0.312,4154.2,72.3,19.8,75.5,NA,7.4
Colombia,COL,2004,Latin America,0.537,0.424,0.373,0.317,0.312,4311.9,72.8,19.3,75.8,83,9.1
Colombia,COL,2005,Latin America,0.542,0.428,0.378,0.353,0.317,4457.3,73.2,18.7,76,87,11
Colombia,COL,2006,Latin America,0.571,0.449,0.396,0.368,0.332,4694,73.5,18.2,76.2,90.3,15.3
Colombia,COL,2007,Latin America,0.583,0.461,0.405,0.375,0.34,4947.3,73.8,17.7,76.3,93,21.8
Colombia,COL,2008,Latin America,0.585,0.462,0.402,0.379,0.343,5048.6,74.2,17.2,76.5,94.2,25.6
Colombia,COL,2009,Latin America,0.587,0.465,0.401,0.382,0.342,5047,74.5,16.7,76.6,98.3,30
Colombia,COL,2010,Latin America,0.624,0.498,0.431,0.454,0.373,5214.2,74.9,16.2,76.7,100,36.5
Colombia,COL,2011,Latin America,0.66,0.539,0.453,0.516,0.4,5517.1,75.2,15.7,76.8,101.2,40.4
Colombia,COL,2012,Latin America,0.661,0.54,0.453,0.528,0.398,5675.8,75.6,15.2,76.9,97.2,49
Colombia,COL,2013,Latin America,0.669,0.537,0.455,0.54,0.404,5910.8,75.8,14.8,77,98.1,51.7
Colombia,COL,2014,Latin America,0.677,0.545,0.455,0.557,0.409,6121.8,76,14.3,77.1,97.4,52.6
Colombia,COL,2015,Latin America,0.681,0.551,0.461,0.566,0.42,6248.5,76.1,13.9,77.2,97.7,55.9
Colombia,COL,2016,Latin America,0.682,0.547,0.492,0.565,0.413,6316.1,76.2,13.5,77.2,98.4,58.1
Colombia,COL,2017,Latin America,0.68,0.548,0.483,0.557,0.416,6309.7,76.4,13.1,77.2,99.2,62.3
Colombia,COL,2018,Latin America,0.666,0.533,0.471,0.473,0.395,6353.5,76.6,12.7,77.3,100.4,64.1
Colombia,COL,2019,Latin America,0.651,0.511,0.46,0.424,0.378,6440,76.8,12.3,77.5,102,65
Colombia,COL,2020,Latin America,0.643,0.496,0.447,0.393,0.349,5892,74.8,11.9,77.6,101.5,69.8
Colombia,COL,2021,Latin America,0.654,0.499,0.454,0.417,0.364,6457.2,72.7,11.5,77.8,103,73
Colombia,COL,2022,Latin America,0.696,0.561,0.488,0.519,0.426,6856.7,76.5,11.2,78,101.6,72.8
Colombia,COL,2023,Latin America,0.711,0.57,0.494,0.515,0.439,6837.4,77.7,10.8,78.3,NA,77.3
Comoros,COM,1990,Africa,0.381,0.178,0.214,0.262,0.265,1253.8,55.6,93.5,28.3,NA,0
Comoros,COM,1991,Africa,0.418,0.197,0.23,0.28,0.286,1148.1,56.1,90.2,28.5,NA,NA
Comoros,COM,1992,Africa,0.414,0.201,0.239,0.278,0.28,1207.3,56.6,87.1,28.5,22.9,NA
Comoros,COM,1993,Africa,0.339,0.158,0.197,0.243,0.245,1215.6,57,83.8,28.4,NA,NA
Comoros,COM,1994,Africa,0.399,0.198,0.221,0.271,0.272,1146.7,57.5,80.8,28.4,24.7,NA
Comoros,COM,1995,Africa,0.4,0.194,0.221,0.271,0.272,1190.5,57.8,77.8,28.3,NA,NA
Comoros,COM,1996,Africa,0.317,0.142,0.205,0.234,0.234,1164.2,58.2,75,28.3,NA,NA
Comoros,COM,1997,Africa,0.429,0.208,0.254,0.286,0.285,1194.8,58.2,72.4,28.2,NA,0
Comoros,COM,1998,Africa,0.43,0.209,0.248,0.286,0.288,1174.7,58.3,69.9,28.2,NA,0
Comoros,COM,1999,Africa,0.296,0.135,0.193,0.225,0.235,1185.1,58.9,67.5,28.1,31.9,0.1
Comoros,COM,2000,Africa,0.218,0.101,0.171,0.225,0.199,1150.8,58.9,65.2,28,NA,0.3
Comoros,COM,2001,Africa,0.221,0.096,0.182,0.226,0.199,1188.5,59.6,63,28,NA,0.4
Comoros,COM,2002,Africa,0.315,0.135,0.225,0.268,0.249,1217.1,59.7,60.9,28,35,0.6
Comoros,COM,2003,Africa,0.369,0.156,0.248,0.293,0.274,1217,60.2,58.9,27.9,38.9,0.8
Comoros,COM,2004,Africa,0.408,0.215,0.266,0.316,0.285,1231.1,60.6,56.9,28,42.6,1.3
Comoros,COM,2005,Africa,0.427,0.241,0.276,0.326,0.295,1274.6,60.9,55.1,28,NA,2
Comoros,COM,2006,Africa,0.419,0.237,0.268,0.307,0.295,1227.2,61.2,53.3,28.1,NA,2.2
Comoros,COM,2007,Africa,0.414,0.235,0.264,0.261,0.291,1212.7,61.5,51.7,28.2,NA,2.5
Comoros,COM,2008,Africa,0.414,0.235,0.263,0.267,0.293,1236,62,50.2,28.4,NA,3
Comoros,COM,2009,Africa,0.418,0.232,0.267,0.29,0.286,1250.9,62.3,48.9,28.6,NA,3.5
Comoros,COM,2010,Africa,0.416,0.243,0.272,0.288,0.286,1272.6,62.7,47.6,28.9,NA,5.1
Comoros,COM,2011,Africa,0.446,0.256,0.288,0.305,0.302,1299.1,63.1,46.4,29.1,NA,5.5
Comoros,COM,2012,Africa,0.446,0.256,0.288,0.305,0.302,1313.6,63.5,45.4,29.4,NA,6
Comoros,COM,2013,Africa,0.467,0.278,0.305,0.321,0.312,1343.5,63.8,44.4,29.7,59,6.5
Comoros,COM,2014,Africa,0.467,0.277,0.304,0.321,0.315,1342.3,64.1,43.6,30,61.5,7
Comoros,COM,2015,Africa,0.395,0.24,0.267,0.284,0.278,1329.4,64.5,42.8,30.4,NA,7.5
Comoros,COM,2016,Africa,0.385,0.239,0.261,0.277,0.27,1345.6,64.8,42,30.7,NA,7.9
Comoros,COM,2017,Africa,0.38,0.194,0.259,0.267,0.27,1369.4,65.1,41.3,31.1,57,8.5
Comoros,COM,2018,Africa,0.367,0.176,0.25,0.23,0.259,1391.8,65.4,40.6,31.4,61.7,NA
Comoros,COM,2019,Africa,0.305,0.129,0.209,0.205,0.239,1389.4,65.7,39.8,31.7,NA,16.4
Comoros,COM,2020,Africa,0.28,0.124,0.197,0.194,0.224,1359.7,65.8,38.9,32.1,NA,22.4
Comoros,COM,2021,Africa,0.28,0.124,0.198,0.166,0.224,1360.3,65.2,38,32.4,NA,30.7
Comoros,COM,2022,Africa,0.272,0.124,0.194,0.149,0.216,1367,66.5,37,32.8,54.8,31.4
Comoros,COM,2023,Africa,0.264,0.118,0.19,0.136,0.217,1383.6,66.8,36,33.2,NA,31.9
Costa Rica,CRI,1990,Latin America,0.891,0.838,0.622,0.83,0.786,6048.6,76.1,14.4,48.6,NA,0
Costa Rica,CRI,1991,Latin America,0.892,0.841,0.626,0.832,0.787,6030.2,76.2,13.8,49.5,NA,NA
Costa Rica,CRI,1992,Latin America,0.892,0.841,0.626,0.832,0.787,6420.4,76.4,13.4,50.5,NA,0
Costa Rica,CRI,1993,Latin America,0.892,0.841,0.626,0.832,0.787,6706.3,76.3,13.1,51.5,NA,0.1
Costa Rica,CRI,1994,Latin America,0.893,0.841,0.626,0.832,0.787,6839.4,76.3,12.9,52.5,NA,0.3
Costa Rica,CRI,1995,Latin America,0.893,0.841,0.631,0.832,0.787,6954.1,76.4,12.7,53.6,NA,0.4
Costa Rica,CRI,1996,Latin America,0.893,0.84,0.63,0.832,0.78,6884.7,76.4,12.6,54.7,NA,0.8
Costa Rica,CRI,1997,Latin America,0.893,0.835,0.63,0.832,0.78,7099.5,76.6,12.4,55.8,NA,1.6
Costa Rica,CRI,1998,Latin America,0.893,0.841,0.629,0.833,0.78,7439.7,76.9,12.1,56.9,NA,2.7
Costa Rica,CRI,1999,Latin America,0.893,0.841,0.629,0.833,0.78,7589.3,77.1,11.7,58,NA,3.9
Costa Rica,CRI,2000,Latin America,0.892,0.84,0.63,0.841,0.79,7726.5,77.3,11.2,59,NA,5.8
Costa Rica,CRI,2001,Latin America,0.892,0.841,0.633,0.841,0.795,7854.2,77.6,10.8,60.1,NA,9.6
Costa Rica,CRI,2002,Latin America,0.895,0.843,0.651,0.839,0.797,7989.6,77.9,10.4,61.3,65.6,19.9
Costa Rica,CRI,2003,Latin America,0.895,0.843,0.648,0.839,0.798,8207.5,78.2,10.1,62.5,NA,20.3
Costa Rica,CRI,2004,Latin America,0.894,0.843,0.648,0.839,0.797,8445.5,78.5,9.9,63.7,77.8,20.8
Costa Rica,CRI,2005,Latin America,0.894,0.839,0.648,0.839,0.799,8655.3,78.9,9.7,64.9,79.2,22.1
Costa Rica,CRI,2006,Latin America,0.905,0.851,0.657,0.86,0.809,9160.3,79,9.6,66.2,86,25.1
Costa Rica,CRI,2007,Latin America,0.908,0.854,0.698,0.864,0.811,9779.5,79.1,9.5,67.5,87,28.4
Costa Rica,CRI,2008,Latin America,0.908,0.854,0.698,0.859,0.811,10104.9,79.2,9.4,68.8,88.3,32.3
Costa Rica,CRI,2009,Latin America,0.908,0.855,0.698,0.859,0.813,9883.7,79.4,9.2,70.1,94.3,34.3
Costa Rica,CRI,2010,Latin America,0.91,0.857,0.699,0.861,0.817,10285.1,79.4,9,71.5,97.5,36.5
Costa Rica,CRI,2011,Latin America,0.91,0.856,0.7,0.861,0.817,10612.5,79.6,8.8,72.8,99.7,39.2
Costa Rica,CRI,2012,Latin America,0.91,0.857,0.696,0.862,0.822,11001.5,79.9,8.5,73.4,103.3,47.5
Costa Rica,CRI,2013,Latin America,0.907,0.853,0.691,0.858,0.815,11151.1,80.2,8.2,73.9,108.5,46
Costa Rica,CRI,2014,Latin America,0.906,0.854,0.689,0.857,0.813,11422.7,80.2,8,74.5,114.3,53
Costa Rica,CRI,2015,Latin America,0.906,0.854,0.678,0.85,0.815,11714.7,80.4,7.8,75,115.7,59.8
Costa Rica,CRI,2016,Latin America,0.902,0.852,0.672,0.839,0.811,12084.4,80,7.7,75.5,118.2,65.9
Costa Rica,CRI,2017,Latin America,0.898,0.85,0.666,0.844,0.808,12468.6,80,7.7,76.1,121.5,71.6
Costa Rica,CRI,2018,Latin America,0.89,0.834,0.658,0.827,0.798,12708.8,80.1,7.8,76.6,126,73.5
Costa Rica,CRI,2019,Latin America,0.893,0.842,0.655,0.833,0.804,12944,80.3,7.9,77,132.8,81.2
Costa Rica,CRI,2020,Latin America,0.895,0.844,0.653,0.84,0.803,12322.2,79.7,8.1,77.5,132.7,80.5
Costa Rica,CRI,2021,Latin America,0.894,0.843,0.649,0.838,0.794,13267.3,78,8.3,78,138.9,82.7
Costa Rica,CRI,2022,Latin America,0.866,0.813,0.628,0.797,0.767,13931.8,79.3,8.6,78.4,131.9,82.6
Costa Rica,CRI,2023,Latin America,0.862,0.809,0.612,0.787,0.759,14531.5,80.8,8.8,78.9,125.5,85.4
Croatia,HRV,1991,Eastern Europe,0.242,0.16,0.162,0.094,0.235,7842.6,72.2,11.4,54.3,NA,NA
Croatia,HRV,1992,Eastern Europe,0.299,0.18,0.189,0.116,0.259,7095.3,71.2,9.9,54.6,NA,NA
Croatia,HRV,1993,Eastern Europe,0.377,0.213,0.219,0.135,0.296,6490.9,71.5,9.4,54.8,NA,0.1
Croatia,HRV,1994,Eastern Europe,0.384,0.214,0.222,0.136,0.3,6795.8,71.8,9,55,NA,0.3
Croatia,HRV,1995,Eastern Europe,0.386,0.219,0.222,0.137,0.301,7304.7,72.1,8.6,55.2,NA,0.5
Croatia,HRV,1996,Eastern Europe,0.406,0.242,0.233,0.159,0.318,7858.2,72.4,8.3,55.3,NA,0.9
Croatia,HRV,1997,Eastern Europe,0.422,0.259,0.246,0.166,0.338,8383.5,72.5,8,55.5,NA,1.7
Croatia,HRV,1998,Eastern Europe,0.428,0.261,0.248,0.168,0.345,8577.7,72.3,7.7,55.6,NA,3.3
Croatia,HRV,1999,Eastern Europe,0.431,0.272,0.251,0.169,0.347,8541.5,72.6,7.5,55.6,NA,4.4
Croatia,HRV,2000,Eastern Europe,0.76,0.61,0.458,0.619,0.621,8880.5,72.8,7.2,55.7,NA,6.6
Croatia,HRV,2001,Eastern Europe,0.767,0.622,0.477,0.632,0.627,9515.9,74.5,6.9,55.7,94.8,11.6
Croatia,HRV,2002,Eastern Europe,0.766,0.622,0.476,0.63,0.626,10062.1,74.7,6.6,55.7,95,17.8
Croatia,HRV,2003,Eastern Europe,0.769,0.624,0.479,0.635,0.636,10619.3,74.6,6.6,55.6,95.5,22.8
Croatia,HRV,2004,Eastern Europe,0.757,0.606,0.471,0.556,0.621,11059.1,75.5,6.1,55.6,NA,30.9
Croatia,HRV,2005,Eastern Europe,0.775,0.635,0.483,0.567,0.634,11522.9,75.2,5.8,55.5,99.1,33.1
Croatia,HRV,2006,Eastern Europe,0.772,0.63,0.482,0.567,0.634,12104.3,75.8,5.5,55.5,99,38
Croatia,HRV,2007,Eastern Europe,0.784,0.642,0.49,0.571,0.648,12718.2,75.7,5.3,55.4,99,41.4
Croatia,HRV,2008,Eastern Europe,0.779,0.638,0.487,0.56,0.647,12970.5,75.9,5,55.4,99,44.2
Croatia,HRV,2009,Eastern Europe,0.784,0.653,0.512,0.556,0.651,12099.7,76.2,4.8,55.3,98.9,50.6
Croatia,HRV,2010,Eastern Europe,0.844,0.73,0.565,0.658,0.702,11965.1,76.5,4.7,55.3,98.9,56.5
Croatia,HRV,2011,Eastern Europe,0.853,0.744,0.579,0.673,0.71,11993.1,76.8,4.5,55.3,99.3,57.8
Croatia,HRV,2012,Eastern Europe,0.851,0.744,0.598,0.674,0.711,11780.6,77.2,4.4,55.3,99.3,61.9
Croatia,HRV,2013,Eastern Europe,0.828,0.71,0.613,0.652,0.671,11838.5,77.6,4.3,55.4,101.8,66.7
Croatia,HRV,2014,Eastern Europe,0.823,0.704,0.608,0.648,0.665,11862.8,77.7,4.2,55.5,102.5,68.6
Croatia,HRV,2015,Eastern Europe,0.816,0.703,0.593,0.644,0.656,12283.9,77.3,4.2,55.6,103,69.8
Croatia,HRV,2016,Eastern Europe,0.765,0.651,0.538,0.54,0.608,12848.5,77.9,4.1,55.7,103.7,72.7
Croatia,HRV,2017,Eastern Europe,0.739,0.623,0.517,0.574,0.58,13485.4,77.7,4.1,55.9,104.2,67.1
Croatia,HRV,2018,Eastern Europe,0.729,0.615,0.513,0.554,0.588,14061.1,77.9,4.1,56.1,105,75.3
Croatia,HRV,2019,Eastern Europe,0.734,0.617,0.514,0.547,0.582,14641.9,78.2,4,56.3,105.1,79.1
Croatia,HRV,2020,Eastern Europe,0.756,0.647,0.525,0.572,0.6,13545.7,77.5,4,56.5,105.6,78.3
Croatia,HRV,2021,Eastern Europe,0.747,0.641,0.507,0.543,0.592,15395.3,76.4,3.9,56.8,105.9,81.3
Croatia,HRV,2022,Eastern Europe,0.724,0.636,0.495,0.553,0.552,16618.3,77.6,3.9,57,105.6,82.1
Croatia,HRV,2023,Eastern Europe,0.725,0.628,0.49,0.513,0.562,17225.5,78.5,4,57.2,105,83.2
Cuba,CUB,1990,Latin America,0.071,0.033,0.043,0.051,0.224,4961.5,73.8,10.8,73.7,92.2,0
Cuba,CUB,1991,Latin America,0.071,0.033,0.042,0.051,0.224,4395.5,73.8,10.3,74.1,92.7,NA
Cuba,CUB,1992,Latin America,0.071,0.034,0.041,0.051,0.224,3861.9,73.8,9.8,74.4,91.2,NA
Cuba,CUB,1993,Latin America,0.103,0.037,0.044,0.055,0.232,3270.6,73.9,9.3,74.5,88.1,NA
Cuba,CUB,1994,Latin America,0.108,0.037,0.044,0.055,0.233,3280.4,74.1,8.9,74.5,83.1,NA
Cuba,CUB,1995,Latin America,0.108,0.037,0.043,0.055,0.232,3348.9,74.3,8.5,74.6,79.1,0
Cuba,CUB,1996,Latin America,0.108,0.038,0.043,0.055,0.232,3599.3,74.7,8.1,74.8,82.7,0
Cuba,CUB,1997,Latin America,0.108,0.038,0.042,0.055,0.232,3687.4,75.1,7.8,75.1,82.2,0.1
Cuba,CUB,1998,Latin America,0.113,0.039,0.043,0.056,0.233,3681,75.4,7.4,75.3,NA,0.2
Cuba,CUB,1999,Latin America,0.113,0.04,0.043,0.056,0.233,3895.5,75.7,7.1,75.4,79.6,0.3
Cuba,CUB,2000,Latin America,0.113,0.04,0.043,0.056,0.233,4112.3,75.9,6.8,75.6,81.9,0.5
Cuba,CUB,2001,Latin America,0.113,0.041,0.043,0.056,0.233,4229.9,76.4,6.5,75.9,84.4,1.1
Cuba,CUB,2002,Latin America,0.113,0.041,0.043,0.056,0.233,4277.4,76.8,6.3,75.9,88.6,3.8
Cuba,CUB,2003,Latin America,0.114,0.04,0.044,0.056,0.234,4427,77.4,6,75.9,91.8,5.2
Cuba,CUB,2004,Latin America,0.114,0.04,0.044,0.056,0.223,4670.2,77.3,5.8,75.9,91.1,8.4
Cuba,CUB,2005,Latin America,0.113,0.041,0.044,0.056,0.225,5182.4,77.5,5.6,76,92.4,9.7
Cuba,CUB,2006,Latin America,0.113,0.041,0.044,0.056,0.225,5799.4,77.4,5.4,76.1,93.2,11.2
Cuba,CUB,2007,Latin America,0.113,0.041,0.044,0.071,0.224,6215.8,77.6,5.2,76.2,93.1,11.7
Cuba,CUB,2008,Latin America,0.105,0.039,0.042,0.076,0.222,6469.1,77.6,5.1,76.4,93.2,12.9
Cuba,CUB,2009,Latin America,0.167,0.05,0.052,0.088,0.242,6561.3,77.6,5,76.5,92.1,14.3
Cuba,CUB,2010,Latin America,0.167,0.05,0.052,0.088,0.242,6716.5,77.9,4.9,76.6,92.4,15.9
Cuba,CUB,2011,Latin America,0.167,0.051,0.048,0.088,0.242,6902.2,78.1,4.8,76.7,92.2,16
Cuba,CUB,2012,Latin America,0.167,0.052,0.047,0.087,0.242,7109.2,78.2,4.8,76.8,90.9,21.2
Cuba,CUB,2013,Latin America,0.168,0.057,0.044,0.089,0.237,7307.8,78,4.8,76.8,91.3,27.9
Cuba,CUB,2014,Latin America,0.168,0.057,0.045,0.089,0.237,7392.5,77.8,4.8,76.8,96,29.1
Cuba,CUB,2015,Latin America,0.168,0.057,0.045,0.089,0.237,7727.9,77.7,4.8,76.9,96.1,37.3
Cuba,CUB,2016,Latin America,0.169,0.055,0.044,0.082,0.233,7774.1,77.6,4.9,76.9,97.8,43
Cuba,CUB,2017,Latin America,0.168,0.058,0.044,0.081,0.233,7927.3,77.3,5.1,77,98.9,57.1
Cuba,CUB,2018,Latin America,0.177,0.061,0.05,0.101,0.233,8120.4,77.4,5.2,77,99.6,62.7
Cuba,CUB,2019,Latin America,0.181,0.062,0.057,0.102,0.246,8124.8,77.4,5.4,77.1,100.5,68
Cuba,CUB,2020,Latin America,0.178,0.06,0.055,0.102,0.247,7252.3,77.4,5.7,77.1,101.5,71.1
Cuba,CUB,2021,Latin America,0.178,0.056,0.055,0.102,0.247,7379,73.2,5.9,77.1,100,67.6
Cuba,CUB,2022,Latin America,0.178,0.056,0.055,0.104,0.238,7552.3,77.6,6.2,77.1,103.6,67.9
Cuba,CUB,2023,Latin America,0.175,0.055,0.054,0.103,0.234,7433.4,78.1,6.5,77.1,95.6,69.6
Cyprus,CYP,1990,The West,0.752,0.608,0.478,0.629,0.6,17144.5,76,10,67.1,NA,0
Cyprus,CYP,1991,The West,0.764,0.624,0.492,0.639,0.611,16829.9,76.2,9.9,67.4,NA,NA
Cyprus,CYP,1992,The West,0.773,0.632,0.497,0.649,0.619,17928.5,76.3,9.6,67.6,NA,0.1
Cyprus,CYP,1993,The West,0.774,0.633,0.5,0.647,0.62,17623.3,76.3,9.1,67.8,NA,0.1
Cyprus,CYP,1994,The West,0.774,0.635,0.5,0.646,0.621,18281,76.4,8.5,68,NA,0.1
Cyprus,CYP,1995,The West,0.774,0.634,0.5,0.646,0.621,19453.8,76.6,8,68.2,NA,0.4
Cyprus,CYP,1996,The West,0.776,0.635,0.501,0.65,0.622,19385.3,76.9,7.5,68.3,NA,0.7
Cyprus,CYP,1997,The West,0.778,0.636,0.501,0.653,0.623,19617.2,77.1,7,68.5,NA,4.4
Cyprus,CYP,1998,The West,0.765,0.629,0.493,0.642,0.613,20562.3,77.2,6.5,68.6,NA,8.9
Cyprus,CYP,1999,The West,0.765,0.632,0.491,0.672,0.626,21349.7,77.6,6.1,68.7,NA,11.3
Cyprus,CYP,2000,The West,0.795,0.668,0.527,0.7,0.662,22384,77.9,5.7,68.8,NA,15.3
Cyprus,CYP,2001,The West,0.805,0.678,0.537,0.71,0.672,23019.2,78.2,5.3,68.8,93.4,18.8
Cyprus,CYP,2002,The West,0.81,0.684,0.542,0.721,0.677,23604.2,78.8,5,68.8,96.9,28.3
Cyprus,CYP,2003,The West,0.805,0.668,0.536,0.714,0.67,23930.8,78.9,4.7,68.7,97.6,30.1
Cyprus,CYP,2004,The West,0.826,0.704,0.572,0.733,0.699,24799.6,79,4.4,68.6,96.3,33.8
Cyprus,CYP,2005,The West,0.825,0.704,0.559,0.734,0.702,25631.4,79.2,4.1,68.4,94,32.8
Cyprus,CYP,2006,The West,0.834,0.713,0.568,0.742,0.716,26395.5,79.5,3.8,68.3,93.1,35.8
Cyprus,CYP,2007,The West,0.837,0.724,0.57,0.741,0.719,27156.8,79.8,3.5,68.1,92.9,40.8
Cyprus,CYP,2008,The West,0.836,0.723,0.568,0.741,0.719,27449.2,79.9,3.2,67.9,92.4,42.3
Cyprus,CYP,2009,The West,0.836,0.722,0.57,0.728,0.72,26183.7,80.4,3,67.7,91.9,49.8
Cyprus,CYP,2010,The West,0.845,0.734,0.576,0.748,0.727,26090,80.6,2.7,67.5,91.4,53
Cyprus,CYP,2011,The West,0.845,0.734,0.576,0.744,0.728,25538.8,80.9,2.6,67.4,92.8,56.9
Cyprus,CYP,2012,The West,0.845,0.733,0.575,0.748,0.725,24285.5,81.1,2.4,67.3,95.3,60.7
Cyprus,CYP,2013,The West,0.847,0.732,0.578,0.718,0.727,22711.7,81.3,2.3,67.2,98,65.5
Cyprus,CYP,2014,The West,0.846,0.733,0.577,0.727,0.726,22373.6,81.3,2.2,67.1,97.8,69.3
Cyprus,CYP,2015,The West,0.851,0.737,0.577,0.735,0.738,23088.4,81.5,2.1,67,99,71.7
Cyprus,CYP,2016,The West,0.851,0.739,0.58,0.73,0.743,24478,81.5,2.1,67,98.8,75.9
Cyprus,CYP,2017,The West,0.84,0.731,0.567,0.702,0.731,25666,81.5,2.2,66.9,99.5,80.7
Cyprus,CYP,2018,The West,0.836,0.722,0.56,0.715,0.73,26962.4,81.6,2.3,66.8,99.4,84.4
Cyprus,CYP,2019,The West,0.84,0.71,0.56,0.711,0.739,28167.1,81.5,2.5,66.8,101,86.1
Cyprus,CYP,2020,The West,0.807,0.691,0.531,0.629,0.704,26895.7,81.2,2.7,66.7,101.9,90.8
Cyprus,CYP,2021,The West,0.795,0.653,0.522,0.652,0.693,29517.1,80.6,3,66.7,102,90.8
Cyprus,CYP,2022,The West,0.779,0.645,0.501,0.641,0.675,31505.2,80.4,3.4,66.7,103.8,89.6
Cyprus,CYP,2023,The West,0.777,0.643,0.498,0.652,0.674,32022,81.6,3.8,66.7,105.2,91.2
Czechia,CZE,1990,Eastern Europe,0.794,0.71,0.503,0.704,0.711,11900.6,71.4,10.4,75.2,NA,0
Czechia,CZE,1991,Eastern Europe,0.883,0.796,0.567,0.784,0.795,10543.6,71.9,9.9,75.2,NA,NA
Czechia,CZE,1992,Eastern Europe,0.884,0.805,0.569,0.774,0.798,10479.5,72.3,9.3,75.1,NA,NA
Czechia,CZE,1993,Eastern Europe,0.895,0.819,0.579,0.768,0.81,10475.1,72.8,8.6,75,NA,0.6
Czechia,CZE,1994,Eastern Europe,0.895,0.819,0.579,0.768,0.81,10775.9,73,7.9,74.9,NA,1.3
Czechia,CZE,1995,Eastern Europe,0.895,0.819,0.579,0.768,0.81,11453.4,73.1,7.1,74.7,NA,1.4
Czechia,CZE,1996,Eastern Europe,0.892,0.817,0.578,0.778,0.808,11944.7,73.7,6.4,74.6,NA,1.9
Czechia,CZE,1997,Eastern Europe,0.891,0.816,0.577,0.785,0.806,11886.3,73.8,5.7,74.4,NA,2.9
Czechia,CZE,1998,Eastern Europe,0.884,0.808,0.572,0.801,0.797,11850.8,74.5,5.2,74.3,NA,3.9
Czechia,CZE,1999,Eastern Europe,0.878,0.801,0.567,0.782,0.79,12026.5,74.7,4.8,74.1,NA,6.8
Czechia,CZE,2000,Eastern Europe,0.878,0.801,0.577,0.776,0.79,12543.9,75,4.5,74,NA,9.8
Czechia,CZE,2001,Eastern Europe,0.878,0.801,0.577,0.776,0.788,12958.5,75.2,4.2,73.9,94.6,14.7
Czechia,CZE,2002,Eastern Europe,0.884,0.808,0.582,0.783,0.796,13180,75.2,4,73.8,95.3,23.9
Czechia,CZE,2003,Eastern Europe,0.891,0.814,0.613,0.796,0.804,13618.9,75.2,3.9,73.8,96,34.3
Czechia,CZE,2004,Eastern Europe,0.892,0.815,0.615,0.796,0.808,14259.6,75.7,3.7,73.7,95.5,35.5
Czechia,CZE,2005,Eastern Europe,0.892,0.816,0.618,0.798,0.81,15147.7,75.9,3.5,73.6,96,35.3
Czechia,CZE,2006,Eastern Europe,0.896,0.821,0.622,0.797,0.814,16107.3,76.5,3.3,73.6,97.5,47.9
Czechia,CZE,2007,Eastern Europe,0.897,0.824,0.624,0.802,0.815,16892.5,76.7,3.2,73.5,97.7,51.9
Czechia,CZE,2008,Eastern Europe,0.897,0.821,0.622,0.81,0.819,17190.6,77,3,73.5,98.1,63
Czechia,CZE,2009,Eastern Europe,0.888,0.813,0.612,0.796,0.811,16272.8,77.1,2.9,73.4,97.9,64.4
Czechia,CZE,2010,Eastern Europe,0.883,0.805,0.607,0.79,0.805,16665.9,77.4,2.7,73.3,98.7,68.8
Czechia,CZE,2011,Eastern Europe,0.891,0.808,0.612,0.786,0.813,16926.3,77.9,2.6,73.3,99.4,70.5
Czechia,CZE,2012,Eastern Europe,0.891,0.814,0.611,0.786,0.812,16772.4,78.1,2.6,73.2,99.8,73.4
Czechia,CZE,2013,Eastern Europe,0.863,0.779,0.585,0.703,0.785,16759.8,78.2,2.5,73.2,106.9,74.1
Czechia,CZE,2014,Eastern Europe,0.852,0.766,0.569,0.733,0.772,17118,78.8,2.5,73.1,106.1,74.2
Czechia,CZE,2015,Eastern Europe,0.852,0.766,0.568,0.73,0.769,17931.6,78.6,2.6,73,104.8,75.7
Czechia,CZE,2016,Eastern Europe,0.852,0.763,0.566,0.73,0.772,18359.1,79,2.6,73,103,76.5
Czechia,CZE,2017,Eastern Europe,0.833,0.726,0.563,0.687,0.74,19257.7,79,2.6,72.9,102.2,78.7
Czechia,CZE,2018,Eastern Europe,0.81,0.708,0.535,0.667,0.719,19736.6,79,2.5,72.8,101.5,80.7
Czechia,CZE,2019,Eastern Europe,0.8,0.699,0.525,0.635,0.707,20360.1,79.2,2.4,72.8,100.2,80.9
Czechia,CZE,2020,Eastern Europe,0.806,0.709,0.526,0.638,0.716,19233.1,78.2,2.4,72.7,99.3,81.3
Czechia,CZE,2021,Eastern Europe,0.789,0.698,0.522,0.616,0.704,20373.9,77.2,2.3,72.7,102.1,82.7
Czechia,CZE,2022,Eastern Europe,0.854,0.784,0.559,0.747,0.769,20627.3,78.9,2.2,72.7,102.9,84.5
Czechia,CZE,2023,Eastern Europe,0.863,0.796,0.569,0.763,0.779,20272.6,79.8,2.1,72.7,97.6,86
Democratic Republic of the Congo,COD,1990,Africa,0.177,0.051,0.118,0.061,0.086,831.7,48.5,98.5,30.3,NA,0
Democratic Republic of the Congo,COD,1991,Africa,0.198,0.055,0.124,0.083,0.091,736.7,48.9,97.5,30.7,NA,NA
Democratic Republic of the Congo,COD,1992,Africa,0.2,0.054,0.132,0.119,0.092,637.4,49.3,96.5,31.1,22.2,NA
Democratic Republic of the Congo,COD,1993,Africa,0.168,0.035,0.124,0.111,0.091,532.2,49.6,95.7,31.5,23.9,NA
Democratic Republic of the Congo,COD,1994,Africa,0.17,0.035,0.123,0.107,0.091,487.8,49.9,95,32,25.4,NA
Democratic Republic of the Congo,COD,1995,Africa,0.17,0.036,0.122,0.105,0.091,471.3,50.4,94.3,32.5,27.3,NA
Democratic Republic of the Congo,COD,1996,Africa,0.17,0.036,0.122,0.105,0.087,457.6,49.4,118.1,32.9,NA,0
Democratic Republic of the Congo,COD,1997,Africa,0.126,0.026,0.108,0.047,0.074,425,50.5,116.5,33.4,NA,0
Democratic Republic of the Congo,COD,1998,Africa,0.149,0.039,0.096,0.06,0.094,406.9,49.7,110.5,33.9,NA,0
Democratic Republic of the Congo,COD,1999,Africa,0.149,0.043,0.096,0.06,0.123,376.6,50.1,107.9,34.4,NA,0
Democratic Republic of the Congo,COD,2000,Africa,0.15,0.053,0.095,0.064,0.125,339.5,51.9,105,34.9,NA,0
Democratic Republic of the Congo,COD,2001,Africa,0.156,0.055,0.095,0.082,0.126,322,52.2,101.8,35.4,NA,0
Democratic Republic of the Congo,COD,2002,Africa,0.163,0.056,0.108,0.093,0.128,321.5,52.4,98.5,35.9,NA,0.1
Democratic Republic of the Congo,COD,2003,Africa,0.18,0.085,0.111,0.113,0.132,329.7,53,95.2,36.5,NA,0.1
Democratic Republic of the Congo,COD,2004,Africa,0.187,0.096,0.113,0.114,0.135,341.7,53.5,91.7,37,NA,0.2
Democratic Republic of the Congo,COD,2005,Africa,0.197,0.098,0.126,0.116,0.137,351.7,54,72,37.4,NA,0.2
Democratic Republic of the Congo,COD,2006,Africa,0.251,0.116,0.183,0.179,0.156,358.5,54.5,69,37.8,NA,0.3
Democratic Republic of the Congo,COD,2007,Africa,0.355,0.149,0.223,0.208,0.194,377.6,55,66.2,38.2,33.6,0.4
Democratic Republic of the Congo,COD,2008,Africa,0.357,0.149,0.223,0.214,0.193,393.6,55.4,63.7,38.6,35.8,0.4
Democratic Republic of the Congo,COD,2009,Africa,0.36,0.153,0.226,0.216,0.198,383.7,55.8,61.4,39,37.4,0.6
Democratic Republic of the Congo,COD,2010,Africa,0.352,0.152,0.23,0.208,0.196,403.7,56.4,59.5,39.4,37,0.7
Democratic Republic of the Congo,COD,2011,Africa,0.347,0.15,0.226,0.204,0.197,389.1,56.9,57.9,39.8,38.9,1.2
Democratic Republic of the Congo,COD,2012,Africa,0.321,0.141,0.214,0.191,0.182,409,57.4,56.7,40.2,38.8,1.7
Democratic Republic of the Congo,COD,2013,Africa,0.319,0.124,0.207,0.175,0.186,464.5,57.8,55.8,40.6,38.5,2.2
Democratic Republic of the Congo,COD,2014,Africa,0.318,0.126,0.207,0.17,0.186,481.8,58.2,55.3,41,41.2,3
Democratic Republic of the Congo,COD,2015,Africa,0.316,0.122,0.204,0.142,0.184,495.8,58.7,55.1,41.3,42.2,3.8
Democratic Republic of the Congo,COD,2016,Africa,0.305,0.119,0.207,0.123,0.18,480.5,59.1,55.1,41.7,NA,10.1
Democratic Republic of the Congo,COD,2017,Africa,0.304,0.11,0.205,0.128,0.176,482.9,59.5,55.4,42.1,NA,NA
Democratic Republic of the Congo,COD,2018,Africa,0.306,0.117,0.205,0.124,0.181,495.3,59.9,55.8,42.5,NA,11.7
Democratic Republic of the Congo,COD,2019,Africa,0.344,0.141,0.213,0.267,0.199,482.5,60.2,56.5,42.9,NA,13
Democratic Republic of the Congo,COD,2020,Africa,0.347,0.152,0.218,0.292,0.203,470.9,60.4,57.2,43.3,NA,14.5
Democratic Republic of the Congo,COD,2021,Africa,0.342,0.14,0.204,0.266,0.182,485.2,60,57.6,43.6,55.4,16.2
Democratic Republic of the Congo,COD,2022,Africa,0.336,0.15,0.198,0.251,0.169,513.5,61,57.6,44,NA,18
Democratic Republic of the Congo,COD,2023,Africa,0.333,0.123,0.208,0.232,0.156,539.5,61.9,57.2,44.4,55.5,19
Denmark,DNK,1990,The West,0.908,0.88,0.718,0.864,0.869,39306.8,74.8,7.3,84.8,NA,0.1
Denmark,DNK,1991,The West,0.909,0.881,0.715,0.864,0.869,39776.6,75.2,6.9,84.9,NA,0.2
Denmark,DNK,1992,The West,0.909,0.881,0.73,0.864,0.869,40447.2,75.2,6.4,84.9,NA,0.4
Denmark,DNK,1993,The West,0.909,0.881,0.734,0.864,0.869,40280.9,75.1,6,84.9,NA,0.6
Denmark,DNK,1994,The West,0.909,0.881,0.734,0.864,0.869,42270.7,75.4,5.7,85,NA,1.3
Denmark,DNK,1995,The West,0.908,0.88,0.734,0.863,0.869,43328.5,75.2,5.4,85,NA,3.8
Denmark,DNK,1996,The West,0.908,0.88,0.734,0.863,0.869,44331.6,75.6,5.1,85,NA,5.7
Denmark,DNK,1997,The West,0.908,0.88,0.73,0.863,0.869,45546.6,75.9,5,85.1,NA,11.4
Denmark,DNK,1998,The West,0.906,0.879,0.733,0.861,0.867,46437.2,76.1,4.8,85.1,NA,22.7
Denmark,DNK,1999,The West,0.906,0.878,0.731,0.861,0.867,47657.2,76.3,4.7,85.1,NA,30.6
Denmark,DNK,2000,The West,0.906,0.878,0.728,0.861,0.867,49267,76.6,4.7,85.1,NA,39.2
Denmark,DNK,2001,The West,0.906,0.879,0.726,0.861,0.867,49557.2,76.8,4.6,85.2,129.9,43
Denmark,DNK,2002,The West,0.908,0.88,0.724,0.862,0.868,49624.6,76.9,4.5,85.3,125.1,64.2
Denmark,DNK,2003,The West,0.908,0.88,0.72,0.862,0.868,49708.1,77.1,4.4,85.4,124.6,76.3
Denmark,DNK,2004,The West,0.908,0.88,0.715,0.862,0.868,50956.3,77.5,4.2,85.7,121.3,80.9
Denmark,DNK,2005,The West,0.92,0.895,0.723,0.877,0.883,52015.2,77.8,4.1,86,122.1,82.7
Denmark,DNK,2006,The West,0.922,0.896,0.72,0.88,0.884,53823.2,78.1,3.9,86.3,118.2,86.7
Denmark,DNK,2007,The West,0.922,0.896,0.715,0.88,0.884,54114,78.2,3.8,86.4,118,85
Denmark,DNK,2008,The West,0.921,0.895,0.71,0.879,0.883,53572.5,78.4,3.7,86.6,117.3,85
Denmark,DNK,2009,The West,0.921,0.895,0.721,0.877,0.883,50635.9,78.6,3.6,86.8,117.1,86.8
Denmark,DNK,2010,The West,0.921,0.895,0.719,0.872,0.883,51209.4,79.1,3.5,86.9,118.9,88.7
Denmark,DNK,2011,The West,0.921,0.894,0.716,0.884,0.883,51667.5,79.8,3.5,87.2,121.8,89.8
Denmark,DNK,2012,The West,0.921,0.895,0.714,0.885,0.884,51470.7,80.1,3.5,87.2,124.6,92.3
Denmark,DNK,2013,The West,0.921,0.895,0.711,0.881,0.885,51970.4,80.3,3.5,87.5,131.7,94.6
Denmark,DNK,2014,The West,0.921,0.895,0.711,0.88,0.885,52368.4,80.7,3.5,87.7,132.5,96
Denmark,DNK,2015,The West,0.921,0.894,0.71,0.881,0.884,53094,80.7,3.5,87.7,133.8,96.3
Denmark,DNK,2016,The West,0.918,0.892,0.707,0.877,0.882,54300.2,80.9,3.5,87.7,131.4,97
Denmark,DNK,2017,The West,0.918,0.891,0.707,0.881,0.875,55601,81.1,3.4,88,130.3,97.1
Denmark,DNK,2018,The West,0.918,0.89,0.707,0.878,0.881,56355.1,81,3.4,88.1,129.8,97.3
Denmark,DNK,2019,The West,0.916,0.886,0.704,0.876,0.878,57114.6,81.5,3.3,88.2,129.3,98
Denmark,DNK,2020,The West,0.915,0.882,0.701,0.876,0.876,55934.6,81.6,3.3,88.2,130,96.5
Denmark,DNK,2021,The West,0.915,0.882,0.694,0.873,0.877,59312.8,81.4,3.3,88.3,131.8,98.9
Denmark,DNK,2022,The West,0.915,0.887,0.702,0.878,0.878,59108.7,81.3,3.3,88.4,130.3,97.9
Denmark,DNK,2023,The West,0.917,0.884,0.704,0.873,0.88,59027,81.8,3.4,88.6,127,98.8
Djibouti,DJI,1990,Africa,0.18,0.084,0.04,0.047,0.109,NA,55.5,87.9,76.1,NA,0
Djibouti,DJI,1991,Africa,0.178,0.081,0.04,0.045,0.104,NA,55.2,86.9,76.1,NA,NA
Djibouti,DJI,1992,Africa,0.226,0.105,0.089,0.077,0.15,NA,54.4,86.1,76.1,NA,NA
Djibouti,DJI,1993,Africa,0.24,0.11,0.115,0.081,0.155,NA,55.7,85.5,75.9,NA,NA
Djibouti,DJI,1994,Africa,0.24,0.11,0.115,0.081,0.155,NA,55.6,85.1,75.7,NA,NA
Djibouti,DJI,1995,Africa,0.24,0.11,0.115,0.124,0.153,NA,56.2,84.6,75.4,NA,0
Djibouti,DJI,1996,Africa,0.24,0.11,0.115,0.124,0.153,NA,56.3,84,75.1,NA,0
Djibouti,DJI,1997,Africa,0.24,0.11,0.114,0.124,0.153,NA,56.2,83.4,74.7,NA,0.1
Djibouti,DJI,1998,Africa,0.245,0.114,0.114,0.125,0.154,NA,56.4,82.5,74.2,NA,0.1
Djibouti,DJI,1999,Africa,0.246,0.114,0.113,0.126,0.155,NA,56.6,81.5,73.8,NA,0.1
Djibouti,DJI,2000,Africa,0.251,0.116,0.116,0.148,0.157,NA,56.7,80.3,73.3,NA,0.2
Djibouti,DJI,2001,Africa,0.253,0.117,0.116,0.149,0.158,NA,57.5,79,72.9,NA,0.3
Djibouti,DJI,2002,Africa,0.268,0.122,0.121,0.145,0.169,NA,57.8,77.5,72.5,NA,0.5
Djibouti,DJI,2003,Africa,0.262,0.12,0.118,0.144,0.166,NA,58,75.9,72,NA,0.6
Djibouti,DJI,2004,Africa,0.264,0.121,0.118,0.145,0.167,NA,58.1,74.4,71.6,NA,0.8
Djibouti,DJI,2005,Africa,0.25,0.116,0.112,0.14,0.163,NA,58.5,72.7,71.3,NA,1
Djibouti,DJI,2006,Africa,0.247,0.115,0.138,0.138,0.161,NA,59,71.1,71,NA,1.3
Djibouti,DJI,2007,Africa,0.247,0.115,0.136,0.138,0.161,NA,59.4,69.5,70.8,NA,1.6
Djibouti,DJI,2008,Africa,0.242,0.114,0.134,0.137,0.159,NA,59.8,67.8,70.7,NA,2.3
Djibouti,DJI,2009,Africa,0.244,0.114,0.134,0.137,0.16,NA,60.4,66.2,70.6,NA,4
Djibouti,DJI,2010,Africa,0.242,0.113,0.133,0.137,0.159,NA,60.7,64.6,70.6,NA,6.5
Djibouti,DJI,2011,Africa,0.246,0.114,0.132,0.138,0.16,NA,61.3,63.1,70.7,NA,7
Djibouti,DJI,2012,Africa,0.247,0.115,0.133,0.139,0.161,NA,61.7,61.5,70.7,NA,9.4
Djibouti,DJI,2013,Africa,0.244,0.114,0.132,0.138,0.156,2140.1,62.1,59.8,70.8,NA,12.7
Djibouti,DJI,2014,Africa,0.245,0.114,0.133,0.138,0.155,2253.1,62.4,58.2,70.9,NA,17
Djibouti,DJI,2015,Africa,0.245,0.114,0.133,0.138,0.155,2376.1,62.8,56.6,71,NA,22.9
Djibouti,DJI,2016,Africa,0.243,0.114,0.132,0.138,0.156,2502.9,63.3,55,71.1,NA,30.8
Djibouti,DJI,2017,Africa,0.243,0.11,0.132,0.138,0.16,2596.5,63.7,53.3,71.3,NA,55.7
Djibouti,DJI,2018,Africa,0.25,0.113,0.134,0.154,0.172,2677.2,64.1,51.8,71.5,NA,57.1
Djibouti,DJI,2019,Africa,0.251,0.119,0.134,0.145,0.176,2781.9,64.4,50.2,71.7,NA,58.5
Djibouti,DJI,2020,Africa,0.25,0.119,0.133,0.132,0.176,2773.4,64.2,48.7,72,NA,59.9
Djibouti,DJI,2021,Africa,0.251,0.12,0.134,0.144,0.188,2854.2,63.8,47.3,72.3,NA,61.4
Djibouti,DJI,2022,Africa,0.25,0.119,0.144,0.143,0.189,2959.8,65.5,45.8,72.6,NA,63.8
Djibouti,DJI,2023,Africa,0.25,0.118,0.144,0.144,0.188,3117.8,66,44.4,72.8,NA,64.8
Dominican Republic,DOM,1990,Latin America,0.46,0.216,0.294,0.255,0.242,2772.8,67.7,48,55,NA,0
Dominican Republic,DOM,1991,Latin America,0.43,0.203,0.278,0.24,0.228,2741.9,68.2,46.2,55.3,NA,NA
Dominican Republic,DOM,1992,Latin America,0.43,0.203,0.278,0.24,0.221,2989.6,68.5,44.5,55.6,NA,NA
Dominican Republic,DOM,1993,Latin America,0.43,0.201,0.278,0.24,0.221,3147.7,68.9,42.7,56,NA,NA
Dominican Republic,DOM,1994,Latin America,0.432,0.196,0.278,0.24,0.221,3167.9,69.2,41,56.5,41,NA
Dominican Republic,DOM,1995,Latin America,0.444,0.205,0.284,0.247,0.227,3286.4,69.4,39.4,57.1,42.8,0
Dominican Republic,DOM,1996,Latin America,0.544,0.281,0.345,0.338,0.275,3419.5,69.6,37.9,57.8,NA,0.1
Dominican Republic,DOM,1997,Latin America,0.619,0.357,0.395,0.465,0.318,3659.5,69.8,36.6,58.6,NA,0.1
Dominican Republic,DOM,1998,Latin America,0.639,0.372,0.413,0.482,0.33,3840.9,69.9,35.4,59.5,53.3,0.2
Dominican Republic,DOM,1999,Latin America,0.647,0.378,0.418,0.501,0.335,4004.2,70.2,34.3,60.4,55.1,1.1
Dominican Republic,DOM,2000,Latin America,0.665,0.391,0.429,0.515,0.346,4123.1,70.4,33.5,61.3,59.4,3.7
Dominican Republic,DOM,2001,Latin America,0.673,0.391,0.434,0.52,0.351,4159,70.6,32.7,62.3,NA,4.4
Dominican Republic,DOM,2002,Latin America,0.672,0.388,0.433,0.518,0.35,4280.8,70.7,32.1,63.3,67.8,6.8
Dominican Republic,DOM,2003,Latin America,0.671,0.385,0.432,0.518,0.349,4162.7,70.9,31.7,64.4,NA,7.9
Dominican Republic,DOM,2004,Latin America,0.659,0.379,0.424,0.507,0.344,4212,70.7,31.3,65.9,68.9,8.9
Dominican Republic,DOM,2005,Latin America,0.651,0.383,0.419,0.501,0.339,4549.2,71,31,67.6,70.5,11.5
Dominican Republic,DOM,2006,Latin America,0.644,0.378,0.415,0.496,0.337,4904.7,71.1,30.8,69.3,NA,14.8
Dominican Republic,DOM,2007,Latin America,0.636,0.376,0.411,0.49,0.333,5204.8,71.1,30.6,71,79.9,17.7
Dominican Republic,DOM,2008,Latin America,0.638,0.376,0.411,0.492,0.335,5308.9,71.3,30.5,72.5,78.8,20.8
Dominican Republic,DOM,2009,Latin America,0.639,0.377,0.412,0.492,0.336,5294.6,71.6,30.5,73.6,80.7,27.7
Dominican Republic,DOM,2010,Latin America,0.625,0.371,0.406,0.488,0.326,5666.5,72,30.5,74.2,78,31.4
Dominican Republic,DOM,2011,Latin America,0.623,0.364,0.403,0.487,0.325,5773.6,72.5,30.6,74.2,77.4,38
Dominican Republic,DOM,2012,Latin America,0.612,0.366,0.397,0.481,0.328,5860.3,72.8,30.6,74.2,78,42.3
Dominican Republic,DOM,2013,Latin America,0.6,0.354,0.381,0.449,0.324,6075,73,30.8,74.2,79.2,45.9
Dominican Republic,DOM,2014,Latin America,0.6,0.352,0.381,0.449,0.324,6430.3,73.1,30.9,74.2,80.1,49.6
Dominican Republic,DOM,2015,Latin America,0.59,0.344,0.365,0.44,0.321,6801,73,31,74.1,79.9,54.2
Dominican Republic,DOM,2016,Latin America,0.571,0.333,0.354,0.422,0.299,7177.8,72.9,31.2,74.1,80.1,63.9
Dominican Republic,DOM,2017,Latin America,0.559,0.328,0.347,0.405,0.294,7379.4,73.4,31.2,73.9,79.9,67.6
Dominican Republic,DOM,2018,Latin America,0.573,0.339,0.36,0.414,0.301,7818.7,73.6,31.1,73.8,80.2,74.8
Dominican Republic,DOM,2019,Latin America,0.569,0.34,0.369,0.417,0.295,8117,73.1,30.9,73.5,81.9,79.7
Dominican Republic,DOM,2020,Latin America,0.656,0.449,0.436,0.56,0.353,7395.9,72.6,30.4,73.3,80,81.6
Dominican Republic,DOM,2021,Latin America,0.694,0.484,0.469,0.625,0.395,8344.9,71.8,29.8,72.9,75.7,85.2
Dominican Republic,DOM,2022,Latin America,0.692,0.478,0.463,0.622,0.375,8698.1,74.2,29.1,72.4,76.5,81.5
Dominican Republic,DOM,2023,Latin America,0.692,0.471,0.45,0.618,0.382,8810,73.7,28.4,72.4,75.5,86.1
Ecuador,ECU,1990,Latin America,0.716,0.467,0.472,0.444,0.385,3919.7,68.4,42.7,55.1,NA,0
Ecuador,ECU,1991,Latin America,0.716,0.467,0.47,0.443,0.379,4000.6,69,40.7,55.7,NA,NA
Ecuador,ECU,1992,Latin America,0.714,0.466,0.465,0.443,0.378,4000,69.5,38.7,56.4,NA,0
Ecuador,ECU,1993,Latin America,0.706,0.456,0.456,0.434,0.369,3997,70.1,36.7,57,NA,0
Ecuador,ECU,1994,Latin America,0.697,0.45,0.464,0.429,0.362,4087.3,70.9,34.7,57.6,NA,0
Ecuador,ECU,1995,Latin America,0.699,0.45,0.466,0.43,0.363,4100.7,71.3,32.7,58.2,NA,0
Ecuador,ECU,1996,Latin America,0.696,0.441,0.463,0.427,0.366,4093.8,71.8,30.7,58.8,NA,0.1
Ecuador,ECU,1997,Latin America,0.695,0.45,0.461,0.448,0.369,4192.9,72,28.8,59.3,NA,0.1
Ecuador,ECU,1998,Latin America,0.696,0.459,0.481,0.485,0.388,4252,71.9,27.1,59.8,NA,0.1
Ecuador,ECU,1999,Latin America,0.693,0.454,0.477,0.412,0.384,3979.2,71.9,25.5,60.3,NA,0.8
Ecuador,ECU,2000,Latin America,0.689,0.445,0.473,0.44,0.394,3953.4,72.1,24.1,60.7,56,1.5
Ecuador,ECU,2001,Latin America,0.689,0.445,0.473,0.44,0.394,4049,72.6,22.9,61,56.3,2.7
Ecuador,ECU,2002,Latin America,0.689,0.446,0.471,0.432,0.395,4174.9,73.2,21.9,61.3,57.2,4.3
Ecuador,ECU,2003,Latin America,0.698,0.454,0.481,0.39,0.4,4220.2,73.6,21,61.5,56.8,4.5
Ecuador,ECU,2004,Latin America,0.698,0.452,0.478,0.39,0.4,4430.2,73.9,20.2,61.8,57.4,4.8
Ecuador,ECU,2005,Latin America,0.698,0.454,0.476,0.393,0.402,4589.3,73.9,19.5,62,59.9,6
Ecuador,ECU,2006,Latin America,0.693,0.451,0.494,0.408,0.399,4707,74,18.8,62.2,62,7.2
Ecuador,ECU,2007,Latin America,0.671,0.407,0.476,0.516,0.429,4715.3,74.2,18.1,62.4,63.4,10.8
Ecuador,ECU,2008,Latin America,0.634,0.343,0.469,0.476,0.418,4939.9,74.7,17.4,62.5,NA,18.8
Ecuador,ECU,2009,Latin America,0.613,0.329,0.44,0.435,0.411,4909.3,74.9,16.7,62.7,86,24.6
Ecuador,ECU,2010,Latin America,0.588,0.309,0.412,0.406,0.412,5022.2,75.2,16,62.7,91.6,29
Ecuador,ECU,2011,Latin America,0.581,0.304,0.406,0.401,0.407,5359.5,75.2,15.3,62.8,95.7,31.4
Ecuador,ECU,2012,Latin America,0.586,0.306,0.409,0.395,0.411,5579.9,75.5,14.6,62.8,98.6,35.1
Ecuador,ECU,2013,Latin America,0.538,0.265,0.367,0.359,0.378,5893.3,75.8,14,62.9,100.7,40.3
Ecuador,ECU,2014,Latin America,0.534,0.262,0.366,0.342,0.376,6055,76.1,13.4,62.9,102.6,45.6
Ecuador,ECU,2015,Latin America,0.533,0.263,0.363,0.341,0.377,5976.2,76.2,12.9,63,100.8,48.9
Ecuador,ECU,2016,Latin America,0.54,0.264,0.364,0.344,0.384,5849.1,76.1,12.5,63,98.1,54.1
Ecuador,ECU,2017,Latin America,0.552,0.338,0.378,0.437,0.39,6104.3,76.2,12.2,63,96.2,55.8
Ecuador,ECU,2018,Latin America,0.641,0.458,0.443,0.484,0.416,6063.1,77.2,11.9,63,95,57.5
Ecuador,ECU,2019,Latin America,0.617,0.446,0.425,0.457,0.406,5971.4,77.3,11.7,63.1,93.8,59.2
Ecuador,ECU,2020,Latin America,0.626,0.481,0.437,0.437,0.404,5355.7,72,11.5,63.1,94,70.7
Ecuador,ECU,2021,Latin America,0.625,0.454,0.425,0.471,0.376,5815.1,72.7,11.3,63.1,94.6,69.1
Ecuador,ECU,2022,Latin America,0.661,0.504,0.46,0.408,0.379,6107.5,76.6,11.2,63.1,94.1,69.7
Ecuador,ECU,2023,Latin America,0.641,0.463,0.491,0.395,0.347,6165.4,77.4,11.1,63.1,92.8,72.7
Egypt,EGY,1990,Middle East,0.223,0.161,0.089,0.165,0.117,1972.1,62.5,67.7,43.6,68.7,0
Egypt,EGY,1991,Middle East,0.212,0.157,0.086,0.161,0.114,1940.1,63.1,64.8,43.4,69.1,NA
Egypt,EGY,1992,Middle East,0.212,0.157,0.085,0.161,0.114,1979,63.6,62,43.2,64.2,NA
Egypt,EGY,1993,Middle East,0.216,0.158,0.085,0.162,0.115,1990,64.1,59.2,43,65,0
Egypt,EGY,1994,Middle East,0.217,0.156,0.085,0.163,0.116,2025,64.7,56.2,42.8,70.2,0
Egypt,EGY,1995,Middle East,0.217,0.157,0.084,0.162,0.116,2074.8,65.2,53.2,42.7,68.2,0
Egypt,EGY,1996,Middle East,0.215,0.156,0.083,0.161,0.115,2133.6,65.7,50.2,42.6,66.1,0.1
Egypt,EGY,1997,Middle East,0.213,0.155,0.081,0.161,0.106,2204.7,66.2,47.4,42.6,70.2,0.1
Egypt,EGY,1998,Middle East,0.215,0.155,0.075,0.162,0.106,2277.3,66.6,44.7,42.7,NA,0.1
Egypt,EGY,1999,Middle East,0.215,0.155,0.075,0.157,0.106,2361.9,67,42.3,42.7,76.1,0.3
Egypt,EGY,2000,Middle East,0.217,0.154,0.077,0.146,0.098,2458.6,67.3,40.1,42.7,77.8,0.6
Egypt,EGY,2001,Middle East,0.209,0.151,0.075,0.143,0.09,2492,67.6,38.2,42.8,79.4,0.8
Egypt,EGY,2002,Middle East,0.209,0.151,0.076,0.143,0.09,2498.5,67.8,36.5,42.8,78.8,2.7
Egypt,EGY,2003,Middle East,0.209,0.151,0.076,0.143,0.09,2524.8,68,34.9,42.9,78.5,4
Egypt,EGY,2004,Middle East,0.208,0.151,0.075,0.143,0.088,2574.4,68.2,33.5,42.9,77.8,11.9
Egypt,EGY,2005,Middle East,0.21,0.152,0.086,0.143,0.089,2635.7,68.4,32.3,43,NA,12.8
Egypt,EGY,2006,Middle East,0.212,0.153,0.084,0.148,0.09,2761.6,68.5,31.1,43,NA,13.7
Egypt,EGY,2007,Middle East,0.212,0.152,0.083,0.152,0.09,2902.1,68.6,30.1,43,NA,16
Egypt,EGY,2008,Middle East,0.212,0.152,0.082,0.148,0.091,3052.2,68.8,29,43,NA,18
Egypt,EGY,2009,Middle East,0.211,0.152,0.079,0.137,0.09,3135.1,68.9,28.1,42.9,63.2,20
Egypt,EGY,2010,Middle East,0.212,0.152,0.078,0.136,0.091,3233.8,69.1,27.2,42.9,64.7,21.6
Egypt,EGY,2011,Middle East,0.204,0.122,0.093,0.247,0.099,3222.4,69.2,26.4,42.9,72.5,25.6
Egypt,EGY,2012,Middle East,0.298,0.157,0.115,0.27,0.13,3221,69.5,25.7,42.8,73,26.4
Egypt,EGY,2013,Middle East,0.187,0.097,0.074,0.167,0.087,3216.4,69.6,25.1,42.8,73.9,29.4
Egypt,EGY,2014,Middle East,0.137,0.085,0.052,0.13,0.079,3235.7,69.9,24.5,42.7,73.4,33.9
Egypt,EGY,2015,Middle East,0.156,0.093,0.052,0.103,0.08,3307,70.1,24.1,42.6,NA,37.8
Egypt,EGY,2016,Middle East,0.178,0.122,0.056,0.109,0.091,3381.2,70.4,23.7,42.5,75.8,41.2
Egypt,EGY,2017,Middle East,0.178,0.113,0.061,0.097,0.095,3452.9,70.7,23.4,42.4,76.4,45
Egypt,EGY,2018,Middle East,0.176,0.112,0.061,0.096,0.1,3568.6,71,23.1,42.5,77,46.9
Egypt,EGY,2019,Middle East,0.174,0.116,0.074,0.095,0.105,3701.2,71.2,22.9,42.5,77.9,57.3
Egypt,EGY,2020,Middle East,0.176,0.117,0.072,0.106,0.106,3770.9,69.8,22.6,42.5,79.7,71.9
Egypt,EGY,2021,Middle East,0.18,0.116,0.072,0.108,0.101,3837.3,69,22.2,42.6,81.9,72.1
Egypt,EGY,2022,Middle East,0.183,0.123,0.08,0.098,0.103,4029.8,71,21.8,42.6,NA,72.2
Egypt,EGY,2023,Middle East,0.187,0.123,0.08,0.099,0.109,4111.3,71.6,21.3,42.7,84.5,74
El Salvador,SLV,1990,Latin America,0.212,0.085,0.144,0.088,0.079,2348.2,62,47.2,49,NA,0
El Salvador,SLV,1991,Latin America,0.221,0.089,0.152,0.093,0.081,2341.9,62.5,44.8,49.6,38.1,NA
El Salvador,SLV,1992,Latin America,0.272,0.141,0.178,0.155,0.122,2465.8,62.9,42.4,50.3,39.8,NA
El Salvador,SLV,1993,Latin America,0.379,0.207,0.234,0.256,0.169,2575,64,40.1,50.9,41.7,NA
El Salvador,SLV,1994,Latin America,0.471,0.258,0.275,0.303,0.211,2670.2,64.5,37.9,51.7,NA,NA
El Salvador,SLV,1995,Latin America,0.484,0.274,0.297,0.315,0.221,2773.3,64.9,35.7,52.4,NA,NA
El Salvador,SLV,1996,Latin America,0.491,0.28,0.304,0.32,0.222,2775,65.5,33.6,53.2,NA,0.1
El Salvador,SLV,1997,Latin America,0.493,0.282,0.304,0.32,0.223,2842.9,66.2,31.6,54,NA,0.3
El Salvador,SLV,1998,Latin America,0.492,0.289,0.304,0.319,0.223,2900.3,66.7,29.8,54.8,51.1,0.4
El Salvador,SLV,1999,Latin America,0.505,0.297,0.311,0.326,0.219,2946.4,67.3,28,55.7,52.3,0.8
El Salvador,SLV,2000,Latin America,0.522,0.315,0.321,0.324,0.227,2964.9,67.7,26.4,56.6,54.8,1.2
El Salvador,SLV,2001,Latin America,0.534,0.326,0.327,0.329,0.23,2978.6,68,25,57.5,57.2,1.5
El Salvador,SLV,2002,Latin America,0.543,0.331,0.333,0.348,0.236,3016.1,68.5,23.6,58.3,60.7,1.9
El Salvador,SLV,2003,Latin America,0.537,0.332,0.331,0.344,0.232,3057.2,68.8,22.3,59.2,64.1,2.5
El Salvador,SLV,2004,Latin America,0.539,0.336,0.331,0.347,0.232,3081.2,69.3,21.1,60.1,67.8,3.2
El Salvador,SLV,2005,Latin America,0.542,0.338,0.332,0.352,0.235,3163.4,69.3,20,61,67.6,4.2
El Salvador,SLV,2006,Latin America,0.557,0.348,0.342,0.357,0.242,3302.3,69.6,19,61.9,67.4,5.5
El Salvador,SLV,2007,Latin America,0.56,0.351,0.344,0.359,0.244,3359.2,69.8,18.1,62.8,67.3,6.1
El Salvador,SLV,2008,Latin America,0.561,0.357,0.343,0.358,0.244,3420.4,70.1,17.2,63.6,66.1,10.1
El Salvador,SLV,2009,Latin America,0.594,0.399,0.37,0.444,0.27,3337.8,70.4,16.4,64.5,66.7,12.1
El Salvador,SLV,2010,Latin America,0.613,0.422,0.382,0.457,0.284,3398.5,70.9,15.6,65.4,68.1,15.9
El Salvador,SLV,2011,Latin America,0.613,0.425,0.383,0.449,0.283,3515.2,71.2,14.9,66.3,69.7,18.9
El Salvador,SLV,2012,Latin America,0.615,0.429,0.386,0.454,0.288,3600.3,71.4,14.3,67.2,70.8,20.3
El Salvador,SLV,2013,Latin America,0.626,0.437,0.392,0.429,0.3,3665.9,71.2,13.7,68.1,72.2,23.1
El Salvador,SLV,2014,Latin America,0.665,0.465,0.412,0.456,0.319,3713.9,71.1,13.1,68.9,71.4,24.8
El Salvador,SLV,2015,Latin America,0.658,0.462,0.407,0.46,0.316,3790.3,71,12.6,69.7,70.7,26.8
El Salvador,SLV,2016,Latin America,0.659,0.461,0.405,0.441,0.314,3875.8,70.9,12,70.4,68.3,29
El Salvador,SLV,2017,Latin America,0.672,0.465,0.416,0.444,0.323,3954.8,71,11.5,71.1,66.1,33.8
El Salvador,SLV,2018,Latin America,0.631,0.428,0.398,0.41,0.294,4046.2,71.4,11.1,71.8,66.9,43.8
El Salvador,SLV,2019,Latin America,0.599,0.393,0.355,0.297,0.285,4143.1,71.7,10.6,72.4,64.8,50.5
El Salvador,SLV,2020,Latin America,0.518,0.316,0.303,0.227,0.245,3808.5,70.2,10.2,73.1,65.2,54.6
El Salvador,SLV,2021,Latin America,0.403,0.156,0.233,0.152,0.191,4247.5,69.9,9.8,73.7,65,57.3
El Salvador,SLV,2022,Latin America,0.378,0.118,0.222,0.144,0.156,4356,72,9.5,74.1,65.2,60.1
El Salvador,SLV,2023,Latin America,0.377,0.106,0.221,0.145,0.165,4481.2,72.1,9.2,74.6,65.6,62.6
Equatorial Guinea,GNQ,1990,Africa,0.162,0.049,0.042,0.057,0.102,366.3,51.4,118.2,35,NA,0
Equatorial Guinea,GNQ,1991,Africa,0.162,0.049,0.046,0.057,0.102,349.4,51.5,117.8,36.5,NA,NA
Equatorial Guinea,GNQ,1992,Africa,0.162,0.048,0.046,0.057,0.102,453.6,51.6,117.3,37.7,NA,NA
Equatorial Guinea,GNQ,1993,Africa,0.171,0.051,0.05,0.059,0.104,485.4,51.7,116.9,38.5,25,NA
Equatorial Guinea,GNQ,1994,Africa,0.176,0.052,0.051,0.06,0.106,545.6,51.8,116.3,38.8,22.8,NA
Equatorial Guinea,GNQ,1995,Africa,0.181,0.052,0.052,0.061,0.111,617.3,51.9,115.7,38.8,NA,NA
Equatorial Guinea,GNQ,1996,Africa,0.182,0.052,0.051,0.061,0.111,989.8,52.1,114.7,38.8,NA,NA
Equatorial Guinea,GNQ,1997,Africa,0.18,0.051,0.05,0.06,0.111,2380.3,52.4,113.3,38.8,NA,0
Equatorial Guinea,GNQ,1998,Africa,0.18,0.051,0.048,0.06,0.111,2833.3,52.6,111.4,38.8,NA,0.1
Equatorial Guinea,GNQ,1999,Africa,0.182,0.051,0.048,0.061,0.112,3423.1,53,109,38.8,22.4,0.1
Equatorial Guinea,GNQ,2000,Africa,0.186,0.052,0.048,0.062,0.1,3839.1,53.4,106.2,38.8,21.8,0.1
Equatorial Guinea,GNQ,2001,Africa,0.186,0.052,0.047,0.062,0.1,5882.9,53.8,103.3,38.9,18.7,0.2
Equatorial Guinea,GNQ,2002,Africa,0.186,0.053,0.046,0.062,0.1,6604,54.3,100.3,39.2,18.1,0.3
Equatorial Guinea,GNQ,2003,Africa,0.185,0.053,0.045,0.062,0.1,7082.7,54.8,97.2,39.9,NA,0.5
Equatorial Guinea,GNQ,2004,Africa,0.184,0.053,0.043,0.061,0.099,9208.6,55.3,94,40.9,NA,0.8
Equatorial Guinea,GNQ,2005,Africa,0.18,0.053,0.049,0.06,0.099,10212.5,55.8,90.7,42.3,17.8,1.1
Equatorial Guinea,GNQ,2006,Africa,0.182,0.054,0.048,0.061,0.099,10522,56.4,87.2,43.9,NA,1.3
Equatorial Guinea,GNQ,2007,Africa,0.182,0.053,0.047,0.061,0.099,11594.9,56.9,83.6,45.9,NA,1.6
Equatorial Guinea,GNQ,2008,Africa,0.179,0.053,0.045,0.06,0.098,13048.1,57.4,80.3,48,NA,1.8
Equatorial Guinea,GNQ,2009,Africa,0.18,0.053,0.045,0.06,0.099,12627.9,57.9,77.1,50.5,NA,2.1
Equatorial Guinea,GNQ,2010,Africa,0.177,0.049,0.038,0.06,0.101,10984.3,58.3,74.3,53.1,NA,6
Equatorial Guinea,GNQ,2011,Africa,0.176,0.049,0.055,0.06,0.101,11203.9,58.8,71.7,56,NA,11.5
Equatorial Guinea,GNQ,2012,Africa,0.176,0.049,0.055,0.06,0.101,11650.7,59.3,69.3,59,NA,13.9
Equatorial Guinea,GNQ,2013,Africa,0.177,0.052,0.055,0.06,0.101,10731.6,59.8,67.1,62.2,NA,16.4
Equatorial Guinea,GNQ,2014,Africa,0.179,0.053,0.056,0.06,0.101,10363.5,60.2,65,65.6,NA,18.9
Equatorial Guinea,GNQ,2015,Africa,0.178,0.05,0.057,0.06,0.103,9068.9,60.6,62.9,69,NA,21.3
Equatorial Guinea,GNQ,2016,Africa,0.18,0.051,0.056,0.061,0.106,7971.8,61.1,60.9,69.3,NA,23.8
Equatorial Guinea,GNQ,2017,Africa,0.174,0.049,0.054,0.061,0.106,7259.1,61.5,59.1,69.6,NA,26.2
Equatorial Guinea,GNQ,2018,Africa,0.177,0.052,0.053,0.061,0.106,6578.9,61.9,57.2,69.8,NA,29.4
Equatorial Guinea,GNQ,2019,Africa,0.178,0.051,0.052,0.057,0.116,6018.1,62.3,55.7,70.1,NA,49.1
Equatorial Guinea,GNQ,2020,Africa,0.175,0.051,0.054,0.045,0.114,5575.3,62.1,53.9,70.4,NA,55
Equatorial Guinea,GNQ,2021,Africa,0.172,0.051,0.051,0.045,0.111,5487.9,62.4,52.2,70.6,NA,58.7
Equatorial Guinea,GNQ,2022,Africa,0.173,0.049,0.05,0.045,0.106,5524.2,63.4,50.7,70.9,NA,63.7
Equatorial Guinea,GNQ,2023,Africa,0.183,0.054,0.051,0.047,0.113,4992.3,63.7,49.2,71.1,NA,63.5
Eritrea,ERI,1990,Africa,0.076,0.015,0.016,0.023,0.09,NA,49.7,80.8,18.6,NA,0
Eritrea,ERI,1991,Africa,0.083,0.028,0.014,0.029,0.127,NA,50.5,77.9,19.8,NA,NA
Eritrea,ERI,1992,Africa,0.095,0.04,0.015,0.054,0.156,642.1,52.4,74.6,21.4,NA,NA
Eritrea,ERI,1993,Africa,0.099,0.035,0.024,0.055,0.155,706,53.2,71.1,23.3,24.3,0
Eritrea,ERI,1994,Africa,0.102,0.036,0.016,0.055,0.155,829.9,54,67.5,25.2,25.6,0
Eritrea,ERI,1995,Africa,0.102,0.036,0.016,0.055,0.155,806.7,54.8,63.9,27.2,27.8,0
Eritrea,ERI,1996,Africa,0.102,0.035,0.016,0.055,0.155,838.7,55.5,60.6,29.2,29,0
Eritrea,ERI,1997,Africa,0.131,0.039,0.019,0.059,0.162,895,56.2,57.7,30.9,32.2,0
Eritrea,ERI,1998,Africa,0.122,0.033,0.018,0.05,0.16,899.1,50,55.1,32.4,NA,0
Eritrea,ERI,1999,Africa,0.122,0.031,0.018,0.05,0.16,886.1,44.5,60.9,33.5,40.2,0
Eritrea,ERI,2000,Africa,0.12,0.027,0.014,0.041,0.16,845.1,56.3,50.8,34.1,45.3,0.1
Eritrea,ERI,2001,Africa,0.103,0.016,0.012,0.039,0.154,893.3,58.4,49.1,34.3,45.8,0.2
Eritrea,ERI,2002,Africa,0.084,0.011,0.011,0.028,0.142,889,58.9,47.4,34.5,46.5,0.2
Eritrea,ERI,2003,Africa,0.067,0.006,0.009,0.026,0.139,830.4,59.5,45.9,34.7,47.3,NA
Eritrea,ERI,2004,Africa,0.067,0.006,0.009,0.026,0.139,808.6,60.1,44.5,34.9,47.4,NA
Eritrea,ERI,2005,Africa,0.067,0.006,0.009,0.026,0.139,809.8,60.6,43.2,35.1,51.6,NA
Eritrea,ERI,2006,Africa,0.067,0.006,0.009,0.026,0.139,789.4,61.5,42,35.3,53.1,NA
Eritrea,ERI,2007,Africa,0.067,0.006,0.009,0.026,0.139,789.1,62,40.8,35.4,50.1,0.4
Eritrea,ERI,2008,Africa,0.067,0.006,0.009,0.026,0.139,693.4,62.4,39.7,35.5,51.4,0.5
Eritrea,ERI,2009,Africa,0.068,0.005,0.009,0.026,0.139,702.4,63.2,38.5,35.6,51.8,0.5
Eritrea,ERI,2010,Africa,0.068,0.005,0.009,0.026,0.14,703.9,63.7,37.5,35.6,51.6,0.6
Eritrea,ERI,2011,Africa,0.068,0.005,0.009,0.026,0.139,751.4,64.2,36.4,35.7,51.8,0.7
Eritrea,ERI,2012,Africa,0.067,0.005,0.009,0.026,0.137,NA,64.7,35.4,35.7,52.7,0.8
Eritrea,ERI,2013,Africa,0.07,0.006,0.01,0.022,0.15,NA,65,34.4,35.7,51.3,0.9
Eritrea,ERI,2014,Africa,0.07,0.007,0.01,0.022,0.15,NA,65.5,33.4,35.6,50.7,1
Eritrea,ERI,2015,Africa,0.069,0.006,0.01,0.022,0.15,NA,65.9,32.4,35.6,46.2,1.1
Eritrea,ERI,2016,Africa,0.069,0.006,0.009,0.021,0.149,NA,66.2,31.3,35.5,NA,1.2
Eritrea,ERI,2017,Africa,0.069,0.007,0.009,0.021,0.151,NA,66.6,30.5,35.4,44.9,2.5
Eritrea,ERI,2018,Africa,0.068,0.007,0.009,0.023,0.12,NA,67,29.6,35.3,46.2,5.3
Eritrea,ERI,2019,Africa,0.07,0.009,0.009,0.027,0.121,NA,67.3,28.7,35.2,NA,11.2
Eritrea,ERI,2020,Africa,0.069,0.01,0.01,0.031,0.101,NA,67,27.8,35.1,NA,14.3
Eritrea,ERI,2021,Africa,0.071,0.01,0.01,0.035,0.105,NA,66.9,27,35,NA,NA
Eritrea,ERI,2022,Africa,0.071,0.012,0.01,0.032,0.131,NA,67.8,26.2,34.8,44,NA
Eritrea,ERI,2023,Africa,0.068,0.01,0.011,0.034,0.114,NA,68.6,25.4,34.7,NA,NA
Estonia,EST,1990,Eastern Europe,0.797,0.681,0.502,0.69,0.697,9341.2,69.5,14,71.3,NA,0
Estonia,EST,1991,Eastern Europe,0.608,0.52,0.437,0.55,0.555,8637.2,69.4,13.9,71,NA,NA
Estonia,EST,1992,Eastern Europe,0.45,0.384,0.357,0.431,0.437,6934.2,68.9,13.7,70.5,NA,0.1
Estonia,EST,1993,Eastern Europe,0.881,0.809,0.63,0.751,0.769,6706.6,67.9,13.4,70,NA,0.3
Estonia,EST,1994,Eastern Europe,0.869,0.797,0.622,0.739,0.758,6739,66.5,13,69.5,NA,1.2
Estonia,EST,1995,Eastern Europe,0.869,0.802,0.622,0.741,0.755,7170.9,67.5,12.4,69,NA,2.8
Estonia,EST,1996,Eastern Europe,0.869,0.804,0.62,0.738,0.756,7637.3,69.6,11.8,68.4,NA,3.5
Estonia,EST,1997,Eastern Europe,0.869,0.806,0.617,0.738,0.756,8733,69.8,11,68,NA,5.7
Estonia,EST,1998,Eastern Europe,0.869,0.805,0.614,0.738,0.765,9199.9,69.4,10.3,67.7,NA,10.8
Estonia,EST,1999,Eastern Europe,0.869,0.807,0.613,0.759,0.761,9133.9,70.1,9.5,67.4,NA,14.5
Estonia,EST,2000,Eastern Europe,0.869,0.808,0.61,0.773,0.763,10006.8,70.4,8.8,67.4,NA,28.6
Estonia,EST,2001,Eastern Europe,0.869,0.808,0.608,0.773,0.763,10662.9,70.3,8.1,67.4,96.2,31.5
Estonia,EST,2002,Eastern Europe,0.871,0.811,0.604,0.764,0.764,11474.7,70.9,7.4,67.4,99.1,41.5
Estonia,EST,2003,Eastern Europe,0.868,0.808,0.641,0.763,0.761,12424,71.3,6.7,67.4,99.1,45.3
Estonia,EST,2004,Eastern Europe,0.871,0.811,0.641,0.766,0.765,13348.5,71.9,6.2,67.5,101.4,53.2
Estonia,EST,2005,Eastern Europe,0.871,0.811,0.639,0.766,0.765,14703.6,72.6,5.6,67.5,104.2,61.5
Estonia,EST,2006,Eastern Europe,0.871,0.811,0.636,0.77,0.769,16234.5,72.7,5.1,67.6,104,63.5
Estonia,EST,2007,Eastern Europe,0.871,0.811,0.633,0.779,0.769,17543.5,72.8,4.7,67.6,105.1,66.2
Estonia,EST,2008,Eastern Europe,0.871,0.811,0.637,0.769,0.771,16689,73.8,4.3,67.7,105.4,70.6
Estonia,EST,2009,Eastern Europe,0.874,0.814,0.634,0.772,0.773,14274.9,74.8,3.9,67.7,107.4,72.5
Estonia,EST,2010,Eastern Europe,0.88,0.829,0.64,0.783,0.782,14657.9,75.4,3.6,67.8,110.9,74.1
Estonia,EST,2011,Eastern Europe,0.883,0.832,0.637,0.786,0.786,15820.9,76.2,3.3,67.9,112.3,76.5
Estonia,EST,2012,Eastern Europe,0.883,0.832,0.635,0.802,0.788,16460.7,76.3,3,68,112.5,78.4
Estonia,EST,2013,Eastern Europe,0.883,0.834,0.63,0.791,0.788,16809.5,77.1,2.8,68.1,110.5,80
Estonia,EST,2014,Eastern Europe,0.888,0.838,0.631,0.806,0.788,17413.7,77,2.6,68.3,107.7,84.2
Estonia,EST,2015,Eastern Europe,0.894,0.845,0.633,0.81,0.795,17722.2,77.6,2.4,68.5,108.2,88.4
Estonia,EST,2016,Eastern Europe,0.907,0.859,0.648,0.825,0.817,18265,77.6,2.3,68.7,111.6,87.2
Estonia,EST,2017,Eastern Europe,0.907,0.861,0.644,0.824,0.816,19270.8,78.1,2.2,69,113.2,88.1
Estonia,EST,2018,Eastern Europe,0.906,0.863,0.649,0.823,0.817,19914.3,78.2,2,69.3,112.8,89.4
Estonia,EST,2019,Eastern Europe,0.898,0.848,0.638,0.773,0.81,20579.9,78.6,1.9,69.6,112.3,90.2
Estonia,EST,2020,Eastern Europe,0.897,0.842,0.635,0.712,0.813,19946.9,78.6,1.8,69.9,112.5,89.1
Estonia,EST,2021,Eastern Europe,0.9,0.853,0.639,0.802,0.816,21570.7,76.9,1.8,70.2,113,91
Estonia,EST,2022,Eastern Europe,0.896,0.853,0.63,0.776,0.811,21023.3,77.8,1.7,70.5,112.6,91.5
Estonia,EST,2023,Eastern Europe,0.893,0.845,0.625,0.766,0.806,20126.4,78.8,1.6,70.7,108.4,93.2
Eswatini,SWZ,1990,Africa,0.124,0.104,0.128,0.046,0.075,2028,61.2,56.7,22.9,NA,0
Eswatini,SWZ,1991,Africa,0.124,0.104,0.128,0.046,0.075,1982.4,60.4,56,23,NA,NA
Eswatini,SWZ,1992,Africa,0.124,0.104,0.128,0.046,0.068,1970,59.3,56.4,23,47.7,NA
Eswatini,SWZ,1993,Africa,0.122,0.104,0.128,0.046,0.074,1972.8,58.1,57.8,23,44.7,NA
Eswatini,SWZ,1994,Africa,0.117,0.099,0.126,0.045,0.072,2020.4,56.6,60,23,45.3,NA
Eswatini,SWZ,1995,Africa,0.117,0.099,0.126,0.074,0.071,2119.6,55.1,62.1,23.1,46.8,0
Eswatini,SWZ,1996,Africa,0.115,0.098,0.126,0.074,0.07,2157.9,53.3,65.2,23.1,46.8,0.1
Eswatini,SWZ,1997,Africa,0.115,0.098,0.126,0.074,0.07,2187.7,51.7,67.5,23.1,NA,0.1
Eswatini,SWZ,1998,Africa,0.117,0.095,0.126,0.074,0.071,2216,50.1,69.1,23,45.3,0.1
Eswatini,SWZ,1999,Africa,0.123,0.096,0.128,0.076,0.072,2256.8,48.8,70.7,23,44.9,0.5
Eswatini,SWZ,2000,Africa,0.124,0.097,0.128,0.083,0.071,2273,47.6,71.7,22.8,43.3,0.9
Eswatini,SWZ,2001,Africa,0.125,0.097,0.128,0.083,0.072,2284,46.3,72.6,22.7,43.8,1.3
Eswatini,SWZ,2002,Africa,0.125,0.097,0.128,0.083,0.072,2358.6,45.4,73.1,22.6,44.7,1.8
Eswatini,SWZ,2003,Africa,0.125,0.097,0.128,0.083,0.072,2448.8,44.6,73.7,22.4,44.5,2.4
Eswatini,SWZ,2004,Africa,0.123,0.096,0.128,0.083,0.071,2522.1,43.9,73.2,22.3,48.3,3.2
Eswatini,SWZ,2005,Africa,0.128,0.096,0.123,0.083,0.076,2658.8,44,72.2,22.2,50.5,3.7
Eswatini,SWZ,2006,Africa,0.129,0.096,0.126,0.093,0.077,2823.5,44.6,63,22.2,54.5,3.7
Eswatini,SWZ,2007,Africa,0.129,0.095,0.126,0.093,0.077,2928.5,45.2,63.7,22.1,58.4,4.1
Eswatini,SWZ,2008,Africa,0.127,0.097,0.126,0.092,0.077,2950.7,45.9,66.1,22.2,NA,6.8
Eswatini,SWZ,2009,Africa,0.124,0.097,0.126,0.092,0.076,2973.8,46.9,63.8,22.2,59.6,8.9
Eswatini,SWZ,2010,Africa,0.125,0.094,0.127,0.094,0.076,3069.5,48.3,60.4,22.3,64.6,11
Eswatini,SWZ,2011,Africa,0.125,0.093,0.124,0.093,0.086,3108.7,49.1,55.3,22.5,67.2,18.1
Eswatini,SWZ,2012,Africa,0.125,0.093,0.124,0.093,0.086,3218.5,50.7,56,22.6,69.2,20.8
Eswatini,SWZ,2013,Africa,0.13,0.097,0.12,0.089,0.092,3332.1,52.1,55.4,22.8,70.8,24.7
Eswatini,SWZ,2014,Africa,0.131,0.097,0.121,0.089,0.093,3381.8,53.5,56.5,23,73.7,25
Eswatini,SWZ,2015,Africa,0.131,0.097,0.121,0.089,0.093,3419.8,54.9,54.1,23.3,76.3,25.6
Eswatini,SWZ,2016,Africa,0.131,0.097,0.121,0.089,0.093,3500.2,56.2,51.3,23.5,82,28.6
Eswatini,SWZ,2017,Africa,0.132,0.099,0.122,0.091,0.096,3596.2,57.6,51.1,23.8,NA,35.3
Eswatini,SWZ,2018,Africa,0.132,0.115,0.118,0.105,0.083,3565.5,58.7,47.7,24.1,NA,39.4
Eswatini,SWZ,2019,Africa,0.133,0.114,0.115,0.071,0.078,3759.7,59.9,47.6,24.3,NA,43.9
Eswatini,SWZ,2020,Africa,0.132,0.115,0.113,0.081,0.081,3609.4,59.9,47.3,24.7,NA,49
Eswatini,SWZ,2021,Africa,0.12,0.095,0.107,0.051,0.075,3719,58.2,46.2,25,NA,54
Eswatini,SWZ,2022,Africa,0.117,0.097,0.109,0.05,0.065,3695.6,63,45.9,25.4,NA,57.3
Eswatini,SWZ,2023,Africa,0.121,0.099,0.11,0.063,0.067,3790.2,64.1,44.7,25.8,NA,61.3
Ethiopia,ETH,1990,Africa,0.15,0.032,0.026,0.039,0.131,267.1,45.1,127.2,12.8,NA,0
Ethiopia,ETH,1991,Africa,0.203,0.076,0.062,0.105,0.143,237.5,46.7,124.4,13,13.9,NA
Ethiopia,ETH,1992,Africa,0.23,0.094,0.089,0.147,0.153,208,47.3,121.3,13.3,12,NA
Ethiopia,ETH,1993,Africa,0.23,0.097,0.089,0.147,0.153,227.2,47.7,117.9,13.5,10.7,NA
Ethiopia,ETH,1994,Africa,0.195,0.084,0.081,0.137,0.143,226.4,47.9,114.1,13.7,10.3,NA
Ethiopia,ETH,1995,Africa,0.223,0.097,0.089,0.145,0.149,232.2,48.2,110.3,13.9,10.5,0
Ethiopia,ETH,1996,Africa,0.245,0.111,0.094,0.152,0.156,252.6,48.7,106.5,14.1,11.1,0
Ethiopia,ETH,1997,Africa,0.245,0.111,0.094,0.152,0.156,252.3,49.2,102.8,14.3,NA,0
Ethiopia,ETH,1998,Africa,0.245,0.111,0.094,0.152,0.156,236.1,49.8,99.1,14.5,NA,0
Ethiopia,ETH,1999,Africa,0.245,0.111,0.094,0.152,0.157,240.6,49.5,95.7,14.7,13.3,0
Ethiopia,ETH,2000,Africa,0.241,0.11,0.094,0.15,0.157,247.5,50.9,92.3,14.9,14.5,0
Ethiopia,ETH,2001,Africa,0.241,0.11,0.093,0.149,0.157,260,51.4,88.9,15.1,17.3,0
Ethiopia,ETH,2002,Africa,0.242,0.11,0.093,0.15,0.158,256.1,52.1,85.3,15.3,19.2,0.1
Ethiopia,ETH,2003,Africa,0.242,0.111,0.093,0.15,0.158,243.1,52.9,81.7,15.5,19.6,0.1
Ethiopia,ETH,2004,Africa,0.241,0.11,0.093,0.15,0.157,267.9,53.7,78,15.8,21.5,0.2
Ethiopia,ETH,2005,Africa,0.256,0.115,0.103,0.155,0.162,290.8,54.4,74.4,16,23.9,0.2
Ethiopia,ETH,2006,Africa,0.241,0.111,0.089,0.15,0.155,313,55.4,70.9,16.2,27.5,0.3
Ethiopia,ETH,2007,Africa,0.244,0.113,0.092,0.152,0.156,338.8,56.6,67.7,16.1,30.3,0.4
Ethiopia,ETH,2008,Africa,0.244,0.113,0.091,0.151,0.158,364.6,57.7,64.7,16.8,31.3,0.4
Ethiopia,ETH,2009,Africa,0.244,0.113,0.091,0.151,0.154,385.6,58.7,61.8,17.2,31.6,0.5
Ethiopia,ETH,2010,Africa,0.229,0.109,0.087,0.144,0.155,421.9,59.7,59.2,17.5,33,0.8
Ethiopia,ETH,2011,Africa,0.223,0.105,0.089,0.148,0.148,455.9,60.6,56.8,17.9,34.4,1.1
Ethiopia,ETH,2012,Africa,0.225,0.106,0.089,0.149,0.15,481.6,61.4,54.4,18.2,36.2,2.9
Ethiopia,ETH,2013,Africa,0.223,0.104,0.093,0.146,0.146,518.3,62.2,52.2,18.6,NA,4.6
Ethiopia,ETH,2014,Africa,0.227,0.104,0.094,0.147,0.147,556.4,62.9,50,19,NA,7.7
Ethiopia,ETH,2015,Africa,0.228,0.102,0.094,0.148,0.149,597.9,63.6,47.9,19.5,33.9,13.9
Ethiopia,ETH,2016,Africa,0.226,0.099,0.091,0.146,0.15,636.8,64.2,45.9,19.9,NA,15.4
Ethiopia,ETH,2017,Africa,0.228,0.098,0.093,0.145,0.156,679,64.8,44,20.3,NA,15.6
Ethiopia,ETH,2018,Africa,0.271,0.131,0.108,0.231,0.189,706,65.3,42.3,20.8,NA,15.9
Ethiopia,ETH,2019,Africa,0.329,0.158,0.164,0.285,0.22,744.7,65.7,40.8,21.2,NA,16
Ethiopia,ETH,2020,Africa,0.32,0.152,0.161,0.283,0.214,768.7,66,39.4,21.6,NA,16.1
Ethiopia,ETH,2021,Africa,0.29,0.136,0.159,0.25,0.199,790.7,65.3,49.9,22.1,NA,16.7
Ethiopia,ETH,2022,Africa,0.3,0.134,0.165,0.26,0.188,811.2,66.9,48.3,22.7,NA,18
Ethiopia,ETH,2023,Africa,0.279,0.106,0.152,0.233,0.187,842.4,67.3,38.7,23.1,NA,20.3
Fiji,FJI,1990,Asia,0.223,0.147,0.155,0.081,0.186,3415,65.1,21.5,41.1,NA,0
Fiji,FJI,1991,Asia,0.224,0.148,0.155,0.082,0.185,3295.7,65.5,20.6,42.1,75.4,NA
Fiji,FJI,1992,Asia,0.403,0.276,0.23,0.139,0.268,3471.4,65.4,19.8,43,79.4,NA
Fiji,FJI,1993,Asia,0.54,0.395,0.289,0.431,0.343,3522.8,65.5,19.1,44,NA,0
Fiji,FJI,1994,Asia,0.525,0.383,0.28,0.429,0.332,3682,65.8,18.5,44.9,NA,0
Fiji,FJI,1995,Asia,0.522,0.381,0.279,0.427,0.331,3755.3,66,18,45.7,NA,0
Fiji,FJI,1996,Asia,0.522,0.382,0.279,0.401,0.331,3910.8,66.2,17.5,46.3,NA,0.1
Fiji,FJI,1997,Asia,0.543,0.404,0.29,0.417,0.348,3785.5,66.3,17.2,46.8,NA,0.2
Fiji,FJI,1998,Asia,0.543,0.404,0.29,0.417,0.348,3787.5,66.5,16.9,47.3,76.7,0.6
Fiji,FJI,1999,Asia,0.542,0.403,0.29,0.415,0.349,4073.4,66.7,16.7,47.7,76.1,0.9
Fiji,FJI,2000,Asia,0.344,0.208,0.205,0.194,0.251,3960.9,66.2,16.6,48.1,75.7,1.5
Fiji,FJI,2001,Asia,0.256,0.184,0.166,0.156,0.207,3998.8,66.2,16.6,48.4,74.7,1.9
Fiji,FJI,2002,Asia,0.317,0.253,0.187,0.237,0.232,4086.1,65.5,16.7,48.8,76.1,6.2
Fiji,FJI,2003,Asia,0.53,0.371,0.284,0.348,0.342,4087.7,65.7,16.8,49.1,77.8,6.7
Fiji,FJI,2004,Asia,0.53,0.371,0.284,0.348,0.342,4264.6,65.8,17,49.5,80.6,7.4
Fiji,FJI,2005,Asia,0.53,0.371,0.284,0.348,0.342,4255.5,66,17.3,49.8,NA,8.5
Fiji,FJI,2006,Asia,0.395,0.267,0.216,0.223,0.261,4295.4,66.1,17.4,50.2,79.8,9.6
Fiji,FJI,2007,Asia,0.134,0.105,0.085,0.067,0.147,4223.4,66.2,17.4,50.6,79.3,10.9
Fiji,FJI,2008,Asia,0.131,0.105,0.085,0.071,0.144,4240.8,66.3,17.3,51.1,79.3,13
Fiji,FJI,2009,Asia,0.129,0.097,0.082,0.06,0.143,4164.3,66.3,17,51.6,79.3,17
Fiji,FJI,2010,Asia,0.131,0.105,0.083,0.103,0.145,4272.4,66.8,16.6,52,NA,20
Fiji,FJI,2011,Asia,0.131,0.105,0.083,0.107,0.145,4375.6,66.9,16.2,52.5,83.9,28
Fiji,FJI,2012,Asia,0.135,0.106,0.085,0.135,0.146,4428,65.8,15.9,53,82.1,33.7
Fiji,FJI,2013,Asia,0.14,0.114,0.087,0.152,0.157,4630.4,66.5,15.7,53.6,NA,35.2
Fiji,FJI,2014,Asia,0.196,0.145,0.11,0.196,0.2,4883.2,66.6,15.8,54.1,88.2,37.4
Fiji,FJI,2015,Asia,0.385,0.27,0.19,0.278,0.289,5097.5,66.5,16.1,54.6,87.8,42.5
Fiji,FJI,2016,Asia,0.397,0.275,0.194,0.286,0.296,5218.9,66.7,16.8,55.2,89.2,49.4
Fiji,FJI,2017,Asia,0.4,0.283,0.201,0.296,0.294,5500.7,67.1,17.7,55.7,NA,53.6
Fiji,FJI,2018,Asia,0.403,0.28,0.196,0.294,0.299,5720.2,67,19,56.2,92.1,58.2
Fiji,FJI,2019,Asia,0.391,0.264,0.181,0.277,0.287,5701.1,67,20.3,56.7,91.9,63.2
Fiji,FJI,2020,Asia,0.411,0.276,0.198,0.292,0.304,4721.1,66.9,21.6,57.2,91.5,68.6
Fiji,FJI,2021,Asia,0.4,0.269,0.201,0.299,0.279,4507.3,64.9,22.6,57.7,94,70.6
Fiji,FJI,2022,Asia,0.398,0.263,0.212,0.291,0.27,5291.5,67.1,23.2,58.1,95.3,72.6
Fiji,FJI,2023,Asia,0.509,0.411,0.265,0.411,0.351,5761.6,67.3,23.5,58.6,98.5,74.1
Finland,FIN,1990,The West,0.859,0.819,0.601,0.816,0.794,31291.5,74.8,5.6,63.9,NA,0.4
Finland,FIN,1991,The West,0.864,0.823,0.607,0.82,0.797,29291,75.2,5.3,64,NA,1.4
Finland,FIN,1992,The West,0.864,0.822,0.607,0.817,0.796,28162.4,75.5,5.1,64.1,NA,1.9
Finland,FIN,1993,The West,0.871,0.831,0.613,0.801,0.805,27807.9,75.7,4.8,64.3,NA,2.6
Finland,FIN,1994,The West,0.871,0.831,0.641,0.801,0.802,28785.9,76.4,4.5,64.5,NA,4.9
Finland,FIN,1995,The West,0.872,0.832,0.642,0.818,0.808,29890.5,76.4,4.3,64.8,NA,13.9
Finland,FIN,1996,The West,0.873,0.832,0.642,0.823,0.809,30883.8,76.7,4.1,65.2,NA,16.8
Finland,FIN,1997,The West,0.873,0.832,0.642,0.823,0.809,32762.1,76.9,3.9,65.7,NA,19.5
Finland,FIN,1998,The West,0.873,0.832,0.642,0.823,0.809,34457.5,77.1,3.7,66.2,NA,25.5
Finland,FIN,1999,The West,0.873,0.833,0.641,0.823,0.81,35886.5,77.3,3.6,66.7,NA,32.3
Finland,FIN,2000,The West,0.873,0.834,0.639,0.823,0.811,37872.6,77.5,3.5,67.1,NA,37.2
Finland,FIN,2001,The West,0.873,0.834,0.637,0.823,0.811,38784.1,78,3.4,67.5,128.2,43.1
Finland,FIN,2002,The West,0.873,0.834,0.635,0.823,0.811,39343.1,78.1,3.3,67.8,129.5,62.4
Finland,FIN,2003,The West,0.871,0.831,0.632,0.822,0.809,40039,78.4,3.2,68,132.2,69.2
Finland,FIN,2004,The West,0.871,0.83,0.629,0.822,0.809,41522,78.7,3.1,68.3,110.8,72.4
Finland,FIN,2005,The West,0.871,0.83,0.627,0.822,0.809,42529.4,78.8,3,68.5,111.3,74.5
Finland,FIN,2006,The West,0.88,0.842,0.635,0.833,0.818,44069.4,79.2,2.9,68.8,110.3,79.7
Finland,FIN,2007,The West,0.881,0.842,0.633,0.834,0.82,46213.7,79.3,2.8,69,109,80.8
Finland,FIN,2008,The West,0.881,0.842,0.631,0.834,0.82,46359.9,79.6,2.7,69.3,108.3,83.7
Finland,FIN,2009,The West,0.881,0.842,0.629,0.834,0.82,42412.5,79.7,2.6,69.5,107.7,82.5
Finland,FIN,2010,The West,0.881,0.842,0.625,0.834,0.821,43556.5,79.9,2.4,69.8,108.6,86.9
Finland,FIN,2011,The West,0.884,0.843,0.626,0.813,0.824,44391.5,80.5,2.3,70.1,109.2,88.7
Finland,FIN,2012,The West,0.885,0.844,0.625,0.814,0.826,43507.9,80.6,2.2,70.4,110,89.9
Finland,FIN,2013,The West,0.891,0.858,0.627,0.829,0.828,42883.6,81,2.1,70.7,145.7,91.5
Finland,FIN,2014,The West,0.891,0.858,0.627,0.829,0.828,42502.5,81.2,2.1,71,147.4,86.5
Finland,FIN,2015,The West,0.869,0.827,0.61,0.806,0.808,42560.3,81.5,2,71.3,150.8,86.4
Finland,FIN,2016,The West,0.869,0.827,0.609,0.806,0.808,43529.7,81.4,2,71.6,152.5,87.7
Finland,FIN,2017,The West,0.873,0.836,0.615,0.81,0.806,44862.2,81.6,1.9,72,153.6,87.5
Finland,FIN,2018,The West,0.884,0.849,0.625,0.822,0.812,45337.2,81.7,1.9,72.3,153.7,88.9
Finland,FIN,2019,The West,0.881,0.842,0.624,0.821,0.805,45898.6,82,1.9,72.7,144.6,89.6
Finland,FIN,2020,The West,0.88,0.844,0.624,0.823,0.802,44691,81.9,1.9,73.1,143.1,92.2
Finland,FIN,2021,The West,0.871,0.835,0.617,0.813,0.784,45792,81.9,1.9,73.4,143.4,92.8
Finland,FIN,2022,The West,0.869,0.827,0.615,0.809,0.784,46016.1,81.2,1.9,73.7,144.9,93
Finland,FIN,2023,The West,0.853,0.812,0.595,0.772,0.767,45196.5,81.6,1.9,74,142.9,93.5
France,FRA,1990,The West,0.875,0.802,0.648,0.787,0.749,27993,76.6,7.5,74.1,NA,0.1
France,FRA,1991,The West,0.875,0.802,0.648,0.787,0.749,28197.2,76.8,7.1,74.2,NA,0.1
France,FRA,1992,The West,0.875,0.803,0.648,0.787,0.764,28482.5,77.1,6.7,74.4,NA,0.3
France,FRA,1993,The West,0.875,0.798,0.646,0.814,0.763,28257.1,77.3,6.2,74.6,NA,0.6
France,FRA,1994,The West,0.875,0.801,0.652,0.804,0.762,28822.5,77.6,5.7,74.8,NA,0.9
France,FRA,1995,The West,0.869,0.798,0.647,0.799,0.758,29379.6,77.8,5.3,75.1,NA,1.6
France,FRA,1996,The West,0.874,0.802,0.652,0.805,0.764,29683.8,78,4.9,75.4,NA,2.6
France,FRA,1997,The West,0.874,0.8,0.648,0.803,0.763,30325.5,78.3,4.6,75.6,NA,4.3
France,FRA,1998,The West,0.873,0.798,0.645,0.802,0.766,31256.5,78.6,4.4,75.9,NA,6.3
France,FRA,1999,The West,0.873,0.798,0.643,0.802,0.766,32152.7,78.8,4.2,76.2,NA,9.1
France,FRA,2000,The West,0.873,0.798,0.65,0.802,0.775,33255.1,79.1,4.1,76.5,NA,14.3
France,FRA,2001,The West,0.873,0.798,0.65,0.802,0.775,33640.7,79.2,3.9,76.9,104.6,26.3
France,FRA,2002,The West,0.874,0.801,0.651,0.802,0.778,33753.6,79.3,3.8,77.3,103.2,30.2
France,FRA,2003,The West,0.874,0.802,0.656,0.802,0.779,33840.6,79.1,3.6,77.5,102.8,36.1
France,FRA,2004,The West,0.874,0.802,0.656,0.802,0.779,34557.1,80.2,3.5,77.5,102.2,39.1
France,FRA,2005,The West,0.874,0.802,0.652,0.811,0.779,34946,80.2,3.3,77.4,106.8,42.9
France,FRA,2006,The West,0.874,0.802,0.652,0.807,0.779,35645.4,80.8,3.3,77.3,106.9,46.9
France,FRA,2007,The West,0.877,0.807,0.653,0.813,0.781,36322.2,81.1,3.2,77.2,106.7,66.1
France,FRA,2008,The West,0.885,0.816,0.659,0.82,0.795,36257.4,81.2,3.2,77.2,106.4,70.7
France,FRA,2009,The West,0.885,0.816,0.659,0.821,0.795,35052.9,81.4,3.1,77.1,106.2,71.6
France,FRA,2010,The West,0.885,0.816,0.657,0.817,0.795,35578.2,81.7,3.1,77.1,106.4,77.3
France,FRA,2011,The West,0.887,0.818,0.655,0.821,0.795,36270,82.1,3.1,77.1,106.6,77.8
France,FRA,2012,The West,0.89,0.82,0.652,0.828,0.799,36161.3,82,3.1,77.2,105.8,81.4
France,FRA,2013,The West,0.89,0.822,0.648,0.828,0.806,36256.1,82.2,3.1,77.2,104.4,81.9
France,FRA,2014,The West,0.889,0.821,0.643,0.817,0.806,36444.4,82.7,3.1,77.4,103.4,83.8
France,FRA,2015,The West,0.883,0.812,0.629,0.82,0.801,36702.4,82.3,3.2,77.8,103.4,78
France,FRA,2016,The West,0.883,0.812,0.625,0.82,0.794,36920.5,82.6,3.2,78.6,103.3,79.3
France,FRA,2017,The West,0.886,0.817,0.623,0.816,0.792,37580.6,82.6,3.3,78.6,103.8,80.5
France,FRA,2018,The West,0.874,0.802,0.607,0.808,0.778,38062.4,82.7,3.3,78.7,103.8,82
France,FRA,2019,The West,0.866,0.793,0.605,0.794,0.764,38705.2,82.8,3.3,78.7,104.1,83.3
France,FRA,2020,The West,0.866,0.789,0.606,0.793,0.755,35709.2,82.2,3.3,78.7,104.6,84.7
France,FRA,2021,The West,0.868,0.789,0.61,0.814,0.759,38030.9,82.3,3.4,78.7,104.5,86.1
France,FRA,2022,The West,0.875,0.807,0.604,0.81,0.761,38868.3,82.1,3.4,78.8,104.3,85.3
France,FRA,2023,The West,0.871,0.807,0.605,0.807,0.727,39319.4,82.8,3.4,78.8,104,86.8
Gabon,GAB,1990,Africa,0.218,0.152,0.097,0.191,0.139,8354.3,60.7,58.8,69.3,NA,0
Gabon,GAB,1991,Africa,0.308,0.189,0.171,0.237,0.198,8627.4,60.9,58.1,70.7,NA,NA
Gabon,GAB,1992,Africa,0.327,0.197,0.196,0.279,0.211,8138.9,61,57.4,71.9,NA,NA
Gabon,GAB,1993,Africa,0.325,0.197,0.195,0.28,0.21,8237.7,61.1,56.8,73,NA,NA
Gabon,GAB,1994,Africa,0.329,0.199,0.197,0.282,0.213,8322.6,61.2,56.2,74,36.3,NA
Gabon,GAB,1995,Africa,0.329,0.199,0.217,0.282,0.213,8514.9,61.3,55.6,75,38.6,NA
Gabon,GAB,1996,Africa,0.329,0.198,0.23,0.282,0.213,8603,61.3,54.8,75.9,45.6,0
Gabon,GAB,1997,Africa,0.338,0.203,0.235,0.286,0.218,8870.1,61.4,54,76.9,46,0
Gabon,GAB,1998,Africa,0.338,0.203,0.235,0.287,0.217,8949.1,61.5,53,77.8,NA,0.2
Gabon,GAB,1999,Africa,0.338,0.203,0.234,0.288,0.217,7944.6,61.7,51.9,78.7,44.3,0.2
Gabon,GAB,2000,Africa,0.337,0.199,0.232,0.287,0.242,7596.1,61.8,50.7,79.6,NA,1.2
Gabon,GAB,2001,Africa,0.342,0.2,0.237,0.29,0.253,7556.8,62,49.4,80.4,48.6,1.3
Gabon,GAB,2002,Africa,0.344,0.202,0.238,0.29,0.255,7338.8,62.2,48.1,81.2,49.4,1.9
Gabon,GAB,2003,Africa,0.344,0.202,0.238,0.29,0.255,7301.7,62.5,46.8,82,NA,2.7
Gabon,GAB,2004,Africa,0.344,0.202,0.237,0.29,0.255,7149,62.7,45.5,82.7,NA,3
Gabon,GAB,2005,Africa,0.346,0.203,0.236,0.292,0.255,7130.2,63,44.3,83.4,NA,4.9
Gabon,GAB,2006,Africa,0.353,0.204,0.236,0.294,0.258,6724.1,63.3,43.2,84.1,NA,5.5
Gabon,GAB,2007,Africa,0.351,0.204,0.241,0.293,0.257,6908.7,63.6,41.9,84.7,NA,5.8
Gabon,GAB,2008,Africa,0.351,0.204,0.24,0.293,0.257,6468.4,64,40.8,85.2,NA,7.5
Gabon,GAB,2009,Africa,0.35,0.204,0.238,0.318,0.259,6264.8,64.4,40,85.7,NA,9.5
Gabon,GAB,2010,Africa,0.37,0.206,0.253,0.363,0.274,6481.5,64.7,38.8,86.2,NA,13
Gabon,GAB,2011,Africa,0.37,0.206,0.251,0.363,0.274,6699.2,65.1,37.5,86.6,NA,18
Gabon,GAB,2012,Africa,0.359,0.21,0.257,0.369,0.279,6803.2,65.4,36.4,86.9,NA,24
Gabon,GAB,2013,Africa,0.375,0.223,0.264,0.327,0.294,6938.3,65.8,35.3,87.1,NA,30.5
Gabon,GAB,2014,Africa,0.375,0.223,0.262,0.327,0.292,6998.6,66.1,34.7,87.6,NA,38.1
Gabon,GAB,2015,Africa,0.375,0.223,0.262,0.327,0.292,7047.1,66.3,33.7,88.1,NA,45.8
Gabon,GAB,2016,Africa,0.378,0.224,0.269,0.33,0.294,6991.3,66.6,32.6,88.5,NA,48.1
Gabon,GAB,2017,Africa,0.398,0.233,0.275,0.309,0.293,6840.1,66.8,32,89,NA,51.6
Gabon,GAB,2018,Africa,0.386,0.212,0.265,0.283,0.293,6724.6,67,31.1,89.5,NA,55.4
Gabon,GAB,2019,Africa,0.377,0.201,0.262,0.278,0.266,6817.6,67.3,30.1,89.9,70.3,59.5
Gabon,GAB,2020,Africa,0.368,0.196,0.257,0.29,0.29,6534.3,67.1,28.8,90.3,NA,63.9
Gabon,GAB,2021,Africa,0.368,0.199,0.252,0.29,0.285,6479,67.1,28.5,90.8,NA,65.8
Gabon,GAB,2022,Africa,0.362,0.199,0.244,0.281,0.274,6527.5,67.7,27.5,91.2,NA,67.7
Gabon,GAB,2023,Africa,0.325,0.185,0.226,0.218,0.252,6541.3,68.3,26.9,91.6,NA,68.2
Georgia,GEO,1990,Eastern Europe,0.313,0.131,0.071,0.079,0.276,3534,68.7,38.5,55.1,NA,0
Georgia,GEO,1991,Eastern Europe,0.327,0.14,0.096,0.093,0.273,2768.8,68.2,38.2,54.9,97,NA
Georgia,GEO,1992,Eastern Europe,0.254,0.098,0.073,0.09,0.219,1513.9,67.8,37.9,54.6,91.4,NA
Georgia,GEO,1993,Eastern Europe,0.356,0.158,0.102,0.148,0.268,1062.1,67.4,37.4,54.3,80.9,NA
Georgia,GEO,1994,Eastern Europe,0.362,0.165,0.105,0.201,0.275,966.4,68.7,36.9,54,79.5,NA
Georgia,GEO,1995,Eastern Europe,0.366,0.182,0.113,0.212,0.291,1029.5,69.4,36.2,53.7,77.1,0
Georgia,GEO,1996,Eastern Europe,0.382,0.208,0.122,0.216,0.304,1187.1,70.6,35.2,53.4,77.9,0
Georgia,GEO,1997,Eastern Europe,0.378,0.207,0.12,0.224,0.302,1354.8,69.7,34,53.1,78.7,0.1
Georgia,GEO,1998,Eastern Europe,0.38,0.213,0.121,0.225,0.303,1431.8,69.8,32.7,52.9,NA,0.1
Georgia,GEO,1999,Eastern Europe,0.378,0.214,0.121,0.224,0.293,1503.5,70,31,52.6,81.5,0.4
Georgia,GEO,2000,Eastern Europe,0.374,0.205,0.123,0.236,0.292,1561.2,70.1,29.2,52.5,83.4,0.5
Georgia,GEO,2001,Eastern Europe,0.382,0.209,0.125,0.241,0.296,1661.8,70.4,27.3,52.4,86.5,1
Georgia,GEO,2002,Eastern Europe,0.379,0.208,0.12,0.241,0.295,1768.6,70.4,25.2,52.4,90,1.6
Georgia,GEO,2003,Eastern Europe,0.384,0.22,0.144,0.242,0.307,1977.5,71.4,23.2,52.5,94,2.6
Georgia,GEO,2004,Eastern Europe,0.548,0.357,0.323,0.367,0.434,2105,71,21.1,52.7,90.7,3.9
Georgia,GEO,2005,Eastern Europe,0.547,0.373,0.319,0.369,0.447,2321.6,70.7,19.1,53,95.8,6.1
Georgia,GEO,2006,Eastern Europe,0.548,0.378,0.323,0.371,0.447,2554.8,71,17.3,53.4,98.6,7.5
Georgia,GEO,2007,Eastern Europe,0.539,0.369,0.317,0.355,0.442,2891.1,71,15.6,53.8,107.9,8.3
Georgia,GEO,2008,Eastern Europe,0.495,0.339,0.31,0.327,0.415,2970.2,70.9,14.1,54.2,110.9,10
Georgia,GEO,2009,Eastern Europe,0.491,0.34,0.308,0.335,0.413,2887.3,71.1,12.9,54.7,106.7,20.1
Georgia,GEO,2010,Eastern Europe,0.496,0.34,0.317,0.351,0.415,3090.1,71.7,11.8,55.2,NA,26.9
Georgia,GEO,2011,Eastern Europe,0.5,0.344,0.321,0.355,0.418,3362.1,72.5,10.9,55.7,NA,31.5
Georgia,GEO,2012,Eastern Europe,0.519,0.361,0.334,0.364,0.431,3609.8,72.7,10.2,56.2,NA,36.9
Georgia,GEO,2013,Eastern Europe,0.623,0.456,0.398,0.478,0.491,3806.5,73,9.6,56.6,107,43.3
Georgia,GEO,2014,Eastern Europe,0.675,0.5,0.436,0.524,0.534,3960.4,73.1,9.2,57,105.8,49.1
Georgia,GEO,2015,Eastern Europe,0.668,0.504,0.434,0.517,0.531,4086.6,73.2,8.9,57.4,106.8,47.6
Georgia,GEO,2016,Eastern Europe,0.685,0.518,0.443,0.539,0.549,4225.1,73.1,8.7,57.7,107.8,58.5
Georgia,GEO,2017,Eastern Europe,0.669,0.498,0.432,0.534,0.552,4442.5,73.4,8.5,58,109.5,59.7
Georgia,GEO,2018,Eastern Europe,0.663,0.514,0.431,0.519,0.539,4713.7,74,8.3,58.3,111.6,62.7
Georgia,GEO,2019,Eastern Europe,0.627,0.48,0.402,0.499,0.519,4975.8,74.2,8.2,58.6,111.9,68.8
Georgia,GEO,2020,Eastern Europe,0.616,0.47,0.388,0.502,0.506,4659.6,73.5,8,59,108.1,72.5
Georgia,GEO,2021,Eastern Europe,0.604,0.454,0.373,0.496,0.489,5175.2,71.6,7.9,59.4,106.2,76.4
Georgia,GEO,2022,Eastern Europe,0.607,0.464,0.371,0.495,0.49,5736.3,74.1,7.7,60,103.7,78.7
Georgia,GEO,2023,Eastern Europe,0.591,0.456,0.358,0.479,0.477,6180.6,74.5,7.6,60.8,103.2,81.9
German Democratic Republic,DDR,1990,Eastern Europe,0.707,0.538,0.415,0.675,0.635,NA,NA,NA,NA,NA,NA
Germany,DEU,1990,The West,0.892,0.853,0.646,0.862,0.823,29763.3,75.1,7,80,NA,0.1
Germany,DEU,1991,The West,0.893,0.853,0.647,0.864,0.825,31056.6,75.3,6.6,80,NA,0.2
Germany,DEU,1992,The West,0.893,0.853,0.647,0.864,0.825,31442,75.8,6.2,80,NA,0.4
Germany,DEU,1993,The West,0.893,0.853,0.647,0.864,0.825,30932,75.9,5.8,80,NA,0.5
Germany,DEU,1994,The West,0.893,0.853,0.647,0.864,0.825,31625.4,76.3,5.5,80,NA,0.9
Germany,DEU,1995,The West,0.893,0.853,0.646,0.864,0.825,32007.1,76.4,5.3,80,NA,1.8
Germany,DEU,1996,The West,0.893,0.854,0.646,0.864,0.825,32245.9,76.7,5,80.1,NA,3
Germany,DEU,1997,The West,0.893,0.854,0.646,0.864,0.825,32795.8,77.1,4.8,80.1,NA,6.7
Germany,DEU,1998,The West,0.894,0.856,0.649,0.865,0.827,33478,77.5,4.7,80.1,NA,9.9
Germany,DEU,1999,The West,0.899,0.86,0.652,0.872,0.835,34168.8,77.7,4.5,80.1,NA,20.8
Germany,DEU,2000,The West,0.899,0.86,0.652,0.872,0.839,35104.1,77.9,4.4,80.1,NA,30.2
Germany,DEU,2001,The West,0.899,0.86,0.652,0.872,0.839,35618.5,78.3,4.3,80.1,99.6,31.7
Germany,DEU,2002,The West,0.898,0.859,0.651,0.87,0.838,35477.5,78.2,4.2,80.1,100.9,48.8
Germany,DEU,2003,The West,0.896,0.857,0.65,0.865,0.836,35270,78.4,4.1,80.1,101.2,55.9
Germany,DEU,2004,The West,0.896,0.857,0.65,0.865,0.831,35687.6,78.7,4,80.2,101.4,64.7
Germany,DEU,2005,The West,0.896,0.859,0.65,0.865,0.835,36024.1,78.9,3.9,80.2,101.4,68.7
Germany,DEU,2006,The West,0.902,0.864,0.656,0.872,0.842,37459.3,79.1,3.8,80.2,102.5,72.2
Germany,DEU,2007,The West,0.902,0.864,0.656,0.872,0.842,38593.1,79.5,3.7,80.2,102,75.2
Germany,DEU,2008,The West,0.902,0.864,0.656,0.872,0.842,39009.8,79.7,3.6,80.2,103.2,78
Germany,DEU,2009,The West,0.9,0.862,0.654,0.87,0.841,36940.4,79.8,3.5,80.3,103.3,79
Germany,DEU,2010,The West,0.898,0.862,0.652,0.867,0.836,38526.7,80,3.5,80.3,104.9,82
Germany,DEU,2011,The West,0.9,0.864,0.654,0.87,0.84,40722.5,80.4,3.4,80.3,105.3,81.3
Germany,DEU,2012,The West,0.899,0.863,0.652,0.868,0.838,40834.5,80.5,3.4,80.4,104.4,82.3
Germany,DEU,2013,The West,0.892,0.853,0.647,0.86,0.835,40884.9,80.5,3.3,80.5,103.9,84.2
Germany,DEU,2014,The West,0.885,0.845,0.641,0.852,0.821,41602.5,81.1,3.3,80.6,103.3,86.2
Germany,DEU,2015,The West,0.883,0.845,0.639,0.85,0.827,41929.8,80.6,3.3,80.7,102.2,87.6
Germany,DEU,2016,The West,0.888,0.848,0.643,0.854,0.83,42516.9,81,3.3,80.8,100.9,84.2
Germany,DEU,2017,The West,0.889,0.842,0.644,0.855,0.832,43543.5,81,3.2,81,101.1,84.4
Germany,DEU,2018,The West,0.881,0.834,0.637,0.843,0.824,43905.9,80.9,3.2,81.1,100.8,87
Germany,DEU,2019,The West,0.878,0.831,0.635,0.841,0.821,44235.3,81.3,3.1,81.3,101.2,88.1
Germany,DEU,2020,The West,0.87,0.821,0.629,0.834,0.801,42372.9,81,3.1,81.5,101.3,89.8
Germany,DEU,2021,The West,0.863,0.814,0.622,0.824,0.802,44011,80.8,3.1,81.6,101.2,91.4
Germany,DEU,2022,The West,0.855,0.806,0.616,0.816,0.794,44817.1,80.6,3.1,81.8,100.8,91.6
Germany,DEU,2023,The West,0.855,0.812,0.616,0.814,0.794,44369,81,3.1,81.9,100.6,92.5
Ghana,GHA,1990,Africa,0.104,0.097,0.095,0.069,0.15,855.9,55.4,72.7,35.7,34,0
Ghana,GHA,1991,Africa,0.105,0.097,0.096,0.079,0.148,878.6,55.7,70.9,36.5,NA,NA
Ghana,GHA,1992,Africa,0.173,0.114,0.124,0.132,0.165,890.3,56.1,69.6,37.4,NA,NA
Ghana,GHA,1993,Africa,0.445,0.334,0.24,0.347,0.319,910.7,56.3,68.8,38.2,NA,NA
Ghana,GHA,1994,Africa,0.479,0.388,0.256,0.394,0.338,918.4,56.2,68.3,39.1,NA,NA
Ghana,GHA,1995,Africa,0.491,0.396,0.262,0.409,0.345,933.9,56.7,67.8,40,33.3,0
Ghana,GHA,1996,Africa,0.513,0.425,0.272,0.43,0.355,954.3,57,67.3,40.8,NA,0
Ghana,GHA,1997,Africa,0.597,0.505,0.319,0.49,0.41,971,57.2,66.5,41.6,NA,0
Ghana,GHA,1998,Africa,0.597,0.505,0.317,0.49,0.41,992.2,57.5,65.2,42.5,NA,0
Ghana,GHA,1999,Africa,0.597,0.504,0.316,0.49,0.407,1010.9,57.8,63.7,43.2,32.5,0.1
Ghana,GHA,2000,Africa,0.664,0.57,0.349,0.594,0.453,1022.3,58.1,61.7,43.9,32.6,0.2
Ghana,GHA,2001,Africa,0.721,0.622,0.382,0.645,0.494,1035.2,58.4,59.7,44.6,30.9,0.2
Ghana,GHA,2002,Africa,0.731,0.629,0.385,0.653,0.527,1052.5,58.7,57.8,45.3,32.3,0.8
Ghana,GHA,2003,Africa,0.731,0.631,0.389,0.653,0.527,1077.7,59,56.2,46.1,33.7,1.2
Ghana,GHA,2004,Africa,0.734,0.635,0.388,0.656,0.526,1108.3,59.3,54.7,46.8,36.1,1.7
Ghana,GHA,2005,Africa,0.73,0.634,0.386,0.652,0.527,1143.3,59.6,53.4,47.5,38.1,1.8
Ghana,GHA,2006,Africa,0.73,0.634,0.385,0.652,0.527,1185.3,60,52.1,48.1,39.8,2.7
Ghana,GHA,2007,Africa,0.736,0.636,0.385,0.668,0.529,1205.3,60.3,50.7,48.8,43.8,3.9
Ghana,GHA,2008,Africa,0.732,0.632,0.381,0.664,0.528,1282.6,60.6,49.2,49.5,46.1,4.3
Ghana,GHA,2009,Africa,0.755,0.652,0.394,0.685,0.549,1311.6,60.9,47.5,50.1,47.9,5.4
Ghana,GHA,2010,Africa,0.761,0.663,0.395,0.693,0.556,1381.2,61.3,45.8,50.7,NA,7.8
Ghana,GHA,2011,Africa,0.761,0.663,0.391,0.693,0.556,1537.8,61.6,44,51.3,55.6,9
Ghana,GHA,2012,Africa,0.771,0.661,0.397,0.698,0.566,1640.5,62,42.3,51.9,56.7,10.6
Ghana,GHA,2013,Africa,0.75,0.635,0.376,0.632,0.551,1718.6,62.4,40.7,52.5,68.2,15
Ghana,GHA,2014,Africa,0.746,0.63,0.372,0.624,0.545,1726.4,62.8,39.3,53.1,64,19
Ghana,GHA,2015,Africa,0.739,0.631,0.368,0.606,0.537,1722.8,63.2,37.9,53.6,67,23
Ghana,GHA,2016,Africa,0.725,0.61,0.363,0.597,0.525,1740.8,63.5,36.6,54.2,67.3,28
Ghana,GHA,2017,Africa,0.739,0.628,0.381,0.613,0.526,1841.4,63.8,35.4,54.7,66.6,37.9
Ghana,GHA,2018,Africa,0.735,0.623,0.378,0.632,0.529,1915.5,64.1,34.1,55.2,68.2,43
Ghana,GHA,2019,Africa,0.718,0.606,0.352,0.597,0.514,1999.6,64.5,32.9,55.7,71.2,22.1
Ghana,GHA,2020,Africa,0.718,0.604,0.349,0.598,0.515,1970.2,64.3,31.7,56.2,74,62.5
Ghana,GHA,2021,Africa,0.659,0.554,0.322,0.532,0.467,2030,64.3,30.5,56.7,76.2,68.6
Ghana,GHA,2022,Africa,0.663,0.559,0.32,0.554,0.471,2067.2,65.2,29.4,57.3,77.8,69.9
Ghana,GHA,2023,Africa,0.657,0.555,0.319,0.555,0.472,2091.8,65.5,28.4,57.8,NA,70.7
Greece,GRC,1990,The West,0.882,0.788,0.602,0.749,0.793,15438.8,76.9,9.2,71.5,NA,0
Greece,GRC,1991,The West,0.882,0.788,0.599,0.749,0.794,15727.5,77.1,8.7,71.6,NA,0
Greece,GRC,1992,The West,0.882,0.789,0.597,0.749,0.794,15717,77.4,8.3,71.8,NA,0
Greece,GRC,1993,The West,0.882,0.79,0.594,0.75,0.794,15374.9,77.4,8,71.9,NA,0.2
Greece,GRC,1994,The West,0.884,0.792,0.601,0.752,0.794,15604,77.6,7.7,72,NA,0.4
Greece,GRC,1995,The West,0.884,0.793,0.601,0.752,0.794,15857.4,77.6,7.4,72.1,NA,0.8
Greece,GRC,1996,The West,0.884,0.797,0.6,0.757,0.795,16006,77.7,7,72.2,NA,1.4
Greece,GRC,1997,The West,0.883,0.798,0.6,0.756,0.799,16501,78.1,6.7,72.3,NA,1.9
Greece,GRC,1998,The West,0.883,0.798,0.6,0.756,0.799,16973.8,77.8,6.3,72.4,NA,3.2
Greece,GRC,1999,The West,0.883,0.798,0.6,0.756,0.799,17358.4,78,5.9,72.5,NA,6.9
Greece,GRC,2000,The West,0.882,0.798,0.599,0.775,0.796,18002.9,77.9,5.5,72.7,97.1,9.1
Greece,GRC,2001,The West,0.887,0.802,0.603,0.779,0.802,18742.4,78.4,5.1,72.8,102,10.9
Greece,GRC,2002,The West,0.887,0.802,0.603,0.779,0.802,19548.4,78.6,4.8,73.1,98.2,14.7
Greece,GRC,2003,The West,0.887,0.802,0.603,0.779,0.802,20632.3,78.8,4.4,73.4,94.3,17.8
Greece,GRC,2004,The West,0.889,0.803,0.605,0.757,0.803,21688.1,79,4.1,73.8,92.9,21.4
Greece,GRC,2005,The West,0.89,0.804,0.606,0.758,0.803,21880.5,79.2,3.9,74.3,96.8,24
Greece,GRC,2006,The West,0.89,0.803,0.606,0.758,0.803,23220.5,79.4,3.7,74.7,96.8,32.2
Greece,GRC,2007,The West,0.895,0.805,0.61,0.761,0.81,23973.7,79.4,3.5,75.2,96,35.9
Greece,GRC,2008,The West,0.9,0.811,0.614,0.77,0.817,23923.9,79.9,3.4,75.6,NA,38.2
Greece,GRC,2009,The West,0.901,0.812,0.614,0.787,0.815,22878.1,80.2,3.3,76,NA,42.4
Greece,GRC,2010,The West,0.901,0.812,0.618,0.824,0.816,21547.7,80.4,3.3,76.4,107.8,44.4
Greece,GRC,2011,The West,0.901,0.814,0.621,0.832,0.814,19448.3,80.7,3.4,76.6,106,51.6
Greece,GRC,2012,The West,0.897,0.81,0.618,0.827,0.808,17924.7,80.6,3.4,76.9,106.3,55.1
Greece,GRC,2013,The West,0.889,0.801,0.61,0.807,0.791,17644.9,81.3,3.5,77.1,107.4,59.9
Greece,GRC,2014,The West,0.889,0.804,0.611,0.813,0.79,17903.5,81.4,3.6,77.3,103.5,63.2
Greece,GRC,2015,The West,0.88,0.785,0.642,0.764,0.784,17980.7,81,3.6,77.5,103.4,66.8
Greece,GRC,2016,The West,0.872,0.776,0.636,0.749,0.778,18049.9,81.4,3.6,77.7,104,69.1
Greece,GRC,2017,The West,0.868,0.775,0.632,0.746,0.779,18352.1,81.3,3.6,77.9,104.2,69.9
Greece,GRC,2018,The West,0.859,0.767,0.625,0.744,0.748,18769,81.8,3.6,78,103.9,72.2
Greece,GRC,2019,The West,0.864,0.763,0.628,0.782,0.739,19216.7,81.6,3.5,78.2,106.5,75.7
Greece,GRC,2020,The West,0.788,0.669,0.559,0.685,0.671,17487,81.3,3.4,78.3,103.6,78.1
Greece,GRC,2021,The West,0.76,0.63,0.528,0.656,0.644,19231.3,80.1,3.4,78.4,104.8,78.5
Greece,GRC,2022,The West,0.762,0.607,0.529,0.659,0.649,20550.5,80.8,3.3,78.6,106.6,83.2
Greece,GRC,2023,The West,0.735,0.573,0.508,0.632,0.624,21050.9,81.7,3.3,78.8,105.2,85
Guatemala,GTM,1990,Latin America,0.371,0.205,0.246,0.221,0.147,2741.5,61.8,60.6,33.9,NA,0
Guatemala,GTM,1991,Latin America,0.382,0.208,0.245,0.225,0.159,2765.9,61.9,58.1,34.2,24,NA
Guatemala,GTM,1992,Latin America,0.382,0.208,0.244,0.233,0.159,2823.7,62,55.7,34.4,NA,NA
Guatemala,GTM,1993,Latin America,0.385,0.216,0.246,0.233,0.16,2857.3,62.4,53.5,34.7,25.5,NA
Guatemala,GTM,1994,Latin America,0.396,0.229,0.28,0.239,0.164,2894.4,63,51.3,35.1,26.4,NA
Guatemala,GTM,1995,Latin America,0.412,0.24,0.288,0.267,0.17,2958.3,63.7,49.3,35.8,26.5,0
Guatemala,GTM,1996,Latin America,0.454,0.261,0.311,0.31,0.194,2968,64.5,47.4,36.9,25.9,0
Guatemala,GTM,1997,Latin America,0.489,0.282,0.312,0.358,0.207,3019.3,65.2,45.6,38.3,25.6,0.1
Guatemala,GTM,1998,Latin America,0.489,0.284,0.312,0.358,0.207,3090,66,43.9,39.9,25.9,0.5
Guatemala,GTM,1999,Latin America,0.491,0.291,0.311,0.379,0.208,3129.1,66.6,42.3,41.6,27.4,0.6
Guatemala,GTM,2000,Latin America,0.542,0.362,0.33,0.369,0.23,3165.9,67.1,40.7,43.2,31,0.7
Guatemala,GTM,2001,Latin America,0.542,0.362,0.33,0.369,0.23,3166.2,67.4,39.2,44.7,32.9,1.7
Guatemala,GTM,2002,Latin America,0.542,0.362,0.33,0.369,0.23,3213.3,67.8,37.8,45.8,35.5,3.4
Guatemala,GTM,2003,Latin America,0.543,0.363,0.331,0.37,0.231,3222.2,68.2,36.4,46.6,NA,4.5
Guatemala,GTM,2004,Latin America,0.552,0.372,0.335,0.376,0.236,3250.2,68.2,35.1,47.3,38.6,5.1
Guatemala,GTM,2005,Latin America,0.552,0.373,0.333,0.376,0.236,3284.8,68.2,33.9,48.1,40.6,5.7
Guatemala,GTM,2006,Latin America,0.552,0.374,0.332,0.376,0.236,3388.2,68.8,32.7,48.8,42.4,6.5
Guatemala,GTM,2007,Latin America,0.563,0.386,0.336,0.384,0.241,3527.8,69.3,31.5,49.5,44.2,7.3
Guatemala,GTM,2008,Latin America,0.582,0.395,0.344,0.392,0.251,3569.9,69.5,30.3,50.1,45.2,8.3
Guatemala,GTM,2009,Latin America,0.58,0.396,0.341,0.392,0.251,3516.2,69.7,29.2,50.7,48.3,9.3
Guatemala,GTM,2010,Latin America,0.583,0.397,0.34,0.398,0.251,3546.6,69.9,28,51.3,52.2,10.5
Guatemala,GTM,2011,Latin America,0.581,0.393,0.337,0.386,0.25,3621.4,70.3,27,51.9,52.8,12.3
Guatemala,GTM,2012,Latin America,0.576,0.391,0.334,0.369,0.24,3655.6,70.7,26,52.4,53.1,16
Guatemala,GTM,2013,Latin America,0.574,0.41,0.334,0.367,0.243,3717.3,70.9,24.9,52.8,53.3,19.7
Guatemala,GTM,2014,Latin America,0.572,0.412,0.332,0.364,0.244,3809.6,70.9,24,53.1,53,23.4
Guatemala,GTM,2015,Latin America,0.587,0.425,0.345,0.375,0.249,3893.5,70.9,23.1,53.4,54.9,28.8
Guatemala,GTM,2016,Latin America,0.626,0.451,0.368,0.378,0.268,3924.8,71.2,22.3,53.7,54.4,34.5
Guatemala,GTM,2017,Latin America,0.621,0.444,0.356,0.378,0.259,3972.7,71.6,21.6,53.8,54,37.9
Guatemala,GTM,2018,Latin America,0.602,0.415,0.345,0.313,0.26,4040.2,71.5,20.8,53.8,54.1,41.5
Guatemala,GTM,2019,Latin America,0.597,0.415,0.345,0.341,0.246,4139.1,71.6,20.2,54.2,52.6,44.4
Guatemala,GTM,2020,Latin America,0.589,0.402,0.355,0.336,0.26,4005.8,70,19.5,54.5,51.8,47.5
Guatemala,GTM,2021,Latin America,0.555,0.359,0.331,0.315,0.238,4268.6,67.9,18.9,54.9,48.2,50.8
Guatemala,GTM,2022,Latin America,0.509,0.314,0.289,0.292,0.214,4383.9,71.2,18.3,55.3,45.9,54.4
Guatemala,GTM,2023,Latin America,0.506,0.338,0.284,0.285,0.228,4469.1,72.6,17.7,55.6,47.4,56.7
Guinea,GIN,1990,Africa,0.117,0.047,0.103,0.055,0.11,548.4,47.3,134.5,28.2,9.8,0
Guinea,GIN,1991,Africa,0.142,0.074,0.124,0.106,0.121,540.6,47.8,131.2,28.5,10.2,NA
Guinea,GIN,1992,Africa,0.163,0.079,0.126,0.107,0.125,540.8,48.3,127.7,28.7,NA,NA
Guinea,GIN,1993,Africa,0.166,0.081,0.127,0.104,0.126,551,48.8,124,29,12,NA
Guinea,GIN,1994,Africa,0.185,0.085,0.132,0.105,0.129,556,49.2,120.3,29.2,12.7,0
Guinea,GIN,1995,Africa,0.255,0.102,0.152,0.124,0.15,565.6,49.8,116.4,29.5,NA,0
Guinea,GIN,1996,Africa,0.259,0.109,0.152,0.105,0.151,574.3,50.5,112.6,29.8,13.7,0
Guinea,GIN,1997,Africa,0.262,0.107,0.152,0.164,0.151,591.8,51.1,108.9,30.1,NA,0
Guinea,GIN,1998,Africa,0.259,0.108,0.15,0.174,0.15,601.9,51.6,105.1,30.3,NA,0
Guinea,GIN,1999,Africa,0.265,0.11,0.15,0.149,0.153,611,52,101.2,30.6,14,0.1
Guinea,GIN,2000,Africa,0.272,0.11,0.158,0.104,0.159,614.1,52.4,97.3,30.9,NA,0.1
Guinea,GIN,2001,Africa,0.277,0.111,0.168,0.105,0.162,628.3,52.7,93.6,31.2,18.5,0.2
Guinea,GIN,2002,Africa,0.273,0.11,0.166,0.104,0.16,650.6,53.2,90.1,31.5,21.2,0.4
Guinea,GIN,2003,Africa,0.277,0.117,0.167,0.105,0.162,644.1,53.6,87,31.8,22.7,0.5
Guinea,GIN,2004,Africa,0.274,0.116,0.167,0.103,0.161,645.2,54,84.1,32.1,24.6,0.5
Guinea,GIN,2005,Africa,0.274,0.117,0.205,0.103,0.162,651.4,54.4,81.7,32.4,29,0.5
Guinea,GIN,2006,Africa,0.271,0.118,0.205,0.102,0.164,645.5,54.9,79.6,32.7,32.3,0.6
Guinea,GIN,2007,Africa,0.271,0.123,0.204,0.109,0.165,673.7,55.2,77.9,33,NA,0.8
Guinea,GIN,2008,Africa,0.271,0.096,0.202,0.093,0.161,684.8,55.7,76.6,33.3,33.2,0.9
Guinea,GIN,2009,Africa,0.177,0.056,0.165,0.08,0.135,660.8,56.1,75.4,33.5,NA,0.9
Guinea,GIN,2010,Africa,0.236,0.092,0.196,0.123,0.162,675.7,56.4,74.4,33.8,NA,1
Guinea,GIN,2011,Africa,0.318,0.115,0.227,0.135,0.189,696.2,56.8,73.6,34.1,36.7,2
Guinea,GIN,2012,Africa,0.318,0.115,0.226,0.139,0.189,719.5,57.1,72.9,34.3,36.9,3.1
Guinea,GIN,2013,Africa,0.322,0.117,0.228,0.132,0.198,729.8,57.5,72.1,34.6,NA,4.5
Guinea,GIN,2014,Africa,0.375,0.161,0.25,0.149,0.221,738.3,57.6,72,34.8,38.6,6.4
Guinea,GIN,2015,Africa,0.375,0.161,0.251,0.155,0.222,747.4,57.9,71.2,35,NA,9.2
Guinea,GIN,2016,Africa,0.377,0.166,0.247,0.152,0.223,807.2,58.5,69.9,35.3,NA,13.1
Guinea,GIN,2017,Africa,0.369,0.161,0.234,0.149,0.212,867.9,58.7,69,35.6,NA,18.7
Guinea,GIN,2018,Africa,0.373,0.158,0.238,0.158,0.212,899.9,59,68.1,35.9,NA,21.8
Guinea,GIN,2019,Africa,0.36,0.141,0.228,0.133,0.194,926.4,59.4,67,36.1,NA,23.9
Guinea,GIN,2020,Africa,0.295,0.113,0.207,0.102,0.184,945.6,59.4,65.7,36.5,NA,26.1
Guinea,GIN,2021,Africa,0.258,0.098,0.181,0.093,0.166,973.6,59.4,64.4,36.9,NA,28.6
Guinea,GIN,2022,Africa,0.172,0.082,0.148,0.079,0.139,987.5,60.4,62.9,37.2,NA,31.3
Guinea,GIN,2023,Africa,0.169,0.079,0.107,0.078,0.141,1016.9,60.7,61.4,37.6,NA,32.3
Guinea-Bissau,GNB,1990,Africa,0.101,0.048,0.068,0.044,0.098,569.2,46.9,123.9,31.9,NA,0
Guinea-Bissau,GNB,1991,Africa,0.101,0.048,0.068,0.044,0.098,585.6,47.2,121.9,32.8,NA,NA
Guinea-Bissau,GNB,1992,Africa,0.13,0.054,0.073,0.05,0.105,574.9,47.5,120,33.4,NA,NA
Guinea-Bissau,GNB,1993,Africa,0.157,0.078,0.08,0.061,0.121,567.9,47.8,117.8,34,NA,NA
Guinea-Bissau,GNB,1994,Africa,0.249,0.135,0.106,0.137,0.146,568.2,47.8,115.6,34.5,NA,NA
Guinea-Bissau,GNB,1995,Africa,0.358,0.203,0.145,0.185,0.185,578.4,48.5,113.3,34.9,NA,NA
Guinea-Bissau,GNB,1996,Africa,0.358,0.203,0.145,0.185,0.185,632.2,48.8,110.8,35.4,NA,NA
Guinea-Bissau,GNB,1997,Africa,0.358,0.201,0.145,0.185,0.185,660.5,48,108.4,35.8,NA,0
Guinea-Bissau,GNB,1998,Africa,0.358,0.201,0.145,0.167,0.183,502.8,48.1,105.9,36.1,NA,0
Guinea-Bissau,GNB,1999,Africa,0.364,0.201,0.147,0.175,0.185,576.3,48.5,103.3,36.5,NA,0.1
Guinea-Bissau,GNB,2000,Africa,0.424,0.228,0.172,0.201,0.226,571.1,50.6,100.7,36.8,17.9,0.2
Guinea-Bissau,GNB,2001,Africa,0.428,0.232,0.173,0.202,0.228,585.8,51.1,97.9,37.2,NA,0.3
Guinea-Bissau,GNB,2002,Africa,0.434,0.239,0.175,0.203,0.225,594,51.6,94.8,37.5,NA,1
Guinea-Bissau,GNB,2003,Africa,0.376,0.202,0.155,0.182,0.208,579.1,52.2,91.8,37.8,NA,1.4
Guinea-Bissau,GNB,2004,Africa,0.377,0.218,0.164,0.209,0.212,572.5,52.8,88.5,38.1,NA,1.8
Guinea-Bissau,GNB,2005,Africa,0.451,0.263,0.196,0.239,0.24,595.9,52.9,85.1,38.4,32.1,1.9
Guinea-Bissau,GNB,2006,Africa,0.446,0.26,0.194,0.238,0.238,597.3,54.1,81.7,38.7,34.4,2.1
Guinea-Bissau,GNB,2007,Africa,0.446,0.259,0.194,0.238,0.238,597.5,54.9,78.2,39,NA,2.2
Guinea-Bissau,GNB,2008,Africa,0.402,0.228,0.178,0.217,0.22,609,55.3,74.7,39.3,NA,2.4
Guinea-Bissau,GNB,2009,Africa,0.452,0.261,0.2,0.238,0.241,608.2,56.3,71.2,39.7,NA,2.3
Guinea-Bissau,GNB,2010,Africa,0.448,0.262,0.198,0.26,0.24,625.9,57,67.9,40,NA,2.5
Guinea-Bissau,GNB,2011,Africa,0.449,0.26,0.2,0.263,0.242,659,57.7,64.6,40.4,NA,2.7
Guinea-Bissau,GNB,2012,Africa,0.328,0.171,0.155,0.188,0.19,630.7,58.3,61.8,40.9,NA,2.9
Guinea-Bissau,GNB,2013,Africa,0.288,0.195,0.139,0.126,0.188,634.1,58.9,59.3,41.3,NA,3.1
Guinea-Bissau,GNB,2014,Africa,0.439,0.27,0.196,0.218,0.255,623.6,59.5,57.1,41.7,NA,3.3
Guinea-Bissau,GNB,2015,Africa,0.501,0.29,0.219,0.285,0.283,645.1,60.1,55.2,42.2,NA,6.1
Guinea-Bissau,GNB,2016,Africa,0.5,0.289,0.218,0.216,0.282,663.2,60.6,53.4,42.6,NA,13.8
Guinea-Bissau,GNB,2017,Africa,0.49,0.286,0.215,0.221,0.276,677.5,61.1,51.7,43,NA,14.8
Guinea-Bissau,GNB,2018,Africa,0.51,0.307,0.233,0.227,0.272,686.5,61.7,50.1,43.4,NA,15.7
Guinea-Bissau,GNB,2019,Africa,0.529,0.327,0.241,0.252,0.279,706.3,62.2,48.6,43.9,NA,17.9
Guinea-Bissau,GNB,2020,Africa,0.533,0.328,0.243,0.254,0.288,710.3,61.3,47.2,44.3,NA,20.5
Guinea-Bissau,GNB,2021,Africa,0.535,0.321,0.243,0.254,0.31,729.4,61.7,45.9,44.7,NA,23.4
Guinea-Bissau,GNB,2022,Africa,0.377,0.147,0.178,0.189,0.224,752.1,63.6,44.7,45.2,NA,27.7
Guinea-Bissau,GNB,2023,Africa,0.428,0.231,0.199,0.217,0.247,769.5,64.1,43.4,45.6,NA,28.7
Guyana,GUY,1990,Latin America,0.314,0.218,0.225,0.136,0.247,2377.2,62.3,53.3,29.6,NA,0
Guyana,GUY,1991,Latin America,0.309,0.216,0.224,0.134,0.244,2528.1,62.5,52,29.6,NA,NA
Guyana,GUY,1992,Latin America,0.358,0.256,0.233,0.152,0.272,2716.8,62.8,50.7,29.6,NA,NA
Guyana,GUY,1993,Latin America,0.444,0.296,0.24,0.187,0.315,2926.9,63,49.4,29.5,NA,NA
Guyana,GUY,1994,Latin America,0.444,0.298,0.234,0.202,0.315,3164.7,63,48.1,29.4,NA,NA
Guyana,GUY,1995,Latin America,0.444,0.298,0.23,0.202,0.315,3312.6,62.7,46.8,29.4,NA,NA
Guyana,GUY,1996,Latin America,0.444,0.298,0.232,0.202,0.315,3566.1,62.7,45.7,29.3,NA,0.1
Guyana,GUY,1997,Latin America,0.452,0.304,0.235,0.205,0.307,3778,62.9,44.6,29.2,NA,0.1
Guyana,GUY,1998,Latin America,0.523,0.336,0.322,0.223,0.358,3708,63.4,43.5,29,NA,0.3
Guyana,GUY,1999,Latin America,0.522,0.337,0.322,0.231,0.358,3813.3,63.8,42.5,28.9,81.3,0.4
Guyana,GUY,2000,Latin America,0.519,0.334,0.319,0.256,0.363,3759.6,64.1,41.5,28.8,NA,0.6
Guyana,GUY,2001,Latin America,0.553,0.353,0.34,0.311,0.388,3847.1,64.4,40.5,28.6,94.5,1
Guyana,GUY,2002,Latin America,0.572,0.362,0.349,0.32,0.386,3894.9,64.2,39.7,28.5,NA,1.5
Guyana,GUY,2003,Latin America,0.588,0.372,0.362,0.331,0.399,3873,64.1,38.8,28.3,83.5,2.4
Guyana,GUY,2004,Latin America,0.588,0.372,0.362,0.331,0.407,3937.1,64.2,38,28.1,NA,3.7
Guyana,GUY,2005,Latin America,0.588,0.372,0.362,0.331,0.407,3867.9,64.4,37.3,27.8,86.2,5.7
Guyana,GUY,2006,Latin America,0.583,0.369,0.357,0.328,0.405,4076.8,64.8,36.6,27.5,NA,8.9
Guyana,GUY,2007,Latin America,0.579,0.366,0.354,0.33,0.402,4382.1,65.5,35.9,27.1,85.4,13.8
Guyana,GUY,2008,Latin America,0.576,0.366,0.353,0.328,0.397,4472.3,65.7,35.3,26.9,86.2,18.2
Guyana,GUY,2009,Latin America,0.583,0.369,0.358,0.33,0.404,4649.3,66,34.6,26.6,89.9,23.9
Guyana,GUY,2010,Latin America,0.583,0.369,0.359,0.324,0.399,4860.1,66.2,34,26.5,93.3,29.9
Guyana,GUY,2011,Latin America,0.582,0.369,0.357,0.323,0.399,5133.9,66.5,33.4,26.4,101.1,30
Guyana,GUY,2012,Latin America,0.579,0.369,0.354,0.338,0.398,5403.8,66.4,32.8,26.4,102.6,30.5
Guyana,GUY,2013,Latin America,0.608,0.386,0.373,0.35,0.424,5573.3,66.7,32.1,26.4,NA,31
Guyana,GUY,2014,Latin America,0.607,0.385,0.375,0.356,0.424,5635.7,67.3,31.3,26.4,NA,32
Guyana,GUY,2015,Latin America,0.65,0.444,0.402,0.376,0.463,5640.4,67.7,30.4,26.4,NA,34
Guyana,GUY,2016,Latin America,0.657,0.456,0.41,0.393,0.466,5818.6,68.1,29.6,26.4,NA,35.7
Guyana,GUY,2017,Latin America,0.66,0.457,0.41,0.409,0.485,5997.2,68.5,28.8,26.4,NA,42.7
Guyana,GUY,2018,Latin America,0.664,0.45,0.407,0.461,0.493,6080.9,68.8,27.9,26.4,NA,48.6
Guyana,GUY,2019,Latin America,0.64,0.426,0.384,0.453,0.473,6278.6,69.1,27.1,26.4,NA,55.3
Guyana,GUY,2020,Latin America,0.555,0.386,0.336,0.359,0.409,9010.6,67.8,26.3,26.4,86.9,63
Guyana,GUY,2021,Latin America,0.498,0.335,0.292,0.243,0.366,10712,64.3,25.5,26.4,86.7,71.7
Guyana,GUY,2022,Latin America,0.491,0.329,0.289,0.239,0.357,17365.3,69.9,24.8,26.5,NA,76.6
Guyana,GUY,2023,Latin America,0.484,0.313,0.281,0.236,0.362,23101.4,70.2,24,26.5,84.5,79.4
Haiti,HTI,1990,Latin America,0.202,0.08,0.102,0.14,0.069,1627.3,53.2,98.6,24.4,NA,0
Haiti,HTI,1991,Latin America,0.327,0.166,0.191,0.182,0.11,1624.5,53.5,95.7,25.4,NA,NA
Haiti,HTI,1992,Latin America,0.18,0.083,0.088,0.126,0.063,1507.8,54,93,26.4,NA,NA
Haiti,HTI,1993,Latin America,0.207,0.089,0.094,0.113,0.069,1398.3,54.5,90.1,27.4,NA,NA
Haiti,HTI,1994,Latin America,0.232,0.107,0.102,0.131,0.078,1207.7,54.7,87.3,28.6,NA,NA
Haiti,HTI,1995,Latin America,0.348,0.238,0.174,0.221,0.125,1302.1,55.6,84.4,29.8,NA,NA
Haiti,HTI,1996,Latin America,0.427,0.275,0.243,0.29,0.149,1330.5,56.1,81.6,31.1,NA,0
Haiti,HTI,1997,Latin America,0.441,0.287,0.253,0.298,0.154,1341,56.7,78.8,32.5,NA,NA
Haiti,HTI,1998,Latin America,0.442,0.288,0.254,0.304,0.155,1344.9,57.1,76.1,33.9,NA,0
Haiti,HTI,1999,Latin America,0.442,0.282,0.254,0.304,0.155,1356.1,57.7,73.5,35.3,NA,0.1
Haiti,HTI,2000,Latin America,0.437,0.28,0.253,0.304,0.154,1342.9,58.2,71.1,36.8,NA,0.2
Haiti,HTI,2001,Latin America,0.417,0.27,0.243,0.293,0.147,1314.1,58.6,68.8,38.4,NA,0.3
Haiti,HTI,2002,Latin America,0.41,0.265,0.241,0.29,0.146,1304.5,59,66.7,40,NA,0.9
Haiti,HTI,2003,Latin America,0.408,0.259,0.241,0.29,0.144,1326.5,59.4,64.9,41.2,NA,1.6
Haiti,HTI,2004,Latin America,0.249,0.108,0.171,0.216,0.087,1286.9,58.5,63.2,41.9,NA,5.4
Haiti,HTI,2005,Latin America,0.247,0.097,0.167,0.214,0.084,1304.3,60.3,61.8,42.6,NA,6.4
Haiti,HTI,2006,Latin America,0.386,0.211,0.232,0.279,0.125,1305,60.7,60.4,43.3,NA,6.8
Haiti,HTI,2007,Latin America,0.469,0.299,0.269,0.321,0.151,1343.6,61.1,59.1,44,NA,7.2
Haiti,HTI,2008,Latin America,0.468,0.301,0.27,0.321,0.151,1356.5,61.3,58,44.7,NA,7.6
Haiti,HTI,2009,Latin America,0.459,0.296,0.265,0.314,0.149,1412.9,61.7,56.8,45.4,NA,8.1
Haiti,HTI,2010,Latin America,0.459,0.275,0.266,0.314,0.151,1317.6,45.6,79.3,46.1,NA,8.4
Haiti,HTI,2011,Latin America,0.431,0.262,0.255,0.29,0.139,1369.2,61.6,54.4,46.8,NA,9
Haiti,HTI,2012,Latin America,0.438,0.268,0.257,0.293,0.141,1354.9,62.3,53.2,47.4,NA,9.8
Haiti,HTI,2013,Latin America,0.434,0.262,0.255,0.275,0.137,1392.4,62.6,52,48.1,NA,10.6
Haiti,HTI,2014,Latin America,0.434,0.262,0.255,0.275,0.137,1411.8,63,50.9,48.8,NA,11.4
Haiti,HTI,2015,Latin America,0.425,0.243,0.251,0.269,0.134,1411.1,63.2,49.7,49.4,NA,14.2
Haiti,HTI,2016,Latin America,0.42,0.255,0.252,0.265,0.134,1416.7,63.3,48.5,50.1,NA,22.8
Haiti,HTI,2017,Latin America,0.418,0.251,0.251,0.267,0.133,1432.7,63.8,47.2,50.7,NA,27.2
Haiti,HTI,2018,Latin America,0.429,0.257,0.256,0.272,0.138,1437.4,64.1,46,51.4,NA,32.5
Haiti,HTI,2019,Latin America,0.421,0.247,0.244,0.259,0.131,1394.4,64.3,44.7,52,NA,35.8
Haiti,HTI,2020,Latin America,0.4,0.237,0.181,0.284,0.127,1331.7,63.8,43.6,52.6,NA,39.4
Haiti,HTI,2021,Latin America,0.33,0.204,0.204,0.24,0.105,1292.7,62.6,42.5,53.2,NA,43.4
Haiti,HTI,2022,Latin America,0.233,0.154,0.118,0.204,0.076,1256.7,63.9,41.3,53.9,NA,47.8
Haiti,HTI,2023,Latin America,0.231,0.084,0.117,0.192,0.072,1219.1,64.9,40.1,54.4,NA,48
Honduras,HND,1990,Latin America,0.484,0.257,0.252,0.253,0.179,458,65.2,44.7,40.5,NA,0
Honduras,HND,1991,Latin America,0.49,0.263,0.257,0.274,0.181,561.1,65.6,42.7,41,32.1,NA
Honduras,HND,1992,Latin America,0.49,0.267,0.257,0.335,0.184,594.7,65.9,40.9,41.5,NA,NA
Honduras,HND,1993,Latin America,0.49,0.264,0.258,0.345,0.184,656.9,66.1,39.2,41.9,31.1,NA
Honduras,HND,1994,Latin America,0.527,0.286,0.276,0.407,0.21,823.8,66.5,37.7,42.4,NA,NA
Honduras,HND,1995,Latin America,0.544,0.3,0.297,0.42,0.22,998.4,66.9,36.2,42.9,NA,0
Honduras,HND,1996,Latin America,0.557,0.305,0.303,0.424,0.224,1193.4,67.3,34.8,43.3,NA,0
Honduras,HND,1997,Latin America,0.557,0.307,0.303,0.424,0.224,1420.7,67.5,33.5,43.8,NA,0.2
Honduras,HND,1998,Latin America,0.555,0.309,0.302,0.422,0.224,1543.8,62.4,41.5,44.3,NA,0.3
Honduras,HND,1999,Latin America,0.556,0.316,0.303,0.455,0.224,1677.8,68,30.9,44.8,NA,0.6
Honduras,HND,2000,Latin America,0.556,0.326,0.337,0.427,0.222,1789.5,68.3,29.6,45.3,NA,1.2
Honduras,HND,2001,Latin America,0.555,0.326,0.337,0.427,0.222,1789.2,68.5,28.4,45.9,NA,1.4
Honduras,HND,2002,Latin America,0.555,0.327,0.338,0.413,0.235,1808,68.7,27.2,46.4,NA,2.6
Honduras,HND,2003,Latin America,0.565,0.333,0.344,0.421,0.233,1842.3,68.9,26.1,47,NA,4.8
Honduras,HND,2004,Latin America,0.565,0.333,0.344,0.421,0.233,1908.9,69,25.1,47.6,NA,5.6
Honduras,HND,2005,Latin America,0.559,0.331,0.34,0.417,0.232,1975.9,69.2,24.1,48.2,NA,6.5
Honduras,HND,2006,Latin America,0.521,0.312,0.317,0.42,0.224,2056.5,69.4,23.2,48.8,57.6,7.8
Honduras,HND,2007,Latin America,0.522,0.315,0.318,0.417,0.223,2134.2,69.5,22.3,49.4,59.5,9.4
Honduras,HND,2008,Latin America,0.519,0.323,0.315,0.407,0.221,2175.1,69.7,21.5,50,59.5,9.6
Honduras,HND,2009,Latin America,0.441,0.283,0.28,0.263,0.169,2076.3,69.8,20.8,50.7,NA,9.8
Honduras,HND,2010,Latin America,0.408,0.239,0.263,0.321,0.153,2108.5,69.8,20.1,51.3,66.2,11.1
Honduras,HND,2011,Latin America,0.419,0.248,0.267,0.312,0.164,2144.6,70.1,19.4,52,65.9,15.9
Honduras,HND,2012,Latin America,0.418,0.24,0.271,0.303,0.161,2188.4,70.5,18.8,52.7,64.5,18.1
Honduras,HND,2013,Latin America,0.413,0.255,0.271,0.295,0.158,2205.4,70.8,18.2,53.4,61.9,17.8
Honduras,HND,2014,Latin America,0.433,0.27,0.279,0.292,0.165,2229.2,71,17.6,53.9,49.5,23
Honduras,HND,2015,Latin America,0.426,0.245,0.276,0.288,0.163,2271.2,71.3,17,54.4,50.4,27.1
Honduras,HND,2016,Latin America,0.425,0.254,0.277,0.288,0.164,2315.7,71.6,16.5,54.9,51,29.5
Honduras,HND,2017,Latin America,0.414,0.244,0.27,0.272,0.16,2383.4,71.8,15.9,55.4,51,31.7
Honduras,HND,2018,Latin America,0.361,0.233,0.245,0.25,0.146,2430.1,72,15.4,55.9,NA,36
Honduras,HND,2019,Latin America,0.368,0.229,0.25,0.256,0.144,2447.6,72.1,14.9,56.4,64.4,39.4
Honduras,HND,2020,Latin America,0.372,0.233,0.25,0.256,0.143,2189.4,70.9,14.5,56.9,58.4,45.2
Honduras,HND,2021,Latin America,0.394,0.248,0.265,0.273,0.152,2423.8,69.5,14,57.4,54.5,52
Honduras,HND,2022,Latin America,0.544,0.389,0.351,0.363,0.261,2482.2,72.7,13.6,57.8,53.9,56.9
Honduras,HND,2023,Latin America,0.539,0.398,0.333,0.385,0.269,2527.3,72.9,13.2,58.3,54.5,58.1
Hong Kong,HKG,1990,Asia,0.263,0.252,0.103,0.276,0.262,21357.2,77.4,NA,99.3,NA,0
Hong Kong,HKG,1991,Asia,0.299,0.275,0.113,0.294,0.279,22388.6,77.9,NA,99.7,NA,0.1
Hong Kong,HKG,1992,Asia,0.373,0.317,0.137,0.362,0.318,23585.7,77.7,NA,99.8,NA,0.8
Hong Kong,HKG,1993,Asia,0.373,0.318,0.138,0.368,0.326,24621.6,78,NA,99.9,NA,1.3
Hong Kong,HKG,1994,Asia,0.373,0.318,0.138,0.368,0.326,25526.4,78.5,NA,100,NA,2.8
Hong Kong,HKG,1995,Asia,0.377,0.32,0.139,0.369,0.328,25620,78.7,NA,100,NA,3.2
Hong Kong,HKG,1996,Asia,0.377,0.32,0.139,0.369,0.327,25551.4,79.6,NA,100,NA,4.8
Hong Kong,HKG,1997,Asia,0.368,0.322,0.146,0.342,0.327,26631.8,80.1,NA,100,NA,10.5
Hong Kong,HKG,1998,Asia,0.372,0.325,0.142,0.325,0.328,24856.8,80.1,NA,100,NA,14.5
Hong Kong,HKG,1999,Asia,0.371,0.325,0.142,0.336,0.327,25237.6,80.4,NA,100,NA,21.2
Hong Kong,HKG,2000,Asia,0.371,0.325,0.142,0.329,0.328,26933.2,80.9,NA,100,NA,27.8
Hong Kong,HKG,2001,Asia,0.372,0.325,0.142,0.328,0.327,26885.4,81.4,NA,100,78.6,38.7
Hong Kong,HKG,2002,Asia,0.372,0.325,0.142,0.328,0.327,27210.1,81.5,NA,100,80,43.1
Hong Kong,HKG,2003,Asia,0.372,0.325,0.149,0.333,0.327,28097.1,81.3,NA,100,80.2,52.2
Hong Kong,HKG,2004,Asia,0.371,0.325,0.143,0.337,0.327,30304.3,81.8,NA,100,81.7,56.4
Hong Kong,HKG,2005,Asia,0.369,0.324,0.143,0.336,0.324,32401.4,81.6,NA,100,83,56.9
Hong Kong,HKG,2006,Asia,0.369,0.324,0.143,0.34,0.324,34458,82.4,NA,100,83.1,60.8
Hong Kong,HKG,2007,Asia,0.369,0.324,0.143,0.339,0.323,36371.6,82.4,NA,100,84.1,64.8
Hong Kong,HKG,2008,Asia,0.369,0.324,0.143,0.339,0.323,36924.1,82.3,NA,100,85.7,66.7
Hong Kong,HKG,2009,Asia,0.371,0.324,0.143,0.341,0.325,35938.6,82.8,NA,100,86.6,69.4
Hong Kong,HKG,2010,Asia,0.369,0.323,0.143,0.339,0.32,38090,83,NA,100,87.9,72
Hong Kong,HKG,2011,Asia,0.367,0.322,0.142,0.324,0.316,39656.3,83.4,NA,100,87,72.2
Hong Kong,HKG,2012,Asia,0.362,0.316,0.138,0.293,0.312,39887.8,83.5,NA,100,108.3,72.9
Hong Kong,HKG,2013,Asia,0.358,0.314,0.135,0.286,0.311,40960,83.8,NA,100,102.8,74.2
Hong Kong,HKG,2014,Asia,0.354,0.311,0.134,0.284,0.306,41796.9,83.9,NA,100,105.6,79.9
Hong Kong,HKG,2015,Asia,0.345,0.303,0.128,0.28,0.303,42432.2,84.3,NA,100,107.4,84.9
Hong Kong,HKG,2016,Asia,0.333,0.294,0.124,0.274,0.296,43087.6,84.2,NA,100,107.8,87.5
Hong Kong,HKG,2017,Asia,0.325,0.289,0.122,0.269,0.293,44380.8,84.7,NA,100,106.8,89.4
Hong Kong,HKG,2018,Asia,0.318,0.281,0.116,0.25,0.29,45280.5,84.9,NA,100,108.2,90.5
Hong Kong,HKG,2019,Asia,0.3,0.267,0.11,0.167,0.282,44195.3,85.2,NA,100,105.1,91.7
Hong Kong,HKG,2020,Asia,0.255,0.204,0.087,0.091,0.247,41451.3,85.5,NA,100,100.4,92.4
Hong Kong,HKG,2021,Asia,0.205,0.168,0.063,0.06,0.23,44530.9,85.5,NA,100,100.2,93.1
Hong Kong,HKG,2022,Asia,0.16,0.149,0.051,0.053,0.215,43281,83.7,NA,100,106.2,95.6
Hong Kong,HKG,2023,Asia,0.149,0.139,0.048,0.055,0.21,43518.9,85.2,NA,100,NA,96
Hungary,HUN,1990,Eastern Europe,0.799,0.715,0.576,0.638,0.691,8646.4,69.3,15.2,61,NA,0
Hungary,HUN,1991,Eastern Europe,0.843,0.757,0.612,0.666,0.727,7618.6,69.4,14.6,61.3,NA,0
Hungary,HUN,1992,Eastern Europe,0.843,0.757,0.612,0.666,0.727,7388.1,69.1,13.7,61.6,NA,0
Hungary,HUN,1993,Eastern Europe,0.843,0.757,0.612,0.659,0.718,7353.9,69.1,12.7,62,NA,0.2
Hungary,HUN,1994,Eastern Europe,0.842,0.755,0.611,0.656,0.719,7581,69.5,11.6,62.3,NA,0.5
Hungary,HUN,1995,Eastern Europe,0.844,0.756,0.61,0.659,0.72,7704.6,69.8,10.9,62.6,NA,0.7
Hungary,HUN,1996,Eastern Europe,0.844,0.756,0.608,0.659,0.72,7725.7,70.3,10.3,63,NA,1
Hungary,HUN,1997,Eastern Europe,0.844,0.757,0.638,0.659,0.72,7971.8,70.7,9.9,63.3,NA,1.9
Hungary,HUN,1998,Eastern Europe,0.84,0.754,0.632,0.657,0.711,8297.9,70.6,9.5,63.6,NA,3.9
Hungary,HUN,1999,Eastern Europe,0.839,0.75,0.629,0.632,0.698,8578.2,70.7,9.1,63.9,NA,5.9
Hungary,HUN,2000,Eastern Europe,0.839,0.75,0.626,0.619,0.7,8979.7,71.2,8.7,64.3,NA,7
Hungary,HUN,2001,Eastern Europe,0.839,0.75,0.624,0.619,0.7,9366,72.2,8.1,64.6,98.4,14.5
Hungary,HUN,2002,Eastern Europe,0.842,0.755,0.622,0.62,0.703,9836.9,72.3,7.6,65,99.8,16.7
Hungary,HUN,2003,Eastern Europe,0.843,0.759,0.617,0.619,0.702,10253.7,72.3,7.2,64.8,101.9,21.6
Hungary,HUN,2004,Eastern Europe,0.843,0.759,0.634,0.619,0.702,10786.5,72.6,6.8,65,95.9,27.7
Hungary,HUN,2005,Eastern Europe,0.843,0.754,0.63,0.619,0.69,11272.7,72.6,6.4,66.1,97.4,39
Hungary,HUN,2006,Eastern Europe,0.831,0.742,0.618,0.588,0.681,11734.5,73.1,6.1,67,97.8,47.1
Hungary,HUN,2007,Eastern Europe,0.85,0.765,0.63,0.61,0.696,11791.7,73.2,5.8,67,97.9,53.3
Hungary,HUN,2008,Eastern Europe,0.85,0.766,0.632,0.622,0.699,11929.7,73.7,5.5,68.1,98.4,61
Hungary,HUN,2009,Eastern Europe,0.85,0.766,0.63,0.621,0.698,11142.9,73.9,5.3,68.5,99.7,62
Hungary,HUN,2010,Eastern Europe,0.808,0.677,0.581,0.511,0.645,11287.4,74.2,5.1,69.5,102,65
Hungary,HUN,2011,Eastern Europe,0.778,0.639,0.551,0.48,0.615,11536.4,74.9,5,69.5,103.1,68
Hungary,HUN,2012,Eastern Europe,0.773,0.621,0.547,0.479,0.615,11440.8,75.1,4.8,69.6,101.2,70.6
Hungary,HUN,2013,Eastern Europe,0.738,0.575,0.499,0.43,0.561,11729.6,75.6,4.7,69.9,107.2,72.6
Hungary,HUN,2014,Eastern Europe,0.669,0.521,0.441,0.387,0.505,12287.4,75.8,4.5,70.3,106,75.7
Hungary,HUN,2015,Eastern Europe,0.617,0.477,0.404,0.366,0.467,12782.9,75.6,4.2,70.5,104.6,72.8
Hungary,HUN,2016,Eastern Europe,0.613,0.474,0.418,0.349,0.461,13145.7,76.1,4,70.5,104,79.3
Hungary,HUN,2017,Eastern Europe,0.555,0.432,0.379,0.317,0.422,13734.2,75.8,3.7,70.5,104.2,76.8
Hungary,HUN,2018,Eastern Europe,0.481,0.373,0.326,0.265,0.344,14533.8,76.1,3.6,70.5,103.6,76.1
Hungary,HUN,2019,Eastern Europe,0.466,0.364,0.317,0.271,0.335,15290.8,76.3,3.4,70.5,102.4,80.4
Hungary,HUN,2020,Eastern Europe,0.46,0.351,0.313,0.231,0.325,14664.3,75.4,3.4,70.3,101.9,84.8
Hungary,HUN,2021,Eastern Europe,0.45,0.346,0.301,0.212,0.322,15788,74.1,3.3,70.2,99.6,88.6
Hungary,HUN,2022,Eastern Europe,0.447,0.335,0.299,0.209,0.317,16487.8,75.9,3.2,70.2,102.9,89.1
Hungary,HUN,2023,Eastern Europe,0.434,0.323,0.283,0.205,0.308,16375,76.6,3.2,70.3,105.4,91.5
Iceland,ISL,1990,The West,0.862,0.775,0.611,0.735,0.786,37302.8,78,5.2,90.6,98.7,0
Iceland,ISL,1991,The West,0.862,0.776,0.611,0.735,0.784,36790.5,78,5,90.9,100.3,0.5
Iceland,ISL,1992,The West,0.862,0.776,0.61,0.736,0.786,35105.3,78.8,4.8,91.1,101.8,1.5
Iceland,ISL,1993,The West,0.862,0.776,0.61,0.736,0.786,35206.6,78.9,4.6,91.3,102.7,2.7
Iceland,ISL,1994,The West,0.862,0.776,0.61,0.736,0.786,36162.3,79.2,4.3,91.4,102.1,6.8
Iceland,ISL,1995,The West,0.862,0.778,0.611,0.736,0.786,36008.6,78,4.1,91.6,101.7,11.2
Iceland,ISL,1996,The West,0.869,0.783,0.615,0.742,0.791,37425.5,78.8,3.9,91.8,102.1,14.8
Iceland,ISL,1997,The West,0.868,0.783,0.615,0.742,0.791,38657.3,78.9,3.7,92,NA,27.5
Iceland,ISL,1998,The West,0.868,0.783,0.615,0.742,0.791,40926.7,79.6,3.5,91.7,110.3,36.3
Iceland,ISL,1999,The West,0.868,0.781,0.615,0.742,0.791,42010.9,79.4,3.3,91.8,108.5,41.3
Iceland,ISL,2000,The West,0.868,0.78,0.615,0.741,0.797,43472.3,79.7,3.1,92,109,44.5
Iceland,ISL,2001,The West,0.868,0.78,0.615,0.741,0.797,44546,80.7,2.9,92,110.1,49.4
Iceland,ISL,2002,The West,0.868,0.78,0.615,0.741,0.797,44389.6,80.5,2.8,92.2,113.5,79.1
Iceland,ISL,2003,The West,0.867,0.781,0.614,0.741,0.796,45088.9,81,2.6,92.3,116.8,83.1
Iceland,ISL,2004,The West,0.867,0.782,0.614,0.741,0.796,48101.7,81,2.5,92.4,108.1,83.9
Iceland,ISL,2005,The West,0.865,0.781,0.613,0.74,0.796,50674.4,81.5,2.4,92.4,108.8,87
Iceland,ISL,2006,The West,0.865,0.781,0.613,0.735,0.796,52306.1,81.2,2.3,92.2,107.5,89.5
Iceland,ISL,2007,The West,0.873,0.787,0.619,0.736,0.802,55457.4,81.5,2.2,92.4,106.3,90.6
Iceland,ISL,2008,The West,0.88,0.795,0.625,0.752,0.809,55360.8,81.6,2.1,93.1,106.2,91
Iceland,ISL,2009,The West,0.882,0.796,0.626,0.768,0.815,50581.1,81.8,2.1,93.4,106.5,93
Iceland,ISL,2010,The West,0.881,0.799,0.655,0.766,0.822,49528.5,81.9,2,93.5,108.8,93.4
Iceland,ISL,2011,The West,0.881,0.795,0.655,0.774,0.822,50058.8,82.4,2,93.4,109.7,94.8
Iceland,ISL,2012,The West,0.875,0.794,0.652,0.77,0.817,50375.4,82.9,2,93.5,113.5,96.2
Iceland,ISL,2013,The West,0.858,0.775,0.636,0.709,0.8,51696.1,82.1,2,93.6,122,96.5
Iceland,ISL,2014,The West,0.856,0.773,0.634,0.703,0.796,52102.6,82.9,2,93.6,120.6,98.2
Iceland,ISL,2015,The West,0.861,0.777,0.638,0.693,0.794,53505.7,82.5,2,93.7,119.8,98.2
Iceland,ISL,2016,The West,0.86,0.776,0.637,0.735,0.796,56049.3,82.2,2,93.8,117.1,98.2
Iceland,ISL,2017,The West,0.861,0.779,0.636,0.755,0.794,56658,82.7,2,93.8,115.7,98.3
Iceland,ISL,2018,The West,0.875,0.793,0.649,0.765,0.811,57731.7,82.9,2.1,93.9,114.6,99
Iceland,ISL,2019,The West,0.859,0.784,0.638,0.784,0.782,57118.8,83.2,2.1,94,112,99.5
Iceland,ISL,2020,The West,0.859,0.784,0.635,0.794,0.782,52464.3,83.1,2.1,94.1,110.5,99.5
Iceland,ISL,2021,The West,0.836,0.745,0.612,0.754,0.757,54285,83.2,2.1,94.2,115.2,99.7
Iceland,ISL,2022,The West,0.832,0.742,0.607,0.751,0.752,57626.3,82.1,2.2,94.2,112.6,97.6
Iceland,ISL,2023,The West,0.841,0.751,0.602,0.757,0.755,59951.8,82.5,2.1,94.2,108.9,97.9
India,IND,1990,Asia,0.693,0.54,0.444,0.621,0.46,537.9,58.6,84.4,25.6,NA,0
India,IND,1991,Asia,0.713,0.561,0.464,0.646,0.477,531.9,59,82.5,25.8,NA,NA
India,IND,1992,Asia,0.726,0.572,0.471,0.659,0.484,549.2,59.4,80.7,26,NA,0
India,IND,1993,Asia,0.731,0.576,0.475,0.663,0.498,563.4,59.8,79,26.2,44.8,0
India,IND,1994,Asia,0.738,0.582,0.482,0.67,0.5,588.7,60.2,77.3,26.4,45.2,0
India,IND,1995,Asia,0.738,0.582,0.482,0.67,0.501,620.7,60.6,75.6,26.6,45,0
India,IND,1996,Asia,0.741,0.588,0.486,0.672,0.496,654.4,61,73.9,26.8,44.9,0
India,IND,1997,Asia,0.742,0.591,0.487,0.672,0.497,667.6,61.4,72.1,27,45.4,0.1
India,IND,1998,Asia,0.746,0.593,0.49,0.678,0.499,695.3,61.9,70.2,27.2,NA,0.1
India,IND,1999,Asia,0.737,0.586,0.482,0.669,0.491,742.5,62.3,68.3,27.4,42.9,0.3
India,IND,2000,Asia,0.735,0.584,0.483,0.666,0.492,756.7,62.7,66.3,27.6,47.2,0.5
India,IND,2001,Asia,0.735,0.584,0.483,0.666,0.482,778.5,63.2,64.3,27.9,46.8,0.7
India,IND,2002,Asia,0.739,0.587,0.485,0.671,0.483,793.6,63.6,62.4,28.2,48.8,1.5
India,IND,2003,Asia,0.736,0.583,0.491,0.67,0.481,841.3,64.1,60.4,28.5,51.4,1.7
India,IND,2004,Asia,0.731,0.578,0.479,0.664,0.477,892.6,64.5,58.5,28.8,53.2,2
India,IND,2005,Asia,0.723,0.573,0.479,0.657,0.471,947.7,64.9,56.5,29.1,55.9,2.4
India,IND,2006,Asia,0.721,0.569,0.474,0.654,0.467,1008.2,65.4,54.5,29.4,56.8,2.8
India,IND,2007,Asia,0.721,0.569,0.475,0.654,0.467,1069.2,65.8,52.5,29.8,59.1,4
India,IND,2008,Asia,0.721,0.569,0.475,0.654,0.467,1086.5,66.2,50.5,30.1,62.2,4.4
India,IND,2009,Asia,0.683,0.539,0.45,0.622,0.438,1155.1,66.7,48.4,30.5,61.4,5.1
India,IND,2010,Asia,0.671,0.532,0.44,0.608,0.424,1235.2,67.2,46.3,30.9,64.9,7.5
India,IND,2011,Asia,0.671,0.532,0.438,0.608,0.424,1281.6,67.6,44.2,31.3,67.1,10.1
India,IND,2012,Asia,0.659,0.525,0.434,0.595,0.409,1333.1,68.1,42.2,31.6,69.8,11.1
India,IND,2013,Asia,0.65,0.522,0.425,0.572,0.407,1399.5,68.5,40.1,31.9,69.5,12.3
India,IND,2014,Asia,0.617,0.488,0.384,0.51,0.374,1484.3,68.9,38.2,32.2,74.9,13.5
India,IND,2015,Asia,0.543,0.417,0.33,0.411,0.318,1584,69.3,36.3,32.5,74.6,14.9
India,IND,2016,Asia,0.524,0.406,0.319,0.393,0.311,1694.5,69.7,34.6,32.9,75.9,16.5
India,IND,2017,Asia,0.488,0.371,0.298,0.353,0.287,1788.7,70.1,32.9,33.2,74.7,18.2
India,IND,2018,Asia,0.482,0.363,0.296,0.349,0.277,1883.4,70.4,31.3,33.5,76,20.1
India,IND,2019,Asia,0.43,0.324,0.269,0.297,0.224,1936,70.7,29.8,33.8,75.9,29.5
India,IND,2020,Asia,0.39,0.292,0.252,0.264,0.221,1806.5,70.2,28.3,34.1,77.6,43.4
India,IND,2021,Asia,0.398,0.307,0.255,0.28,0.234,1965.3,67.3,27,34.4,80.6,49.3
India,IND,2022,Asia,0.384,0.291,0.253,0.282,0.219,2098.2,71.7,25.7,34.8,81.2,55.9
India,IND,2023,Asia,0.374,0.273,0.236,0.269,0.205,2229.7,72,24.5,35.1,78.9,60.3
Indonesia,IDN,1990,Asia,0.192,0.057,0.046,0.108,0.13,1470.9,63.2,64.4,30.6,46.7,0
Indonesia,IDN,1991,Asia,0.195,0.057,0.047,0.109,0.131,1545,63.7,61.8,31.6,45,NA
Indonesia,IDN,1992,Asia,0.194,0.052,0.047,0.11,0.13,1617.1,64.2,59.3,32.7,44.2,NA
Indonesia,IDN,1993,Asia,0.193,0.052,0.046,0.115,0.13,1693.1,64.9,56.8,33.9,43.8,NA
Indonesia,IDN,1994,Asia,0.193,0.052,0.046,0.115,0.13,1790.3,65,54.3,35.1,44.7,0
Indonesia,IDN,1995,Asia,0.193,0.052,0.046,0.115,0.13,1905.5,65.3,52,36.3,47.5,0
Indonesia,IDN,1996,Asia,0.193,0.051,0.046,0.115,0.13,2021,65.5,49.7,37.5,50.3,0.1
Indonesia,IDN,1997,Asia,0.2,0.052,0.047,0.119,0.13,2081.8,65.8,47.5,38.7,54,0.2
Indonesia,IDN,1998,Asia,0.286,0.117,0.095,0.231,0.184,1780.2,65.9,45.4,39.9,54.3,0.3
Indonesia,IDN,1999,Asia,0.55,0.417,0.319,0.51,0.374,1767.5,66,43.4,41,54.6,0.4
Indonesia,IDN,2000,Asia,0.666,0.505,0.383,0.605,0.446,1828.1,66.3,41.4,42,55.6,0.9
Indonesia,IDN,2001,Asia,0.666,0.505,0.424,0.607,0.446,1868.6,66.6,39.6,42.9,56.2,2
Indonesia,IDN,2002,Asia,0.666,0.512,0.424,0.609,0.448,1926.4,67,37.9,43.8,57.6,2.1
Indonesia,IDN,2003,Asia,0.666,0.512,0.424,0.609,0.448,1991.9,67.1,36.3,44.6,60.7,2.4
Indonesia,IDN,2004,Asia,0.689,0.528,0.445,0.627,0.466,2065.7,65.5,36.9,45.4,63,2.6
Indonesia,IDN,2005,Asia,0.7,0.534,0.457,0.632,0.463,2155.4,67.5,33.3,46.2,61.6,3.6
Indonesia,IDN,2006,Asia,0.696,0.534,0.454,0.628,0.454,2244.1,67.7,31.9,47,64.6,4.8
Indonesia,IDN,2007,Asia,0.697,0.537,0.455,0.627,0.458,2355.2,67.9,30.6,47.7,71.9,5.8
Indonesia,IDN,2008,Asia,0.707,0.545,0.463,0.632,0.464,2464.6,68.1,29.4,48.5,70.2,7.9
Indonesia,IDN,2009,Asia,0.684,0.526,0.448,0.623,0.449,2546.2,68.3,28.2,49.2,74.5,6.9
Indonesia,IDN,2010,Asia,0.686,0.539,0.45,0.631,0.459,2670.8,68.4,27,49.9,75.7,10.9
Indonesia,IDN,2011,Asia,0.686,0.538,0.45,0.631,0.455,2799.6,68.6,25.9,50.5,78.1,12.3
Indonesia,IDN,2012,Asia,0.685,0.534,0.45,0.63,0.457,2930.5,68.9,24.9,51.2,80.1,14.5
Indonesia,IDN,2013,Asia,0.668,0.52,0.452,0.574,0.427,3055.2,69.1,23.9,51.8,81.9,14.9
Indonesia,IDN,2014,Asia,0.658,0.512,0.445,0.567,0.424,3170.7,69.3,22.9,52.5,83.6,17.1
Indonesia,IDN,2015,Asia,0.654,0.511,0.441,0.565,0.435,3288.2,69.5,21.9,53.2,87.8,22.1
Indonesia,IDN,2016,Asia,0.639,0.496,0.43,0.547,0.424,3416.8,69.7,21,53.8,87.8,25.4
Indonesia,IDN,2017,Asia,0.627,0.484,0.418,0.538,0.411,3553.5,70,20.1,54.5,90.9,32.3
Indonesia,IDN,2018,Asia,0.599,0.463,0.401,0.515,0.389,3701.3,70.1,19.3,55.1,92.8,39.9
Indonesia,IDN,2019,Asia,0.596,0.459,0.394,0.519,0.372,3850.9,70.3,18.5,55.7,94.9,47.7
Indonesia,IDN,2020,Asia,0.566,0.411,0.376,0.496,0.308,3739.4,68.8,17.7,56.3,96.9,53.7
Indonesia,IDN,2021,Asia,0.545,0.398,0.358,0.471,0.303,3850.7,67.5,17,56.9,97.8,62.1
Indonesia,IDN,2022,Asia,0.561,0.39,0.375,0.471,0.306,4024.9,70.9,16.3,57.5,97.8,66.5
Indonesia,IDN,2023,Asia,0.538,0.348,0.352,0.455,0.287,4192.6,71.1,15.7,58.1,96,69.2
Iran,IRN,1990,Middle East,0.16,0.111,0.062,0.182,0.167,3222.2,64.1,49,56.5,55.9,0
Iran,IRN,1991,Middle East,0.16,0.111,0.061,0.182,0.168,3534.7,66.2,46.8,56.9,57.2,NA
Iran,IRN,1992,Middle East,0.159,0.108,0.059,0.181,0.167,3579.7,66.7,44.7,57.9,59.6,NA
Iran,IRN,1993,Middle East,0.162,0.118,0.059,0.183,0.168,3514.5,67,43,58.7,63.4,NA
Iran,IRN,1994,Middle East,0.165,0.12,0.058,0.19,0.168,3448.3,67.5,41.4,59.6,67.1,0
Iran,IRN,1995,Middle East,0.165,0.12,0.056,0.185,0.168,3492.2,67.9,39.8,60.4,68.6,0
Iran,IRN,1996,Middle East,0.174,0.123,0.058,0.189,0.171,3674,68.3,38.3,61.1,NA,0
Iran,IRN,1997,Middle East,0.218,0.149,0.072,0.254,0.191,3679.3,68.6,36.7,62.1,71.3,0
Iran,IRN,1998,Middle East,0.231,0.159,0.065,0.259,0.196,3704.6,69.2,35.1,62.9,NA,0.1
Iran,IRN,1999,Middle East,0.234,0.16,0.073,0.26,0.197,3725.3,69.7,33.4,63.7,74.5,0.4
Iran,IRN,2000,Middle East,0.233,0.162,0.067,0.26,0.197,3885.3,70.2,31.7,64.5,75,0.9
Iran,IRN,2001,Middle East,0.234,0.154,0.067,0.261,0.197,3917.3,70.6,30,65.2,74.5,1.5
Iran,IRN,2002,Middle East,0.232,0.153,0.066,0.26,0.196,4199,71.1,28.3,65.9,74.7,4.6
Iran,IRN,2003,Middle East,0.232,0.153,0.062,0.26,0.196,4511.4,70.5,26.6,66.6,74.6,6.9
Iran,IRN,2004,Middle East,0.207,0.143,0.058,0.249,0.188,4607.5,72,25,67.3,74.5,7.5
Iran,IRN,2005,Middle East,0.177,0.128,0.05,0.2,0.181,4650.4,72.4,23.4,67.9,74.4,8.1
Iran,IRN,2006,Middle East,0.173,0.126,0.043,0.183,0.178,4778.8,72.9,22,68.3,75.9,8.8
Iran,IRN,2007,Middle East,0.173,0.127,0.042,0.183,0.178,5084.7,73.3,20.6,68.8,75.7,9.5
Iran,IRN,2008,Middle East,0.167,0.125,0.041,0.181,0.177,5035.9,73.7,19.3,69.4,78.8,12
Iran,IRN,2009,Middle East,0.158,0.122,0.043,0.178,0.172,5023.9,74,18.2,70,80.4,13.8
Iran,IRN,2010,Middle East,0.144,0.117,0.036,0.176,0.162,5249.1,74.4,17.3,70.6,79,15.9
Iran,IRN,2011,Middle East,0.145,0.118,0.037,0.176,0.162,5321.8,74.7,16.5,71.2,81.3,19
Iran,IRN,2012,Middle East,0.158,0.121,0.041,0.18,0.167,5058.6,75,15.7,71.8,82.7,22.7
Iran,IRN,2013,Middle East,0.174,0.129,0.043,0.169,0.171,4917,75.3,15.1,72.3,81.6,30
Iran,IRN,2014,Middle East,0.183,0.131,0.045,0.176,0.175,5093.2,75.6,14.5,72.8,82.6,39.4
Iran,IRN,2015,Middle East,0.186,0.136,0.048,0.177,0.177,4952.7,75.9,14,73.4,82.7,45.3
Iran,IRN,2016,Middle East,0.186,0.137,0.049,0.18,0.174,5312.6,76.2,13.5,73.9,83.3,53.2
Iran,IRN,2017,Middle East,0.185,0.134,0.048,0.161,0.165,5395.2,76.4,13,74.4,82.8,64
Iran,IRN,2018,Middle East,0.182,0.131,0.046,0.142,0.175,5127.2,76.6,12.6,74.8,NA,70.2
Iran,IRN,2019,Middle East,0.181,0.126,0.044,0.147,0.167,4952.5,76.9,12.1,75.2,NA,72.5
Iran,IRN,2020,Middle East,0.165,0.119,0.041,0.122,0.159,5132.8,74.1,11.8,75.6,85.2,75.6
Iran,IRN,2021,Middle East,0.158,0.091,0.038,0.121,0.15,5300.6,73.8,11.4,76,NA,78.6
Iran,IRN,2022,Middle East,0.148,0.078,0.034,0.086,0.149,5465.3,76.8,11,76.3,85.6,81.7
Iran,IRN,2023,Middle East,0.153,0.077,0.035,0.086,0.154,5687.8,77.7,10.6,76.7,85.1,83.7
Iraq,IRQ,1990,Middle East,0.081,0.062,0.035,0.009,0.099,3526.6,57.6,55.6,69.7,NA,0
Iraq,IRQ,1991,Middle East,0.08,0.06,0.034,0.008,0.084,1254.6,61.3,49.1,69.4,NA,NA
Iraq,IRQ,1992,Middle East,0.08,0.06,0.034,0.008,0.082,1615,65.3,43.4,69,NA,NA
Iraq,IRQ,1993,Middle East,0.082,0.06,0.035,0.008,0.082,2005.6,65.3,42.8,68.6,42.4,NA
Iraq,IRQ,1994,Middle East,0.083,0.06,0.035,0.008,0.082,1985.8,65,42.2,68.2,NA,NA
Iraq,IRQ,1995,Middle East,0.097,0.062,0.046,0.009,0.084,1961.1,64.8,41.6,67.8,NA,NA
Iraq,IRQ,1996,Middle East,0.146,0.07,0.045,0.015,0.094,2108.8,64.6,41,67.6,38.8,NA
Iraq,IRQ,1997,Middle East,0.146,0.07,0.045,0.015,0.094,2478.8,64.2,40.4,67.5,NA,NA
Iraq,IRQ,1998,Middle East,0.146,0.07,0.044,0.015,0.093,3243,64.4,39.8,67.5,NA,NA
Iraq,IRQ,1999,Middle East,0.146,0.07,0.046,0.015,0.093,3691.7,64.5,39.1,67.5,34.2,NA
Iraq,IRQ,2000,Middle East,0.145,0.069,0.045,0.015,0.093,4172.8,64.9,38.4,67.6,36.9,NA
Iraq,IRQ,2001,Middle East,0.147,0.069,0.046,0.015,0.093,4116.1,65.3,37.8,67.8,36.7,0.1
Iraq,IRQ,2002,Middle East,0.147,0.095,0.058,0.014,0.093,3660.9,65.7,37.1,67.9,NA,0.5
Iraq,IRQ,2003,Middle East,0.184,0.118,0.096,0.087,0.142,2250.1,64.8,36.4,68.1,40.4,0.6
Iraq,IRQ,2004,Middle East,0.21,0.107,0.141,0.234,0.156,3354.3,64.6,35.7,68.2,45.1,0.9
Iraq,IRQ,2005,Middle East,0.237,0.107,0.185,0.245,0.162,3310.9,64.9,35,68.4,NA,0.9
Iraq,IRQ,2006,Middle East,0.397,0.233,0.251,0.325,0.228,3472,64,34.3,68.6,NA,1
Iraq,IRQ,2007,Middle East,0.426,0.261,0.267,0.34,0.239,3565.6,64.4,33.5,68.7,50.6,0.9
Iraq,IRQ,2008,Middle East,0.426,0.261,0.272,0.336,0.241,3781.8,66.5,32.7,68.9,NA,1
Iraq,IRQ,2009,Middle East,0.425,0.257,0.268,0.333,0.241,3768.2,67.8,31.8,69,NA,1.1
Iraq,IRQ,2010,Middle East,0.414,0.251,0.271,0.322,0.236,3881.9,68.1,30.9,69.1,NA,2.5
Iraq,IRQ,2011,Middle East,0.413,0.251,0.269,0.32,0.237,4030,68.4,30,69.1,NA,5
Iraq,IRQ,2012,Middle East,0.41,0.25,0.269,0.319,0.233,4387.9,68.8,29.2,69.2,NA,7.1
Iraq,IRQ,2013,Middle East,0.414,0.238,0.276,0.267,0.213,4504.8,69,28.3,69.4,NA,9.2
Iraq,IRQ,2014,Middle East,0.403,0.237,0.265,0.26,0.207,4447,69.7,27.5,69.7,NA,11.6
Iraq,IRQ,2015,Middle East,0.396,0.236,0.259,0.26,0.21,4440.1,70,26.6,69.9,NA,15.2
Iraq,IRQ,2016,Middle East,0.39,0.238,0.258,0.269,0.203,4932.9,68.7,25.9,69.9,NA,19.9
Iraq,IRQ,2017,Middle East,0.375,0.233,0.247,0.256,0.191,4736.3,69.8,25.1,69.9,NA,26
Iraq,IRQ,2018,Middle East,0.398,0.238,0.264,0.306,0.21,4749,71.1,24.3,69.9,NA,33.9
Iraq,IRQ,2019,Middle East,0.393,0.226,0.267,0.291,0.193,4898.1,71.2,23.5,69.9,NA,44.3
Iraq,IRQ,2020,Middle East,0.376,0.212,0.246,0.276,0.204,4214,69.7,22.8,69.9,NA,53.7
Iraq,IRQ,2021,Middle East,0.374,0.218,0.233,0.287,0.201,4182.5,70.7,22.1,69.9,NA,65
Iraq,IRQ,2022,Middle East,0.385,0.204,0.234,0.26,0.204,4413,72,21.4,69.9,NA,78.7
Iraq,IRQ,2023,Middle East,0.371,0.208,0.233,0.262,0.211,4337.1,72.3,20.7,69.9,NA,81.8
Ireland,IRL,1990,The West,0.851,0.76,0.592,0.688,0.737,23457,74.8,7.6,56.9,NA,0
Ireland,IRL,1991,The West,0.866,0.779,0.618,0.712,0.759,23772.6,75,7.2,57.1,NA,0.1
Ireland,IRL,1992,The West,0.867,0.782,0.619,0.712,0.759,24400.3,75.4,6.7,57.2,NA,0.2
Ireland,IRL,1993,The West,0.871,0.788,0.622,0.716,0.762,24932.4,75.3,6.4,57.5,NA,0.3
Ireland,IRL,1994,The West,0.871,0.788,0.622,0.716,0.771,26263.7,75.8,6.1,57.7,NA,0.6
Ireland,IRL,1995,The West,0.871,0.789,0.622,0.715,0.771,28646.8,75.5,6.1,57.9,NA,1.1
Ireland,IRL,1996,The West,0.875,0.793,0.625,0.721,0.777,30518.4,75.8,6.1,58.2,NA,2.2
Ireland,IRL,1997,The West,0.878,0.802,0.628,0.723,0.78,33544,76,6.1,58.4,NA,4.1
Ireland,IRL,1998,The West,0.88,0.804,0.63,0.724,0.782,36105.9,76.2,6.1,58.6,NA,8.1
Ireland,IRL,1999,The West,0.88,0.804,0.63,0.724,0.774,39460.5,76.1,6.1,58.9,NA,10.9
Ireland,IRL,2000,The West,0.885,0.809,0.634,0.727,0.773,42599.5,76.5,6,59.1,NA,17.9
Ireland,IRL,2001,The West,0.885,0.809,0.634,0.727,0.773,44151.2,77.1,5.8,59.4,105.2,23.1
Ireland,IRL,2002,The West,0.883,0.807,0.633,0.726,0.772,45974.5,77.6,5.5,59.6,106.4,25.9
Ireland,IRL,2003,The West,0.882,0.806,0.632,0.741,0.771,46594.9,78.1,5.1,59.9,107.9,34.3
Ireland,IRL,2004,The West,0.882,0.806,0.632,0.741,0.771,48856.3,78.5,4.7,60.2,109.4,37
Ireland,IRL,2005,The West,0.882,0.806,0.632,0.741,0.771,50547.2,78.9,4.4,60.5,109.8,41.6
Ireland,IRL,2006,The West,0.882,0.806,0.632,0.741,0.772,51656.8,79.2,4.1,60.8,109.6,54.8
Ireland,IRL,2007,The West,0.891,0.815,0.639,0.748,0.779,52849.7,79.6,3.9,61.1,111.2,61.2
Ireland,IRL,2008,The West,0.896,0.82,0.644,0.747,0.783,49461.2,80.1,3.8,61.4,111.3,65.3
Ireland,IRL,2009,The West,0.896,0.82,0.643,0.743,0.784,46466.4,80.2,3.7,61.6,114.4,67.4
Ireland,IRL,2010,The West,0.896,0.82,0.643,0.761,0.784,46991.6,80.7,3.6,61.9,118.1,69.8
Ireland,IRL,2011,The West,0.896,0.821,0.643,0.769,0.784,47539.9,80.7,3.5,62.1,115.8,74.9
Ireland,IRL,2012,The West,0.897,0.822,0.644,0.769,0.774,47147.2,80.8,3.4,62.3,117.8,76.9
Ireland,IRL,2013,The West,0.895,0.823,0.645,0.784,0.779,47928,80.9,3.3,62.4,NA,78.2
Ireland,IRL,2014,The West,0.895,0.824,0.645,0.79,0.777,52044.6,81.3,3.3,62.5,116.7,83.5
Ireland,IRL,2015,The West,0.895,0.825,0.644,0.803,0.777,64250.1,81.5,3.2,62.6,117,83.5
Ireland,IRL,2016,The West,0.886,0.815,0.637,0.794,0.771,64206,81.7,3.1,62.7,117,83.5
Ireland,IRL,2017,The West,0.887,0.821,0.637,0.801,0.78,69748.6,82.2,3,62.9,125,84.1
Ireland,IRL,2018,The West,0.89,0.821,0.636,0.803,0.779,74029.1,82.2,3,63.1,154.2,87
Ireland,IRL,2019,The West,0.887,0.822,0.629,0.799,0.776,76485.6,82.7,3,63.3,137.1,87
Ireland,IRL,2020,The West,0.891,0.824,0.641,0.8,0.78,80927.9,82.5,3.1,63.5,133.5,92
Ireland,IRL,2021,The West,0.898,0.833,0.634,0.818,0.788,92781.2,82.3,3.2,63.7,132.9,93.5
Ireland,IRL,2022,The West,0.892,0.827,0.628,0.811,0.784,97793.5,82.5,3.3,63.9,130.6,95
Ireland,IRL,2023,The West,0.894,0.829,0.628,0.814,0.784,93542,82.8,3.4,64.1,NA,96.9
Israel,ISR,1990,Middle East,0.767,0.689,0.506,0.619,0.609,22396.3,76.6,9.6,90.4,NA,0.1
Israel,ISR,1991,Middle East,0.768,0.69,0.506,0.62,0.613,22717.8,76.8,9.2,90.5,NA,0.2
Israel,ISR,1992,Middle East,0.762,0.683,0.501,0.619,0.607,23649,76.5,8.7,90.6,NA,0.3
Israel,ISR,1993,Middle East,0.762,0.683,0.5,0.618,0.607,23976.7,77.2,8.1,90.7,NA,0.4
Israel,ISR,1994,Middle East,0.772,0.694,0.509,0.628,0.615,25099.3,77.4,7.6,90.8,NA,0.6
Israel,ISR,1995,Middle East,0.772,0.694,0.515,0.628,0.637,26052.1,77.5,7.2,90.9,NA,0.9
Israel,ISR,1996,Middle East,0.773,0.695,0.518,0.628,0.639,26861.2,78.1,6.7,90.9,NA,2.2
Israel,ISR,1997,Middle East,0.774,0.696,0.52,0.634,0.64,27144.2,78,6.4,91,NA,4.4
Israel,ISR,1998,Middle East,0.774,0.696,0.52,0.634,0.64,27618.8,78.1,6.1,91.1,NA,10.3
Israel,ISR,1999,Middle East,0.773,0.696,0.516,0.632,0.638,27809.7,78.7,5.8,91.2,NA,13.4
Israel,ISR,2000,Middle East,0.768,0.693,0.505,0.627,0.633,29411.5,79,5.6,91.3,NA,20.9
Israel,ISR,2001,Middle East,0.764,0.688,0.5,0.624,0.628,28804,79.4,5.4,91.4,99.3,17.4
Israel,ISR,2002,Middle East,0.764,0.689,0.493,0.625,0.63,28186.6,79.5,5.1,91.4,100.1,17.8
Israel,ISR,2003,Middle East,0.76,0.683,0.492,0.621,0.627,28079.3,79.6,4.9,91.5,99,19.6
Israel,ISR,2004,Middle East,0.759,0.683,0.491,0.621,0.627,28870,80.1,4.7,91.6,97.8,22.8
Israel,ISR,2005,Middle East,0.759,0.683,0.491,0.621,0.627,29600.1,80.2,4.5,91.6,97.9,25.2
Israel,ISR,2006,Middle East,0.764,0.687,0.49,0.625,0.631,30707.4,80.6,4.3,91.7,97.9,27.9
Israel,ISR,2007,Middle East,0.758,0.684,0.488,0.62,0.629,32071.3,80.5,4.1,91.7,97.4,48.1
Israel,ISR,2008,Middle East,0.758,0.684,0.488,0.62,0.629,32519.8,81,3.9,91.7,96.6,59.4
Israel,ISR,2009,Middle East,0.756,0.68,0.484,0.617,0.621,32139.1,81.4,3.8,91.7,96,63.1
Israel,ISR,2010,Middle East,0.752,0.675,0.485,0.615,0.618,33307.1,81.6,3.7,91.7,97.8,67.5
Israel,ISR,2011,Middle East,0.752,0.675,0.485,0.615,0.621,34500,81.7,3.5,91.7,98.1,68.9
Israel,ISR,2012,Middle East,0.751,0.675,0.483,0.611,0.618,34685.1,81.7,3.4,91.7,98.1,70.8
Israel,ISR,2013,Middle East,0.734,0.655,0.467,0.593,0.598,35436.3,82.1,3.3,91.7,98.8,70.3
Israel,ISR,2014,Middle East,0.733,0.654,0.469,0.592,0.598,36055.1,82.2,3.2,91.7,98.5,75
Israel,ISR,2015,Middle East,0.733,0.654,0.469,0.591,0.596,36138.1,82.1,3.1,91.7,98.5,77.4
Israel,ISR,2016,Middle East,0.729,0.646,0.467,0.589,0.591,37044,82.4,3.1,91.7,99.3,79.7
Israel,ISR,2017,Middle East,0.714,0.632,0.454,0.573,0.569,37911,82.6,3,91.7,98.1,81.6
Israel,ISR,2018,Middle East,0.705,0.626,0.447,0.567,0.562,38695,82.8,2.9,91.6,98.3,83.7
Israel,ISR,2019,Middle East,0.708,0.623,0.451,0.573,0.562,39322,82.8,2.9,91.6,97.9,86.8
Israel,ISR,2020,Middle East,0.723,0.639,0.456,0.587,0.579,37938.4,82.6,2.8,91.6,98.1,90.1
Israel,ISR,2021,Middle East,0.722,0.639,0.473,0.59,0.579,40788.2,82.5,2.8,91.5,98.9,90.3
Israel,ISR,2022,Middle East,0.714,0.64,0.465,0.626,0.571,42539.3,82.7,2.7,91.5,98.6,91.9
Israel,ISR,2023,Middle East,0.704,0.616,0.462,0.552,0.558,42131.7,83.2,2.7,91.5,99.3,87
Italy,ITA,1990,The West,0.821,0.732,0.61,0.759,0.743,27625.2,77,8.4,66.7,NA,0
Italy,ITA,1991,The West,0.829,0.738,0.627,0.767,0.752,28030.8,77,8.1,66.7,NA,0
Italy,ITA,1992,The West,0.831,0.747,0.63,0.775,0.755,28245.4,77.4,7.7,66.7,NA,0.1
Italy,ITA,1993,The West,0.835,0.749,0.638,0.774,0.766,27987.4,77.7,7.3,66.7,NA,0.1
Italy,ITA,1994,The West,0.83,0.743,0.64,0.759,0.757,28583.6,77.9,6.8,66.8,NA,0.2
Italy,ITA,1995,The West,0.828,0.744,0.637,0.745,0.755,29408.3,78.2,6.4,66.8,NA,0.5
Italy,ITA,1996,The West,0.835,0.75,0.644,0.751,0.76,29795.7,78.5,6,66.9,NA,1
Italy,ITA,1997,The West,0.843,0.758,0.652,0.782,0.77,30353.4,78.8,5.6,67,NA,2.3
Italy,ITA,1998,The West,0.843,0.758,0.652,0.782,0.77,30892.2,79,5.3,67,NA,4.6
Italy,ITA,1999,The West,0.843,0.758,0.652,0.782,0.77,31405.3,79.4,5,67.1,NA,14.4
Italy,ITA,2000,The West,0.84,0.756,0.644,0.779,0.769,32609.7,79.8,4.7,67.2,NA,23.1
Italy,ITA,2001,The West,0.833,0.746,0.656,0.77,0.76,33243.6,80.1,4.5,67.3,97.3,27.2
Italy,ITA,2002,The West,0.837,0.751,0.659,0.756,0.766,33267.4,80.2,4.3,67.4,98.8,28
Italy,ITA,2003,The West,0.837,0.753,0.659,0.756,0.761,33110.2,80,4.1,67.4,99.5,29
Italy,ITA,2004,The West,0.837,0.753,0.659,0.769,0.761,33349,80.8,3.9,67.5,99.1,33.2
Italy,ITA,2005,The West,0.846,0.761,0.668,0.779,0.772,33407.7,80.8,3.8,67.6,99.2,35
Italy,ITA,2006,The West,0.852,0.775,0.675,0.789,0.778,33873,81.3,3.7,67.7,99.5,38
Italy,ITA,2007,The West,0.861,0.782,0.681,0.803,0.786,34159.9,81.4,3.6,67.8,99.8,40.8
Italy,ITA,2008,The West,0.855,0.768,0.675,0.796,0.78,33550.6,81.5,3.5,67.9,100.3,44.5
Italy,ITA,2009,The West,0.857,0.775,0.677,0.799,0.785,31587.1,81.6,3.4,68,100.2,48.8
Italy,ITA,2010,The West,0.856,0.775,0.675,0.799,0.788,31928.6,82,3.4,68.2,101.4,53.7
Italy,ITA,2011,The West,0.862,0.786,0.684,0.804,0.795,32039.5,82.2,3.3,68.4,101.6,54.4
Italy,ITA,2012,The West,0.869,0.793,0.688,0.815,0.803,30953.4,82.2,3.2,68.8,100.4,55.8
Italy,ITA,2013,The West,0.864,0.786,0.677,0.802,0.786,30330,82.7,3.1,69.3,101,58.5
Italy,ITA,2014,The West,0.865,0.786,0.673,0.8,0.787,30325,83.1,3.1,69.6,101.1,55.6
Italy,ITA,2015,The West,0.865,0.786,0.671,0.804,0.785,30639.9,82.5,3,69.6,101.2,58.1
Italy,ITA,2016,The West,0.869,0.791,0.689,0.808,0.793,31077.7,83.2,2.9,69.6,100.7,61.3
Italy,ITA,2017,The West,0.87,0.797,0.689,0.807,0.804,31635.5,82.9,2.8,69.5,101,63.1
Italy,ITA,2018,The West,0.864,0.787,0.672,0.793,0.784,31963.6,83.3,2.7,69.5,101.5,74.4
Italy,ITA,2019,The West,0.854,0.777,0.673,0.789,0.783,32180.4,83.5,2.6,69.5,101.7,67.9
Italy,ITA,2020,The West,0.857,0.774,0.68,0.777,0.768,29469.8,82.2,2.5,69.5,101.8,70.5
Italy,ITA,2021,The West,0.857,0.774,0.675,0.781,0.776,32267.7,82.6,2.5,69.5,101.8,74.9
Italy,ITA,2022,The West,0.842,0.763,0.658,0.766,0.76,33891.9,82.7,2.4,69.5,101.4,85.1
Italy,ITA,2023,The West,0.806,0.727,0.627,0.725,0.722,34221.7,83.4,2.3,69.5,100.7,87
Ivory Coast,CIV,1990,Africa,0.306,0.188,0.197,0.116,0.194,1866.1,52.8,101.2,39.7,NA,0
Ivory Coast,CIV,1991,Africa,0.306,0.191,0.198,0.123,0.197,1794.1,52.6,101.1,40,NA,NA
Ivory Coast,CIV,1992,Africa,0.306,0.192,0.198,0.123,0.197,1719.7,52.4,100.8,40.3,NA,NA
Ivory Coast,CIV,1993,Africa,0.329,0.204,0.212,0.133,0.205,1649.5,52.2,100.3,40.6,NA,NA
Ivory Coast,CIV,1994,Africa,0.356,0.218,0.232,0.186,0.224,1598.7,52,99.7,41,NA,NA
Ivory Coast,CIV,1995,Africa,0.263,0.179,0.193,0.151,0.184,1647.1,51.7,98.9,41.3,NA,0
Ivory Coast,CIV,1996,Africa,0.397,0.239,0.251,0.241,0.241,1707,51.6,97.8,41.6,NA,0
Ivory Coast,CIV,1997,Africa,0.396,0.239,0.25,0.241,0.24,1801.1,51.5,96.5,42,NA,0
Ivory Coast,CIV,1998,Africa,0.392,0.241,0.248,0.238,0.238,1808.4,51.2,94.9,42.3,NA,0.1
Ivory Coast,CIV,1999,Africa,0.389,0.244,0.243,0.229,0.235,1770.9,51.3,93.3,42.7,21,0.1
Ivory Coast,CIV,2000,Africa,0.274,0.174,0.236,0.221,0.196,1718,51.4,91.4,43.1,NA,0.2
Ivory Coast,CIV,2001,Africa,0.447,0.286,0.312,0.299,0.28,1636.6,51.4,89.3,43.5,NA,0.4
Ivory Coast,CIV,2002,Africa,0.446,0.285,0.29,0.332,0.28,1551.3,51.5,87.1,43.9,NA,0.5
Ivory Coast,CIV,2003,Africa,0.439,0.283,0.288,0.358,0.278,1441.6,51.4,84.8,44.3,NA,0.8
Ivory Coast,CIV,2004,Africa,0.446,0.285,0.288,0.361,0.281,1451.9,51.9,82.5,44.7,NA,0.8
Ivory Coast,CIV,2005,Africa,0.434,0.28,0.294,0.352,0.273,1431.7,52.4,80,45.1,NA,1
Ivory Coast,CIV,2006,Africa,0.434,0.281,0.291,0.353,0.275,1437.8,52.9,77.8,45.5,NA,1.5
Ivory Coast,CIV,2007,Africa,0.435,0.283,0.289,0.355,0.28,1420.2,53.5,75.3,45.9,NA,1.8
Ivory Coast,CIV,2008,Africa,0.436,0.282,0.289,0.362,0.278,1454.6,54.2,72.6,46.4,NA,1.9
Ivory Coast,CIV,2009,Africa,0.435,0.28,0.287,0.36,0.279,1473.9,54.7,70.5,46.8,NA,2
Ivory Coast,CIV,2010,Africa,0.446,0.284,0.291,0.359,0.277,1540.5,55.3,68.4,47.2,NA,2.7
Ivory Coast,CIV,2011,Africa,0.427,0.275,0.287,0.371,0.271,1426.5,56,66.6,47.7,NA,2.9
Ivory Coast,CIV,2012,Africa,0.461,0.303,0.301,0.398,0.293,1503.4,56.6,64.5,48.1,NA,4.4
Ivory Coast,CIV,2013,Africa,0.465,0.295,0.308,0.395,0.293,1632.3,57.1,62.4,48.6,NA,6.6
Ivory Coast,CIV,2014,Africa,0.463,0.299,0.305,0.399,0.292,1742.5,57.8,60.3,49,40.5,10
Ivory Coast,CIV,2015,Africa,0.473,0.304,0.309,0.398,0.294,1814.7,58.3,58.4,49.5,44,38.4
Ivory Coast,CIV,2016,Africa,0.529,0.335,0.351,0.441,0.327,1889.3,58.8,56.9,49.9,46.2,41.2
Ivory Coast,CIV,2017,Africa,0.539,0.326,0.365,0.471,0.353,1972.8,59.3,55.2,50.4,49.1,43.8
Ivory Coast,CIV,2018,Africa,0.54,0.326,0.364,0.474,0.351,2013.3,59.8,53.5,50.9,51.1,37.5
Ivory Coast,CIV,2019,Africa,0.534,0.314,0.36,0.448,0.347,2093.1,60.3,51.8,51.4,53.8,36.3
Ivory Coast,CIV,2020,Africa,0.499,0.261,0.339,0.421,0.289,2055.1,60.1,50.3,51.8,55.4,36
Ivory Coast,CIV,2021,Africa,0.435,0.233,0.303,0.379,0.258,2146.5,60.3,48.7,52.3,57.1,36
Ivory Coast,CIV,2022,Africa,0.443,0.236,0.299,0.384,0.272,2227.1,61.6,47.4,52.8,54.1,38.4
Ivory Coast,CIV,2023,Africa,0.445,0.24,0.299,0.386,0.276,2315.4,61.9,46.2,53.4,64,40.7
Jamaica,JAM,1990,Latin America,0.577,0.448,0.361,0.456,0.434,4773.6,71.7,24.7,49.4,NA,0
Jamaica,JAM,1991,Latin America,0.577,0.448,0.361,0.456,0.434,4960.8,71.8,24.1,49.7,69,NA
Jamaica,JAM,1992,Latin America,0.577,0.451,0.361,0.458,0.434,5008.1,71.8,23.5,49.9,NA,NA
Jamaica,JAM,1993,Latin America,0.608,0.473,0.379,0.482,0.455,5423.4,71.8,22.9,50.1,64.5,NA
Jamaica,JAM,1994,Latin America,0.623,0.486,0.387,0.493,0.467,5442.2,71.6,22.3,50.3,NA,0
Jamaica,JAM,1995,Latin America,0.627,0.489,0.391,0.495,0.47,5514.5,71.5,21.7,50.6,NA,0.1
Jamaica,JAM,1996,Latin America,0.628,0.49,0.39,0.498,0.472,5455.2,71.3,21,50.8,NA,0.6
Jamaica,JAM,1997,Latin America,0.642,0.499,0.401,0.507,0.479,5343.5,71.2,20.3,51,NA,0.8
Jamaica,JAM,1998,Latin America,0.67,0.522,0.42,0.53,0.503,5174.3,71.2,19.6,51.3,NA,2
Jamaica,JAM,1999,Latin America,0.67,0.522,0.42,0.53,0.503,5188,71.2,19,51.5,81,2.4
Jamaica,JAM,2000,Latin America,0.675,0.549,0.421,0.546,0.504,5197.4,71.3,18.5,51.7,80,3.1
Jamaica,JAM,2001,Latin America,0.675,0.549,0.421,0.546,0.504,5234,71.3,18,51.9,79.9,3.9
Jamaica,JAM,2002,Latin America,0.695,0.566,0.437,0.564,0.521,5305.9,71.5,17.7,52.1,80.5,6.1
Jamaica,JAM,2003,Latin America,0.743,0.617,0.471,0.602,0.561,5467.2,71.6,17.5,52.4,80.9,7.8
Jamaica,JAM,2004,Latin America,0.743,0.617,0.471,0.602,0.561,5507.2,71.5,17.4,52.6,85.7,10
Jamaica,JAM,2005,Latin America,0.751,0.629,0.49,0.616,0.565,5525.7,71.5,17.3,52.8,84.7,12.8
Jamaica,JAM,2006,Latin America,0.756,0.633,0.495,0.619,0.573,5656.7,71.4,17.3,53,NA,16.4
Jamaica,JAM,2007,Latin America,0.762,0.644,0.498,0.624,0.58,5710.5,71.4,17.4,53.2,86.4,21.1
Jamaica,JAM,2008,Latin America,0.774,0.654,0.506,0.634,0.588,5639.6,71.5,17.4,53.4,88.1,23.6
Jamaica,JAM,2009,Latin America,0.774,0.654,0.506,0.634,0.588,5372.1,71.7,17.4,53.6,90.2,24.3
Jamaica,JAM,2010,Latin America,0.774,0.656,0.506,0.638,0.587,5271.6,72,17.4,53.8,89.5,27.7
Jamaica,JAM,2011,Latin America,0.767,0.651,0.507,0.632,0.583,5339.6,72.2,17.3,54,91.5,37.4
Jamaica,JAM,2012,Latin America,0.784,0.667,0.52,0.65,0.595,5284,72.4,17.3,54.2,NA,33.8
Jamaica,JAM,2013,Latin America,0.798,0.679,0.535,0.678,0.601,5289.9,72.4,17.3,54.5,85.4,37.1
Jamaica,JAM,2014,Latin America,0.798,0.679,0.539,0.694,0.604,5307.2,72.4,17.2,54.9,86.4,40.4
Jamaica,JAM,2015,Latin America,0.798,0.679,0.539,0.694,0.606,5339.3,72.2,17.2,55.2,85.4,42.2
Jamaica,JAM,2016,Latin America,0.804,0.685,0.543,0.697,0.611,5472.3,72.1,17.1,55.5,87.9,44.4
Jamaica,JAM,2017,Latin America,0.811,0.696,0.554,0.7,0.633,5586.1,71.9,17.2,55.9,84.2,55.1
Jamaica,JAM,2018,Latin America,0.807,0.688,0.551,0.685,0.623,5717.9,71.6,17.2,56.3,83.8,68.2
Jamaica,JAM,2019,Latin America,0.81,0.703,0.549,0.689,0.645,5814.8,71.5,17.2,56.7,85.8,70.8
Jamaica,JAM,2020,Latin America,0.808,0.702,0.543,0.675,0.653,5317.8,71.5,17.2,57.1,81.5,76.4
Jamaica,JAM,2021,Latin America,0.801,0.691,0.526,0.646,0.655,5607.5,69.1,17.1,57.5,85.8,82.4
Jamaica,JAM,2022,Latin America,0.798,0.692,0.533,0.677,0.65,5965.5,71.5,16.9,58,82.9,85.8
Jamaica,JAM,2023,Latin America,0.798,0.677,0.52,0.649,0.664,6127.9,71.5,16.7,58.5,85.4,89.5
Japan,JPN,1990,Asia,0.835,0.754,0.543,0.734,0.753,28904.8,78.8,4.6,77.3,NA,0
Japan,JPN,1991,Asia,0.835,0.754,0.543,0.737,0.752,29775.4,79,4.5,77.5,NA,0
Japan,JPN,1992,Asia,0.835,0.754,0.543,0.737,0.752,29916.7,79.1,4.4,77.6,NA,0.1
Japan,JPN,1993,Asia,0.837,0.755,0.543,0.739,0.754,29665.4,79.3,4.4,77.7,NA,0.4
Japan,JPN,1994,Asia,0.839,0.76,0.544,0.738,0.756,29876.5,79.7,4.3,77.9,NA,0.8
Japan,JPN,1995,Asia,0.839,0.76,0.552,0.738,0.756,30504.5,79.5,4.1,78,NA,1.6
Japan,JPN,1996,Asia,0.838,0.759,0.552,0.738,0.755,31371.4,80.2,4,78.1,NA,4.4
Japan,JPN,1997,Asia,0.837,0.757,0.554,0.737,0.755,31723.3,80.4,3.8,78.2,NA,9.2
Japan,JPN,1998,Asia,0.837,0.757,0.554,0.737,0.755,31076.4,80.5,3.6,78.3,NA,13.4
Japan,JPN,1999,Asia,0.837,0.757,0.554,0.737,0.755,30911.9,80.5,3.4,78.4,NA,21.4
Japan,JPN,2000,Asia,0.838,0.762,0.549,0.737,0.757,31779.4,81.1,3.3,78.6,NA,30
Japan,JPN,2001,Asia,0.838,0.762,0.55,0.738,0.76,31793.1,81.4,3.1,79.2,NA,38.5
Japan,JPN,2002,Asia,0.838,0.762,0.55,0.738,0.76,31746.2,81.7,3,80.5,NA,46.6
Japan,JPN,2003,Asia,0.838,0.762,0.55,0.744,0.759,32115.6,81.8,2.9,82.4,NA,48.4
Japan,JPN,2004,Asia,0.838,0.763,0.547,0.745,0.756,32783.1,82,2.8,84.4,NA,62.4
Japan,JPN,2005,Asia,0.841,0.766,0.557,0.749,0.76,33385.9,82,2.7,86,NA,66.9
Japan,JPN,2006,Asia,0.849,0.773,0.563,0.754,0.77,33880.7,82.3,2.7,87.1,NA,68.7
Japan,JPN,2007,Asia,0.849,0.773,0.563,0.754,0.77,34426.7,82.5,2.6,88.3,NA,74.3
Japan,JPN,2008,Asia,0.846,0.772,0.559,0.751,0.764,34008.6,82.6,2.5,89.3,NA,75.4
Japan,JPN,2009,Asia,0.854,0.779,0.566,0.758,0.774,31993.9,82.9,2.5,90.1,NA,78
Japan,JPN,2010,Asia,0.852,0.778,0.566,0.757,0.772,33311.3,82.8,2.4,90.6,NA,78.2
Japan,JPN,2011,Asia,0.852,0.778,0.566,0.757,0.772,33306.2,82.6,2.3,90.9,NA,79.1
Japan,JPN,2012,Asia,0.848,0.774,0.563,0.757,0.769,33909.5,83.1,2.2,91,NA,79.5
Japan,JPN,2013,Asia,0.815,0.741,0.533,0.725,0.734,34636.7,83.3,2.2,91.2,101,88.2
Japan,JPN,2014,Asia,0.815,0.739,0.533,0.725,0.734,34996.9,83.6,2.1,91.3,101,89.1
Japan,JPN,2015,Asia,0.817,0.74,0.527,0.726,0.738,35664.6,83.8,2,91.4,101.7,91.1
Japan,JPN,2016,Asia,0.817,0.74,0.527,0.726,0.743,35934.4,84,2,91.5,101.3,93.2
Japan,JPN,2017,Asia,0.821,0.744,0.536,0.729,0.743,36547.7,84.1,1.9,91.5,100.3,91.7
Japan,JPN,2018,Asia,0.832,0.755,0.541,0.728,0.756,36899.4,84.2,1.9,91.6,100.5,88.7
Japan,JPN,2019,Asia,0.83,0.753,0.54,0.722,0.75,36837.3,84.4,1.8,91.7,100.7,92.7
Japan,JPN,2020,Asia,0.831,0.742,0.532,0.743,0.764,35363.3,84.6,1.8,91.8,101.3,90.2
Japan,JPN,2021,Asia,0.824,0.736,0.532,0.736,0.751,36792.6,84.4,1.8,91.9,101.7,82.9
Japan,JPN,2022,Asia,0.823,0.738,0.529,0.724,0.752,37448.4,84,1.8,92,101.4,84.9
Japan,JPN,2023,Asia,0.826,0.745,0.532,0.73,0.755,37902.5,84,1.8,92.1,101.5,85
Jordan,JOR,1990,Middle East,0.22,0.197,0.074,0.191,0.196,3496.5,70.1,30.9,75.1,75,0
Jordan,JOR,1991,Middle East,0.221,0.197,0.074,0.19,0.196,3286.6,70.2,29.9,76.3,74.9,NA
Jordan,JOR,1992,Middle East,0.227,0.196,0.075,0.193,0.199,3564.7,70.4,29,77.2,77.9,NA
Jordan,JOR,1993,Middle East,0.235,0.198,0.077,0.193,0.201,3535.9,70.6,28.1,77.9,79,NA
Jordan,JOR,1994,Middle East,0.227,0.196,0.075,0.188,0.199,3538.1,70.7,27.2,78.2,81.1,NA
Jordan,JOR,1995,Middle East,0.227,0.196,0.083,0.188,0.199,3606.7,70.9,26.4,78.2,NA,0
Jordan,JOR,1996,Middle East,0.227,0.196,0.083,0.188,0.199,3561.7,71.1,25.7,78.3,85.1,0
Jordan,JOR,1997,Middle East,0.224,0.195,0.082,0.187,0.198,3582,71.3,24.9,78.3,NA,0.6
Jordan,JOR,1998,Middle East,0.224,0.195,0.083,0.187,0.199,3605.6,71.5,24.2,78.3,NA,1.3
Jordan,JOR,1999,Middle East,0.222,0.196,0.082,0.206,0.185,3648.6,71.7,23.5,78.3,86.1,2.5
Jordan,JOR,2000,Middle East,0.186,0.132,0.074,0.195,0.166,3725.5,71.9,22.8,78.3,84.6,2.6
Jordan,JOR,2001,Middle East,0.185,0.131,0.073,0.19,0.166,3842,72.1,22.1,78.3,NA,4.7
Jordan,JOR,2002,Middle East,0.185,0.131,0.073,0.19,0.166,3979.4,72.4,21.5,78.3,83.6,6
Jordan,JOR,2003,Middle East,0.208,0.152,0.071,0.199,0.178,4054.2,72.6,20.8,78.3,83.8,8.5
Jordan,JOR,2004,Middle East,0.228,0.202,0.076,0.206,0.184,4296.6,72.8,20.2,78.3,83.7,11.7
Jordan,JOR,2005,Middle East,0.228,0.203,0.083,0.206,0.184,4533,73,19.6,78.4,84.4,12.9
Jordan,JOR,2006,Middle East,0.229,0.204,0.091,0.206,0.185,4596.6,73.2,19,78.8,86.8,13.9
Jordan,JOR,2007,Middle East,0.229,0.204,0.091,0.206,0.185,4681.2,73.4,18.5,79.3,87.7,20
Jordan,JOR,2008,Middle East,0.232,0.205,0.092,0.206,0.185,4902.4,73.6,18,80.1,88.4,23
Jordan,JOR,2009,Middle East,0.233,0.205,0.092,0.207,0.186,5043.6,73.7,17.5,81.1,NA,26
Jordan,JOR,2010,Middle East,0.239,0.21,0.094,0.211,0.191,5066.5,73.8,17,82.3,87.4,27.2
Jordan,JOR,2011,Middle East,0.247,0.215,0.097,0.224,0.195,5086,73.9,16.6,83.6,87.6,34.9
Jordan,JOR,2012,Middle East,0.246,0.217,0.105,0.226,0.195,5135,74.1,16.2,85,87.2,37
Jordan,JOR,2013,Middle East,0.255,0.22,0.109,0.22,0.197,5007.8,74.3,15.8,86.5,87.3,41.4
Jordan,JOR,2014,Middle East,0.255,0.221,0.112,0.22,0.198,4703.4,74.6,15.4,88,88.9,46.2
Jordan,JOR,2015,Middle East,0.255,0.221,0.113,0.218,0.201,4441.6,75.1,15,89.9,NA,54.2
Jordan,JOR,2016,Middle East,0.239,0.195,0.11,0.196,0.209,4326.2,75.6,14.7,90.6,NA,56.2
Jordan,JOR,2017,Middle East,0.263,0.23,0.12,0.204,0.221,4335.9,76.1,14.3,90.9,88.9,64.5
Jordan,JOR,2018,Middle East,0.261,0.242,0.118,0.215,0.23,4320,76.5,14,91.2,89.8,65.2
Jordan,JOR,2019,Middle East,0.26,0.24,0.12,0.219,0.23,4313.8,76.9,13.7,91.5,89.5,70.1
Jordan,JOR,2020,Middle East,0.258,0.24,0.117,0.218,0.219,4188.2,75.6,13.3,91.8,90.2,78.4
Jordan,JOR,2021,Middle East,0.257,0.249,0.117,0.21,0.197,4266.4,74.2,13,92.1,90.1,86
Jordan,JOR,2022,Middle East,0.256,0.244,0.121,0.217,0.189,4309.6,77.1,12.6,92.4,91,90.5
Jordan,JOR,2023,Middle East,0.252,0.25,0.121,0.258,0.199,4373.4,77.8,12.3,92.7,92,92.5
Kazakhstan,KAZ,1990,Eastern Europe,0.247,0.15,0.074,0.173,0.204,5557.1,65.7,44.3,57.2,96.6,0
Kazakhstan,KAZ,1991,Eastern Europe,0.289,0.171,0.084,0.179,0.219,4910.2,65.4,44,57.2,94.2,NA
Kazakhstan,KAZ,1992,Eastern Europe,0.303,0.179,0.1,0.185,0.223,4635.4,65,44.2,57.1,92.4,NA
Kazakhstan,KAZ,1993,Eastern Europe,0.302,0.181,0.109,0.184,0.228,4223.1,64.5,44.6,57,90.1,NA
Kazakhstan,KAZ,1994,Eastern Europe,0.303,0.176,0.101,0.152,0.229,3741,64.1,44.9,56.9,88.2,0
Kazakhstan,KAZ,1995,Eastern Europe,0.288,0.147,0.118,0.148,0.207,3498.5,63.7,44.6,56.8,NA,0
Kazakhstan,KAZ,1996,Eastern Europe,0.283,0.132,0.102,0.137,0.203,3583.4,63.5,43.7,56.6,NA,0
Kazakhstan,KAZ,1997,Eastern Europe,0.295,0.136,0.105,0.112,0.202,3729,63.3,42.2,56.5,87.3,0.1
Kazakhstan,KAZ,1998,Eastern Europe,0.284,0.134,0.108,0.097,0.196,3750.6,63.3,40.3,56.4,86,0.1
Kazakhstan,KAZ,1999,Eastern Europe,0.268,0.128,0.103,0.093,0.189,3899.7,63.5,38.1,56.2,89.5,0.5
Kazakhstan,KAZ,2000,Eastern Europe,0.27,0.129,0.097,0.112,0.19,4269.3,63.8,35.8,56,89.1,0.7
Kazakhstan,KAZ,2001,Eastern Europe,0.255,0.125,0.092,0.101,0.185,4822.5,64.1,33.6,55.8,NA,1
Kazakhstan,KAZ,2002,Eastern Europe,0.252,0.125,0.09,0.088,0.187,5267.7,64.4,31.5,55.5,NA,1.7
Kazakhstan,KAZ,2003,Eastern Europe,0.247,0.121,0.088,0.097,0.186,5724.4,64.8,29.6,55.2,NA,2
Kazakhstan,KAZ,2004,Eastern Europe,0.246,0.122,0.087,0.114,0.184,6233.3,65,27.7,54.9,NA,2.7
Kazakhstan,KAZ,2005,Eastern Europe,0.239,0.12,0.083,0.113,0.182,6787.4,65.4,25.9,54.6,NA,3
Kazakhstan,KAZ,2006,Eastern Europe,0.242,0.121,0.084,0.108,0.183,7450.4,65.7,24.1,54.4,98.4,3.3
Kazakhstan,KAZ,2007,Eastern Europe,0.24,0.122,0.08,0.104,0.182,8036.9,66.2,22.3,54.2,NA,4
Kazakhstan,KAZ,2008,Eastern Europe,0.241,0.122,0.08,0.104,0.182,8216.5,66.8,20.4,54.1,NA,11
Kazakhstan,KAZ,2009,Eastern Europe,0.242,0.122,0.078,0.108,0.183,8218.4,67.5,18.5,54.1,NA,18.2
Kazakhstan,KAZ,2010,Eastern Europe,0.236,0.12,0.077,0.116,0.179,8704.7,68.3,16.7,54.2,98.5,31.6
Kazakhstan,KAZ,2011,Eastern Europe,0.233,0.119,0.075,0.109,0.177,9223.3,69.1,14.9,54.4,98.8,50.6
Kazakhstan,KAZ,2012,Eastern Europe,0.232,0.113,0.073,0.112,0.176,9531.9,69.9,13.3,54.7,99,61.9
Kazakhstan,KAZ,2013,Eastern Europe,0.229,0.109,0.073,0.109,0.178,9959.7,70.7,11.7,55.1,97.7,63.3
Kazakhstan,KAZ,2014,Eastern Europe,0.23,0.11,0.072,0.109,0.179,10226.7,71.4,10.5,55.6,98.5,66
Kazakhstan,KAZ,2015,Eastern Europe,0.234,0.11,0.073,0.11,0.178,10196.1,72,9.5,56.1,98.2,70.8
Kazakhstan,KAZ,2016,Eastern Europe,0.242,0.114,0.077,0.116,0.182,10151.4,72.5,8.8,56.7,97,74.6
Kazakhstan,KAZ,2017,Eastern Europe,0.235,0.112,0.069,0.112,0.184,10404.3,73,8.4,57.5,96.5,76.4
Kazakhstan,KAZ,2018,Eastern Europe,0.232,0.108,0.073,0.108,0.176,10670.2,73.4,8.2,58.2,96.1,78.9
Kazakhstan,KAZ,2019,Eastern Europe,0.236,0.113,0.074,0.145,0.18,10989.7,73.7,8.1,59.1,96.5,81.9
Kazakhstan,KAZ,2020,Eastern Europe,0.241,0.117,0.079,0.159,0.193,10565,71.2,8,60,91.9,85.9
Kazakhstan,KAZ,2021,Eastern Europe,0.253,0.121,0.091,0.155,0.192,10873.4,70.1,7.9,61,94.3,90.9
Kazakhstan,KAZ,2022,Eastern Europe,0.265,0.134,0.11,0.19,0.206,11058.3,73.5,7.7,61.4,94,92.3
Kazakhstan,KAZ,2023,Eastern Europe,0.269,0.139,0.124,0.183,0.204,11453.4,74.4,7.6,61.8,95.2,92.9
Kenya,KEN,1990,Africa,0.189,0.123,0.114,0.186,0.14,1329.3,58.3,67.5,18.2,NA,0
Kenya,KEN,1991,Africa,0.203,0.132,0.118,0.19,0.147,1305.5,57.8,69.1,18.3,NA,NA
Kenya,KEN,1992,Africa,0.291,0.186,0.173,0.277,0.189,1255.9,57.1,70.4,18.4,NA,NA
Kenya,KEN,1993,Africa,0.329,0.207,0.199,0.308,0.206,1223.5,56.7,71.2,18.5,NA,NA
Kenya,KEN,1994,Africa,0.334,0.208,0.2,0.317,0.207,1219.8,56.1,71.3,18.5,NA,NA
Kenya,KEN,1995,Africa,0.337,0.211,0.202,0.319,0.209,1237.9,55.9,70.9,18.6,NA,0
Kenya,KEN,1996,Africa,0.337,0.211,0.202,0.319,0.209,1254.2,55.6,70.2,18.7,NA,0
Kenya,KEN,1997,Africa,0.336,0.209,0.201,0.318,0.208,1226.2,55.5,69.1,18.8,NA,0
Kenya,KEN,1998,Africa,0.363,0.225,0.213,0.333,0.227,1232.1,55.6,67.7,18.9,NA,0.1
Kenya,KEN,1999,Africa,0.363,0.225,0.213,0.333,0.226,1224.6,55.9,66,19,40.3,0.1
Kenya,KEN,2000,Africa,0.374,0.253,0.22,0.345,0.231,1195.4,56.1,63.7,19.5,41,0.3
Kenya,KEN,2001,Africa,0.376,0.254,0.22,0.346,0.233,1202.3,56.5,61.2,20.4,41.7,0.6
Kenya,KEN,2002,Africa,0.419,0.291,0.24,0.372,0.256,1171.4,56.8,58.3,21.9,41.9,1.2
Kenya,KEN,2003,Africa,0.51,0.355,0.295,0.437,0.311,1169.1,57.4,55.5,23.6,43.6,2.9
Kenya,KEN,2004,Africa,0.51,0.355,0.295,0.441,0.311,1191.3,57.9,52.6,25.4,47.1,3
Kenya,KEN,2005,Africa,0.51,0.358,0.309,0.441,0.311,1223.4,58.5,49.5,27.3,47.3,3.1
Kenya,KEN,2006,Africa,0.51,0.358,0.295,0.439,0.31,1263.5,59.1,47,29,48.8,3.6
Kenya,KEN,2007,Africa,0.511,0.356,0.295,0.441,0.312,1309.9,59.4,45,30.4,50.9,4.4
Kenya,KEN,2008,Africa,0.415,0.305,0.249,0.379,0.262,1273.8,60,42.6,31.4,57,5.2
Kenya,KEN,2009,Africa,0.416,0.305,0.249,0.381,0.265,1276.7,60.5,42.1,31.9,57.7,6.1
Kenya,KEN,2010,Africa,0.427,0.361,0.288,0.412,0.277,1340.2,60.9,41.5,31.9,NA,7.2
Kenya,KEN,2011,Africa,0.428,0.362,0.294,0.412,0.279,1370.6,61.3,41,31.9,NA,8.8
Kenya,KEN,2012,Africa,0.425,0.358,0.293,0.41,0.279,1396.3,61.5,41.1,31.9,NA,10.5
Kenya,KEN,2013,Africa,0.524,0.413,0.366,0.426,0.324,1413.9,61.7,40.7,31.8,NA,13
Kenya,KEN,2014,Africa,0.539,0.426,0.376,0.438,0.334,1450.6,62,40,31.8,NA,16.5
Kenya,KEN,2015,Africa,0.539,0.426,0.376,0.439,0.333,1489.1,62.3,38.9,31.7,72.6,16.6
Kenya,KEN,2016,Africa,0.534,0.421,0.37,0.435,0.332,1518,62.5,38.4,31.7,74.5,16.6
Kenya,KEN,2017,Africa,0.512,0.408,0.359,0.408,0.322,1542.3,62.7,38.2,31.5,NA,17.8
Kenya,KEN,2018,Africa,0.496,0.394,0.343,0.398,0.321,1596.7,62.8,37.5,31.4,NA,19.5
Kenya,KEN,2019,Africa,0.501,0.402,0.34,0.435,0.327,1645.7,62.9,37,31.2,NA,22.7
Kenya,KEN,2020,Africa,0.503,0.404,0.348,0.44,0.321,1609.3,61.6,36.5,31.2,NA,24.7
Kenya,KEN,2021,Africa,0.507,0.423,0.341,0.435,0.33,1698.9,61.2,36,31.3,80.4,27
Kenya,KEN,2022,Africa,0.55,0.45,0.37,0.464,0.373,1747.5,63.5,35.5,31.4,83.8,29.4
Kenya,KEN,2023,Africa,0.57,0.463,0.375,0.481,0.37,1811.2,63.6,34.7,31.6,84.3,32.1
Kosovo,XKX,1999,Eastern Europe,0.219,0.14,0.126,0.155,0.208,NA,58.3,47.5,37.5,NA,NA
Kosovo,XKX,2000,Eastern Europe,0.238,0.153,0.162,0.161,0.216,NA,71.3,43.6,37.5,NA,NA
Kosovo,XKX,2001,Eastern Europe,0.25,0.162,0.165,0.166,0.219,NA,71.8,39.8,37.5,NA,NA
Kosovo,XKX,2002,Eastern Europe,0.493,0.346,0.269,0.277,0.341,NA,72.2,36.4,37.5,NA,NA
Kosovo,XKX,2003,Eastern Europe,0.532,0.377,0.286,0.296,0.361,NA,72.7,33.2,37.6,NA,NA
Kosovo,XKX,2004,Eastern Europe,0.527,0.375,0.285,0.294,0.361,NA,73.1,30.3,37.6,NA,NA
Kosovo,XKX,2005,Eastern Europe,0.512,0.364,0.277,0.286,0.351,NA,73.4,27.8,37.6,NA,NA
Kosovo,XKX,2006,Eastern Europe,0.512,0.364,0.277,0.286,0.349,NA,73.6,25.4,37.7,NA,NA
Kosovo,XKX,2007,Eastern Europe,0.519,0.37,0.29,0.291,0.351,NA,74.4,23.4,37.7,NA,NA
Kosovo,XKX,2008,Eastern Europe,0.512,0.362,0.289,0.296,0.345,2543.6,74.7,21.5,37.8,NA,NA
Kosovo,XKX,2009,Eastern Europe,0.514,0.374,0.291,0.299,0.353,2680.9,74.8,19.8,37.8,NA,NA
Kosovo,XKX,2010,Eastern Europe,0.533,0.386,0.307,0.308,0.362,2822.6,74.6,18.3,37.9,NA,NA
Kosovo,XKX,2011,Eastern Europe,0.504,0.373,0.291,0.295,0.347,2995.6,75.3,17,38,NA,NA
Kosovo,XKX,2012,Eastern Europe,0.507,0.376,0.288,0.296,0.35,3021.4,75.8,15.9,38.2,NA,NA
Kosovo,XKX,2013,Eastern Europe,0.519,0.364,0.293,0.341,0.349,3163.5,76.3,14.8,38.6,NA,NA
Kosovo,XKX,2014,Eastern Europe,0.593,0.414,0.333,0.386,0.397,3279,76.2,13.9,39.2,NA,NA
Kosovo,XKX,2015,Eastern Europe,0.651,0.45,0.364,0.411,0.434,3520.6,76,13.1,39.9,NA,NA
Kosovo,XKX,2016,Eastern Europe,0.653,0.454,0.382,0.439,0.442,3739.2,76.7,12.3,40.8,NA,NA
Kosovo,XKX,2017,Eastern Europe,0.574,0.399,0.341,0.387,0.406,3890.2,77.1,11.5,41.8,NA,83.9
Kosovo,XKX,2018,Eastern Europe,0.662,0.47,0.395,0.454,0.46,4009.1,77.1,10.8,42.8,NA,89.4
Kosovo,XKX,2019,Eastern Europe,0.677,0.497,0.408,0.463,0.472,4219.1,77.2,10.2,44,NA,NA
Kosovo,XKX,2020,Eastern Europe,0.67,0.493,0.404,0.456,0.47,3990.9,74.2,9.6,45.2,NA,NA
Kosovo,XKX,2021,Eastern Europe,0.674,0.494,0.407,0.48,0.484,4429.9,75,9.1,46.5,NA,NA
Kosovo,XKX,2022,Eastern Europe,0.676,0.508,0.401,0.463,0.492,4666.4,77.6,8.7,47.8,NA,NA
Kosovo,XKX,2023,Eastern Europe,0.676,0.494,0.404,0.442,0.483,5102.7,78,8.3,49.1,NA,NA
Kuwait,KWT,1990,Middle East,0.086,0.111,0.027,0.171,0.163,20140.8,73.4,14.5,98,71.5,0
Kuwait,KWT,1991,Middle East,0.108,0.115,0.029,0.175,0.168,14812.9,73.9,13.7,98,NA,NA
Kuwait,KWT,1992,Middle East,0.201,0.236,0.073,0.251,0.193,22382.8,76,13.2,98,59.5,NA
Kuwait,KWT,1993,Middle East,0.282,0.267,0.091,0.286,0.223,29323.9,76.1,12.7,98,59.4,0.1
Kuwait,KWT,1994,Middle East,0.282,0.267,0.091,0.286,0.223,31946.5,76,12.4,98,72.9,0.1
Kuwait,KWT,1995,Middle East,0.282,0.267,0.091,0.286,0.223,33156.8,76,12.2,98,91,0.2
Kuwait,KWT,1996,Middle East,0.283,0.268,0.092,0.286,0.224,32418,75.9,11.9,98.1,91.3,0.9
Kuwait,KWT,1997,Middle East,0.286,0.269,0.093,0.288,0.225,32152.4,75.9,11.5,98.3,86.8,2.2
Kuwait,KWT,1998,Middle East,0.286,0.27,0.092,0.287,0.225,32306.7,76,11.2,98.5,85.1,3
Kuwait,KWT,1999,Middle East,0.284,0.269,0.092,0.286,0.23,30798.1,76.1,10.9,98.8,85.5,4.8
Kuwait,KWT,2000,Middle East,0.282,0.267,0.092,0.286,0.224,31342,76.2,10.6,99,85.8,6.7
Kuwait,KWT,2001,Middle East,0.266,0.259,0.088,0.278,0.217,30573.4,76.4,10.5,99.2,87.1,8.6
Kuwait,KWT,2002,Middle East,0.278,0.263,0.091,0.283,0.222,30702.2,76.5,10.3,99.5,NA,10.2
Kuwait,KWT,2003,Middle East,0.282,0.265,0.092,0.285,0.224,35169.6,76.6,10.2,99.8,96.1,22.4
Kuwait,KWT,2004,Middle East,0.282,0.265,0.092,0.285,0.223,37918.5,76.7,10,99.9,100.7,22.9
Kuwait,KWT,2005,Middle East,0.326,0.287,0.103,0.307,0.249,40451.3,76.8,9.9,100,108.6,25.9
Kuwait,KWT,2006,Middle East,0.326,0.288,0.104,0.307,0.247,41138,76.9,9.8,100,101,28.8
Kuwait,KWT,2007,Middle East,0.323,0.286,0.103,0.308,0.247,41113.9,77,9.6,100,101.3,34.8
Kuwait,KWT,2008,Middle East,0.324,0.287,0.104,0.308,0.246,39852.5,77.2,9.5,100,99.6,42
Kuwait,KWT,2009,Middle East,0.324,0.286,0.104,0.307,0.246,35124.1,77.4,9.3,100,99.5,50.8
Kuwait,KWT,2010,Middle East,0.32,0.284,0.103,0.313,0.246,32568.5,77.7,9.1,100,99.4,61.4
Kuwait,KWT,2011,Middle East,0.319,0.282,0.103,0.31,0.247,33545.3,78.1,8.8,100,98.1,65.8
Kuwait,KWT,2012,Middle East,0.31,0.279,0.104,0.303,0.242,33578.3,78.4,8.5,100,98.7,70.4
Kuwait,KWT,2013,Middle East,0.311,0.278,0.107,0.299,0.243,32311.2,78.7,8.2,100,95.6,75.5
Kuwait,KWT,2014,Middle East,0.315,0.279,0.109,0.307,0.244,31073.2,79.1,8,100,93.1,78.7
Kuwait,KWT,2015,Middle East,0.311,0.278,0.108,0.305,0.244,29882.2,79.4,7.8,100,95.4,82
Kuwait,KWT,2016,Middle East,0.311,0.281,0.108,0.306,0.244,29454.4,79.7,7.7,100,NA,85.6
Kuwait,KWT,2017,Middle East,0.326,0.288,0.099,0.3,0.25,27048.4,79.9,7.7,100,NA,98
Kuwait,KWT,2018,Middle East,0.32,0.286,0.093,0.298,0.245,26706,80.1,7.6,100,NA,99.6
Kuwait,KWT,2019,Middle East,0.323,0.288,0.103,0.296,0.247,26580.2,82,7.6,100,NA,99.5
Kuwait,KWT,2020,Middle East,0.317,0.282,0.101,0.291,0.246,25541.5,78.8,7.6,100,NA,99.1
Kuwait,KWT,2021,Middle East,0.301,0.274,0.087,0.253,0.233,26203.3,78.7,7.5,100,NA,99.7
Kuwait,KWT,2022,Middle East,0.298,0.281,0.098,0.267,0.228,26579.8,80.6,7.4,100,NA,99.7
Kuwait,KWT,2023,Middle East,0.314,0.294,0.102,0.255,0.232,24722.8,83.2,7.2,100,NA,99.7
Kyrgyzstan,KGZ,1990,Eastern Europe,0.252,0.141,0.071,0.084,0.25,1203.5,68.3,56.2,38,101.8,0
Kyrgyzstan,KGZ,1991,Eastern Europe,0.291,0.17,0.089,0.148,0.245,1089.9,68.6,56.3,37.7,100,NA
Kyrgyzstan,KGZ,1992,Eastern Europe,0.353,0.206,0.108,0.186,0.272,928.3,68.1,56.7,37.4,98.3,NA
Kyrgyzstan,KGZ,1993,Eastern Europe,0.342,0.204,0.106,0.226,0.279,784.6,67.2,57,37,94.3,NA
Kyrgyzstan,KGZ,1994,Eastern Europe,0.319,0.194,0.121,0.222,0.268,627.2,66,56.7,36.6,88.9,NA
Kyrgyzstan,KGZ,1995,Eastern Europe,0.303,0.182,0.118,0.204,0.26,587.3,65.8,55.6,36.2,85.1,NA
Kyrgyzstan,KGZ,1996,Eastern Europe,0.295,0.179,0.115,0.197,0.257,619.7,66.5,53.7,35.8,74.6,NA
Kyrgyzstan,KGZ,1997,Eastern Europe,0.287,0.172,0.112,0.192,0.251,671.3,66.9,51.3,35.6,NA,NA
Kyrgyzstan,KGZ,1998,Eastern Europe,0.29,0.177,0.116,0.19,0.254,675.1,67.1,48.9,35.4,NA,0.1
Kyrgyzstan,KGZ,1999,Eastern Europe,0.286,0.177,0.133,0.189,0.244,689.4,68.7,46.4,35.3,81.2,0.2
Kyrgyzstan,KGZ,2000,Eastern Europe,0.287,0.174,0.144,0.186,0.231,718.3,68.6,44,35.3,82.4,1
Kyrgyzstan,KGZ,2001,Eastern Europe,0.285,0.171,0.14,0.201,0.228,749.4,68.7,41.6,35.3,83.6,3
Kyrgyzstan,KGZ,2002,Eastern Europe,0.282,0.17,0.14,0.195,0.227,742.4,68.2,39.4,35.3,82.7,3
Kyrgyzstan,KGZ,2003,Eastern Europe,0.282,0.168,0.14,0.179,0.226,786.4,68.3,37.2,35.3,87.9,3.9
Kyrgyzstan,KGZ,2004,Eastern Europe,0.282,0.168,0.14,0.171,0.226,831.5,68.2,35.4,35.3,86.6,5.1
Kyrgyzstan,KGZ,2005,Eastern Europe,0.319,0.19,0.191,0.207,0.23,820.7,68,33.9,35.3,85.4,10.5
Kyrgyzstan,KGZ,2006,Eastern Europe,0.331,0.198,0.194,0.223,0.237,837.1,67.7,32.6,35.3,85.6,12.3
Kyrgyzstan,KGZ,2007,Eastern Europe,0.317,0.181,0.186,0.206,0.23,900,67.9,31.1,35.3,85,14
Kyrgyzstan,KGZ,2008,Eastern Europe,0.306,0.169,0.181,0.179,0.223,966.4,68.5,29.3,35.3,NA,15.7
Kyrgyzstan,KGZ,2009,Eastern Europe,0.294,0.165,0.178,0.178,0.216,981.2,69.1,27.4,35.3,86.7,16
Kyrgyzstan,KGZ,2010,Eastern Europe,0.381,0.26,0.237,0.305,0.264,962.8,69.3,25.6,35.3,87.8,16.3
Kyrgyzstan,KGZ,2011,Eastern Europe,0.473,0.333,0.288,0.406,0.323,1005.5,69.6,23.9,35.2,87.5,17.5
Kyrgyzstan,KGZ,2012,Eastern Europe,0.467,0.328,0.293,0.385,0.316,985.8,70,22.6,35.2,87.3,19.8
Kyrgyzstan,KGZ,2013,Eastern Europe,0.447,0.316,0.271,0.369,0.307,1069.8,70.2,21.5,35.2,87.7,23
Kyrgyzstan,KGZ,2014,Eastern Europe,0.446,0.314,0.27,0.363,0.304,1088.6,70.4,20.5,35.1,89.4,28.3
Kyrgyzstan,KGZ,2015,Eastern Europe,0.455,0.317,0.277,0.381,0.312,1105.7,70.7,19.4,35.1,89,30.2
Kyrgyzstan,KGZ,2016,Eastern Europe,0.447,0.303,0.269,0.383,0.308,1128.3,71,18.4,35.1,90.5,40.5
Kyrgyzstan,KGZ,2017,Eastern Europe,0.449,0.303,0.274,0.361,0.313,1157.2,71.2,17.4,35,89.9,50.8
Kyrgyzstan,KGZ,2018,Eastern Europe,0.467,0.327,0.274,0.375,0.325,1175.1,71.4,16.6,34.9,91.1,62.8
Kyrgyzstan,KGZ,2019,Eastern Europe,0.441,0.309,0.255,0.278,0.305,1201.9,71.6,16,34.9,91.7,64.1
Kyrgyzstan,KGZ,2020,Eastern Europe,0.385,0.255,0.227,0.245,0.274,1093.3,71.8,15.6,34.8,92.2,72
Kyrgyzstan,KGZ,2021,Eastern Europe,0.41,0.256,0.232,0.256,0.278,1132.6,71.9,15.3,34.8,92.5,77.1
Kyrgyzstan,KGZ,2022,Eastern Europe,0.38,0.237,0.2,0.232,0.269,1212.2,72,15.1,34.7,NA,84.2
Kyrgyzstan,KGZ,2023,Eastern Europe,0.348,0.197,0.182,0.176,0.25,1298.3,72.2,15,34.7,91.3,91
Laos,LAO,1990,Asia,0.116,0.092,0.095,0.031,0.114,634.5,54,111,15.2,22.9,0
Laos,LAO,1991,Asia,0.085,0.087,0.09,0.027,0.108,643.4,54.7,108.2,15.6,NA,NA
Laos,LAO,1992,Asia,0.085,0.083,0.09,0.027,0.108,660.6,55.1,105.3,15.9,19.9,NA
Laos,LAO,1993,Asia,0.085,0.087,0.091,0.027,0.109,681,55.6,102.4,16.3,21.6,NA
Laos,LAO,1994,Asia,0.085,0.086,0.091,0.027,0.109,717.5,55.8,99.4,16.8,23.4,NA
Laos,LAO,1995,Asia,0.085,0.087,0.091,0.031,0.109,749.2,56.3,96.6,17.3,24,NA
Laos,LAO,1996,Asia,0.085,0.087,0.091,0.031,0.109,782.7,56.8,93.7,18,24.1,NA
Laos,LAO,1997,Asia,0.086,0.087,0.091,0.031,0.109,819.2,57.3,90.9,18.8,25.9,NA
Laos,LAO,1998,Asia,0.087,0.087,0.091,0.04,0.105,836.1,57.5,88.1,19.9,28.1,0
Laos,LAO,1999,Asia,0.087,0.088,0.091,0.04,0.105,881.6,57.9,85.2,21,31.1,0
Laos,LAO,2000,Asia,0.087,0.088,0.091,0.04,0.105,917.2,58.3,82.2,22.2,33.3,0.1
Laos,LAO,2001,Asia,0.087,0.088,0.091,0.04,0.105,954.1,58.9,79.2,23.4,35.2,0.2
Laos,LAO,2002,Asia,0.09,0.089,0.091,0.041,0.106,994.5,59.3,76,24.5,37.9,0.3
Laos,LAO,2003,Asia,0.09,0.089,0.091,0.041,0.106,1038.7,59.6,72.8,25.6,40.7,0.3
Laos,LAO,2004,Asia,0.09,0.089,0.092,0.041,0.106,1088.8,60.1,69.5,26.5,42.5,0.4
Laos,LAO,2005,Asia,0.09,0.089,0.092,0.041,0.093,1148.7,60.7,66.2,27.3,43,0.9
Laos,LAO,2006,Asia,0.09,0.088,0.092,0.041,0.095,1228.1,61.1,63,28,42.2,1.2
Laos,LAO,2007,Asia,0.089,0.088,0.091,0.041,0.095,1301.1,61.7,59.9,28.7,43,1.6
Laos,LAO,2008,Asia,0.09,0.088,0.091,0.041,0.095,1381.7,62.2,56.8,29.4,44.1,3.5
Laos,LAO,2009,Asia,0.09,0.088,0.093,0.041,0.095,1463.3,63,53.9,30,45.7,6
Laos,LAO,2010,Asia,0.092,0.089,0.099,0.041,0.095,1564.9,63.7,51.2,30.6,47.4,7
Laos,LAO,2011,Asia,0.09,0.089,0.099,0.041,0.095,1666.4,64.5,48.6,31.2,46.3,9
Laos,LAO,2012,Asia,0.09,0.089,0.099,0.041,0.095,1774.6,65.1,46.2,31.7,49,10.7
Laos,LAO,2013,Asia,0.091,0.09,0.096,0.046,0.099,1890.3,65.7,44,32.2,52.7,12.5
Laos,LAO,2014,Asia,0.091,0.09,0.096,0.046,0.097,2006.3,66.3,41.9,32.7,58,14.3
Laos,LAO,2015,Asia,0.09,0.089,0.096,0.046,0.098,2121,66.7,39.9,33.1,62.3,18.2
Laos,LAO,2016,Asia,0.093,0.088,0.097,0.054,0.098,2234.8,67,38.1,33.8,64.8,21.9
Laos,LAO,2017,Asia,0.124,0.093,0.103,0.066,0.103,2351.6,67.3,36.4,34.5,66,25.5
Laos,LAO,2018,Asia,0.125,0.09,0.107,0.066,0.104,2460,67.6,34.8,35.2,66.2,36.3
Laos,LAO,2019,Asia,0.127,0.109,0.102,0.07,0.115,2555,67.9,33.3,35.9,65,47
Laos,LAO,2020,Asia,0.126,0.094,0.109,0.068,0.126,2529.7,68.3,31.9,36.6,62.4,54
Laos,LAO,2021,Asia,0.135,0.104,0.12,0.063,0.117,2556.6,67.8,30.5,37.3,59.9,62
Laos,LAO,2022,Asia,0.134,0.113,0.114,0.055,0.12,2589.1,68.7,29.3,38.1,56.9,64.5
Laos,LAO,2023,Asia,0.132,0.106,0.114,0.062,0.129,2648.9,69,28.2,38.8,54.4,64.4
Latvia,LVA,1990,Eastern Europe,0.562,0.452,0.335,0.443,0.456,7622.7,69.3,13.1,70.7,NA,0
Latvia,LVA,1991,Eastern Europe,0.594,0.495,0.395,0.486,0.485,6694.2,69,14.2,70.5,NA,NA
Latvia,LVA,1992,Eastern Europe,0.674,0.561,0.422,0.526,0.545,4607.1,68.4,15.1,70.2,NA,NA
Latvia,LVA,1993,Eastern Europe,0.749,0.629,0.47,0.593,0.601,4464.7,66.7,15.7,69.9,NA,NA
Latvia,LVA,1994,Eastern Europe,0.8,0.68,0.512,0.634,0.642,4639.5,65.7,15.8,69.6,NA,NA
Latvia,LVA,1995,Eastern Europe,0.799,0.67,0.518,0.608,0.643,4661.7,66.4,15.7,69.2,NA,NA
Latvia,LVA,1996,Eastern Europe,0.788,0.674,0.51,0.583,0.631,4822.9,68.8,15.2,68.8,NA,0.8
Latvia,LVA,1997,Eastern Europe,0.808,0.694,0.523,0.599,0.654,5318,69.3,14.4,68.5,NA,2
Latvia,LVA,1998,Eastern Europe,0.809,0.696,0.558,0.599,0.655,5720,69,13.4,68.3,NA,3.3
Latvia,LVA,1999,Eastern Europe,0.816,0.701,0.565,0.604,0.661,5929.3,69.7,12.4,68.1,NA,4.4
Latvia,LVA,2000,Eastern Europe,0.816,0.702,0.565,0.623,0.661,6336.4,70.3,11.6,68.1,NA,6.3
Latvia,LVA,2001,Eastern Europe,0.816,0.702,0.565,0.631,0.661,6833.4,70.8,10.9,68,92.9,7.2
Latvia,LVA,2002,Eastern Europe,0.815,0.705,0.564,0.635,0.661,7443.2,71,10.3,68,95.3,21.9
Latvia,LVA,2003,Eastern Europe,0.822,0.714,0.59,0.669,0.67,8149,71.3,9.7,67.9,96.5,27
Latvia,LVA,2004,Eastern Europe,0.822,0.715,0.596,0.669,0.672,8957.2,72,9.1,67.9,99.3,38.6
Latvia,LVA,2005,Eastern Europe,0.822,0.71,0.586,0.623,0.673,10106.3,71.4,8.6,67.9,102.7,46
Latvia,LVA,2006,Eastern Europe,0.814,0.703,0.574,0.612,0.678,11507.5,70.9,8.1,67.9,104,53.6
Latvia,LVA,2007,Eastern Europe,0.793,0.685,0.568,0.606,0.657,12810,71,7.7,67.9,103.9,59.2
Latvia,LVA,2008,Eastern Europe,0.792,0.686,0.601,0.616,0.659,12506.7,72.4,7.3,67.8,104.9,63.4
Latvia,LVA,2009,Eastern Europe,0.793,0.694,0.604,0.646,0.659,10675.4,73.1,6.9,67.8,99.4,66.8
Latvia,LVA,2010,Eastern Europe,0.798,0.704,0.605,0.668,0.666,10500.9,73.5,6.4,67.8,102.8,68.4
Latvia,LVA,2011,Eastern Europe,0.816,0.723,0.653,0.698,0.685,11018.5,73.6,6,67.8,105.6,69.7
Latvia,LVA,2012,Eastern Europe,0.82,0.728,0.652,0.7,0.688,11971,73.8,5.5,67.8,106.3,73.1
Latvia,LVA,2013,Eastern Europe,0.83,0.743,0.66,0.714,0.718,12353.5,74,5.1,67.8,114.8,75.2
Latvia,LVA,2014,Eastern Europe,0.832,0.748,0.659,0.714,0.722,12731.7,74.1,4.7,67.9,113.7,75.8
Latvia,LVA,2015,Eastern Europe,0.838,0.754,0.658,0.719,0.726,13322,74.5,4.3,67.9,112.4,79.2
Latvia,LVA,2016,Eastern Europe,0.84,0.748,0.645,0.704,0.726,13787.3,74.6,4,67.9,111.3,79.8
Latvia,LVA,2017,Eastern Europe,0.833,0.744,0.631,0.681,0.724,14382.9,74.6,3.8,68,110.7,80.1
Latvia,LVA,2018,Eastern Europe,0.832,0.745,0.61,0.675,0.729,15120.1,74.8,3.6,68,109.2,83.6
Latvia,LVA,2019,Eastern Europe,0.826,0.741,0.595,0.683,0.717,15328.4,75.4,3.3,68.1,107.6,86.1
Latvia,LVA,2020,Eastern Europe,0.822,0.737,0.603,0.669,0.701,14900.7,75.2,3.1,68.1,106,88.9
Latvia,LVA,2021,Eastern Europe,0.831,0.74,0.606,0.678,0.714,16070.2,73,2.9,68.2,105.8,91.2
Latvia,LVA,2022,Eastern Europe,0.829,0.74,0.6,0.696,0.713,16421.4,74.3,2.6,68.3,104.8,91
Latvia,LVA,2023,Eastern Europe,0.846,0.762,0.615,0.71,0.731,16229.4,75.4,2.4,68.4,102.1,92.2
Lebanon,LBN,1990,Middle East,0.342,0.195,0.116,0.217,0.23,2752.7,65.5,28.3,83.3,NA,0
Lebanon,LBN,1991,Middle East,0.336,0.193,0.114,0.219,0.228,4031.2,70.9,26.9,83.8,NA,NA
Lebanon,LBN,1992,Middle East,0.336,0.193,0.124,0.232,0.228,4595.6,71.2,25.6,84.2,51.6,NA
Lebanon,LBN,1993,Middle East,0.317,0.19,0.118,0.223,0.22,4992.7,71.6,24.5,84.5,NA,NA
Lebanon,LBN,1994,Middle East,0.312,0.188,0.117,0.221,0.217,5301.4,72,23.3,84.8,52.1,NA
Lebanon,LBN,1995,Middle East,0.312,0.188,0.117,0.221,0.217,5542.2,72.4,22.3,85.1,54.8,0.1
Lebanon,LBN,1996,Middle East,0.312,0.188,0.116,0.221,0.218,6054.5,72.6,21.3,85.4,55.9,0.1
Lebanon,LBN,1997,Middle East,0.312,0.188,0.116,0.221,0.217,6008.8,72.9,20.4,85.6,56.8,1.2
Lebanon,LBN,1998,Middle East,0.312,0.188,0.116,0.221,0.216,6120.5,73.2,19.5,85.8,62.5,2.7
Lebanon,LBN,1999,Middle East,0.312,0.188,0.116,0.221,0.216,5982.4,73.5,18.5,85.9,61.6,5.4
Lebanon,LBN,2000,Middle East,0.323,0.194,0.12,0.233,0.222,5959,73.9,17.6,86,62.6,8
Lebanon,LBN,2001,Middle East,0.354,0.207,0.13,0.247,0.237,6085.8,74.4,16.7,86.1,60.7,6.8
Lebanon,LBN,2002,Middle East,0.351,0.206,0.129,0.246,0.236,6207.2,74.8,15.8,86.3,62.6,7
Lebanon,LBN,2003,Middle East,0.351,0.206,0.129,0.246,0.234,6319.8,75.3,15,86.4,64.9,8
Lebanon,LBN,2004,Middle East,0.355,0.207,0.13,0.25,0.237,6633.8,75.7,14.2,86.6,66,9
Lebanon,LBN,2005,Middle East,0.402,0.232,0.216,0.318,0.257,6707.2,76.1,13.5,86.8,66.4,10.1
Lebanon,LBN,2006,Middle East,0.441,0.255,0.236,0.346,0.284,6696.4,75.7,12.9,86.9,67.2,15
Lebanon,LBN,2007,Middle East,0.442,0.258,0.233,0.34,0.28,7179.3,76.7,12.3,87.1,68,18.7
Lebanon,LBN,2008,Middle East,0.443,0.259,0.236,0.312,0.281,7701.3,77,11.9,87.3,68.9,22.5
Lebanon,LBN,2009,Middle East,0.467,0.273,0.253,0.368,0.295,8375.5,77.3,11.6,87.5,71.1,30.1
Lebanon,LBN,2010,Middle East,0.466,0.271,0.25,0.374,0.294,8955.5,77.5,11.4,87.6,70.6,43.7
Lebanon,LBN,2011,Middle East,0.479,0.277,0.256,0.371,0.301,8936.2,77.8,11.2,87.8,73.8,52
Lebanon,LBN,2012,Middle East,0.477,0.282,0.254,0.368,0.294,8920.8,77.9,11.1,88,72.2,61.2
Lebanon,LBN,2013,Middle East,0.486,0.301,0.267,0.366,0.304,8443.5,78,11.1,88.2,71.2,70.5
Lebanon,LBN,2014,Middle East,0.486,0.302,0.264,0.365,0.302,7830.4,78.1,11.2,88.4,59.3,73
Lebanon,LBN,2015,Middle East,0.48,0.295,0.262,0.378,0.301,7714.1,78.3,11.3,88.6,58.1,74
Lebanon,LBN,2016,Middle East,0.479,0.296,0.274,0.384,0.305,8019.1,78.3,11.5,88.8,59.5,76.1
Lebanon,LBN,2017,Middle East,0.47,0.294,0.257,0.321,0.256,8305.6,78.2,11.8,89.1,63.1,78.2
Lebanon,LBN,2018,Middle East,0.44,0.282,0.239,0.29,0.242,8388.7,78.3,12.2,89.3,64.2,80.9
Lebanon,LBN,2019,Middle East,0.429,0.276,0.238,0.306,0.238,8064,78.2,12.6,89.5,65.3,81.5
Lebanon,LBN,2020,Middle East,0.436,0.274,0.246,0.303,0.223,6440.8,76.3,13.1,89.7,65.9,82.1
Lebanon,LBN,2021,Middle East,0.433,0.262,0.24,0.315,0.26,5973.4,73.7,13.6,90,67.5,82.7
Lebanon,LBN,2022,Middle East,0.405,0.25,0.234,0.294,0.253,5909,78,14.2,90.2,64.5,81.5
Lebanon,LBN,2023,Middle East,0.361,0.234,0.218,0.27,0.224,5834.6,77.8,14.7,90.5,62.8,81.7
Lesotho,LSO,1990,Africa,0.159,0.18,0.074,0.077,0.191,533.8,59.3,75.9,12.9,24.4,0
Lesotho,LSO,1991,Africa,0.158,0.154,0.074,0.087,0.201,560.9,59.1,75.1,13.6,23.8,NA
Lesotho,LSO,1992,Africa,0.158,0.157,0.074,0.088,0.202,590,58.6,74.8,14.3,24.9,NA
Lesotho,LSO,1993,Africa,0.501,0.36,0.219,0.316,0.412,601.6,58.1,74.8,15,25.6,NA
Lesotho,LSO,1994,Africa,0.469,0.333,0.206,0.298,0.39,629,57.3,75.1,15.8,27.6,NA
Lesotho,LSO,1995,Africa,0.314,0.256,0.142,0.217,0.292,641.8,56.4,75.3,16.5,28.8,NA
Lesotho,LSO,1996,Africa,0.314,0.258,0.142,0.217,0.292,670.5,55.1,75.1,17.1,28.4,0
Lesotho,LSO,1997,Africa,0.314,0.258,0.163,0.217,0.292,689.8,53.7,74.8,17.7,29.3,0
Lesotho,LSO,1998,Africa,0.371,0.288,0.188,0.246,0.328,696.9,52,74.3,18.2,28.7,0
Lesotho,LSO,1999,Africa,0.315,0.26,0.164,0.223,0.294,698.4,50.4,74.4,18.8,28.8,0.1
Lesotho,LSO,2000,Africa,0.315,0.259,0.164,0.224,0.3,725.3,48.8,74.8,19.3,28.8,0.2
Lesotho,LSO,2001,Africa,0.315,0.259,0.164,0.224,0.3,752.2,47.2,75.5,19.9,30.3,0.3
Lesotho,LSO,2002,Africa,0.496,0.377,0.244,0.322,0.421,760,46,76.4,20.5,31.2,1.1
Lesotho,LSO,2003,Africa,0.614,0.45,0.296,0.393,0.498,798.5,44.9,77.1,21.1,32,1.5
Lesotho,LSO,2004,Africa,0.614,0.449,0.296,0.393,0.498,817.8,44,77.8,21.8,34.4,2.2
Lesotho,LSO,2005,Africa,0.614,0.452,0.363,0.393,0.498,854,43.6,78.9,22.5,36.8,2.6
Lesotho,LSO,2006,Africa,0.614,0.451,0.363,0.393,0.498,893.8,43.2,79.6,23.3,38.4,3
Lesotho,LSO,2007,Africa,0.568,0.419,0.334,0.363,0.463,927.3,43.7,79,24.2,41.6,3.4
Lesotho,LSO,2008,Africa,0.561,0.415,0.33,0.358,0.458,971.9,44.3,83.9,25.2,44.8,3.6
Lesotho,LSO,2009,Africa,0.559,0.413,0.33,0.357,0.456,952.7,45.1,77.6,26.3,49.2,3.7
Lesotho,LSO,2010,Africa,0.566,0.425,0.331,0.378,0.465,995.2,46,73.6,27.4,54.2,3.9
Lesotho,LSO,2011,Africa,0.574,0.43,0.338,0.381,0.472,1032,46.9,70.9,28.6,57,7
Lesotho,LSO,2012,Africa,0.582,0.453,0.342,0.42,0.478,1086.4,48.2,71,29.9,59.1,10
Lesotho,LSO,2013,Africa,0.619,0.477,0.374,0.454,0.503,1094,49.5,71.4,31.2,57.8,15
Lesotho,LSO,2014,Africa,0.621,0.48,0.375,0.458,0.504,1100,50.8,70.3,32.6,58.3,22
Lesotho,LSO,2015,Africa,0.597,0.445,0.36,0.441,0.485,1121.2,51.8,69,34.1,59.4,25
Lesotho,LSO,2016,Africa,0.576,0.424,0.347,0.426,0.47,1147.6,52.9,68.2,35.5,56.8,32.5
Lesotho,LSO,2017,Africa,0.501,0.372,0.318,0.374,0.421,1097.8,53.9,68,36.5,59.4,39
Lesotho,LSO,2018,Africa,0.601,0.441,0.38,0.46,0.474,1068.4,54.6,65.2,37.6,NA,40.8
Lesotho,LSO,2019,Africa,0.621,0.488,0.384,0.489,0.477,1041,55.2,63.5,38.6,NA,42.3
Lesotho,LSO,2020,Africa,0.627,0.505,0.387,0.518,0.493,944.8,55.1,62.1,39.6,NA,43.7
Lesotho,LSO,2021,Africa,0.616,0.498,0.384,0.467,0.488,955.2,54.2,61.1,40.7,NA,45.1
Lesotho,LSO,2022,Africa,0.648,0.509,0.406,0.5,0.515,967.5,56.8,59.9,41.7,NA,48.1
Lesotho,LSO,2023,Africa,0.667,0.521,0.412,0.512,0.508,973.1,57.4,58.4,42.7,NA,49
Liberia,LBR,1990,Africa,0.167,0.063,0.112,0.092,0.142,754.1,37.6,170.9,43.3,NA,0
Liberia,LBR,1991,Africa,0.198,0.177,0.129,0.212,0.156,735.2,43.6,172.3,58,NA,NA
Liberia,LBR,1992,Africa,0.198,0.179,0.129,0.212,0.157,450.5,43.6,171.9,56.4,NA,NA
Liberia,LBR,1993,Africa,0.202,0.18,0.139,0.213,0.157,290.4,43,169.8,52.7,NA,NA
Liberia,LBR,1994,Africa,0.169,0.159,0.126,0.196,0.149,227.7,42.6,166.1,48.3,NA,NA
Liberia,LBR,1995,Africa,0.166,0.143,0.125,0.192,0.15,216.1,44.6,161,44.5,NA,NA
Liberia,LBR,1996,Africa,0.15,0.117,0.12,0.187,0.141,235.4,44.9,155.1,43,NA,NA
Liberia,LBR,1997,Africa,0.241,0.129,0.136,0.205,0.156,449.3,48.3,148.3,43,NA,0
Liberia,LBR,1998,Africa,0.348,0.161,0.167,0.218,0.191,528.7,49.4,141,43.2,NA,0
Liberia,LBR,1999,Africa,0.346,0.159,0.167,0.217,0.19,609,50.4,133.4,43.4,29.9,0
Liberia,LBR,2000,Africa,0.346,0.161,0.165,0.216,0.193,754.9,51.9,125.5,43.8,34.1,0
Liberia,LBR,2001,Africa,0.343,0.16,0.163,0.215,0.191,754.4,53.1,117.5,44.2,NA,0
Liberia,LBR,2002,Africa,0.343,0.158,0.163,0.215,0.191,762.7,54.1,109.5,44.6,NA,0
Liberia,LBR,2003,Africa,0.303,0.149,0.151,0.202,0.178,528.6,53,102,45,NA,0
Liberia,LBR,2004,Africa,0.239,0.244,0.153,0.253,0.194,536,55.9,95,45.4,NA,0
Liberia,LBR,2005,Africa,0.276,0.267,0.17,0.298,0.217,539.7,56.8,89,45.9,NA,0.6
Liberia,LBR,2006,Africa,0.643,0.498,0.346,0.582,0.407,551.4,57.5,83.8,46.2,NA,0.5
Liberia,LBR,2007,Africa,0.655,0.506,0.352,0.598,0.414,574.6,58.1,79.8,46.6,NA,0.6
Liberia,LBR,2008,Africa,0.655,0.506,0.352,0.599,0.417,591.2,58.7,76.5,47.1,NA,0.5
Liberia,LBR,2009,Africa,0.657,0.507,0.353,0.599,0.416,603.3,59.1,73.8,47.6,NA,2
Liberia,LBR,2010,Africa,0.649,0.489,0.35,0.593,0.41,621.8,59.4,71.7,48.1,NA,2.3
Liberia,LBR,2011,Africa,0.646,0.487,0.359,0.59,0.408,646.9,59.5,69.9,48.7,43.6,2.5
Liberia,LBR,2012,Africa,0.64,0.482,0.354,0.586,0.405,674.4,59.8,68.3,49.2,NA,2.6
Liberia,LBR,2013,Africa,0.618,0.456,0.345,0.529,0.398,717,60,67,49.7,NA,3.2
Liberia,LBR,2014,Africa,0.611,0.45,0.34,0.523,0.393,707.2,59.2,68,50.2,36.8,5.4
Liberia,LBR,2015,Africa,0.611,0.451,0.34,0.522,0.392,692.6,59.2,65.1,50.7,36.4,10
Liberia,LBR,2016,Africa,0.615,0.452,0.343,0.526,0.397,668,60.5,64.2,51.3,NA,15.7
Liberia,LBR,2017,Africa,0.62,0.459,0.339,0.494,0.408,671.3,60.8,63.7,51.8,NA,16.3
Liberia,LBR,2018,Africa,0.621,0.425,0.339,0.496,0.408,665.9,61,63.4,52.3,NA,17.3
Liberia,LBR,2019,Africa,0.623,0.412,0.335,0.491,0.413,636.7,61.2,63.3,52.9,NA,19.9
Liberia,LBR,2020,Africa,0.633,0.419,0.344,0.508,0.416,605,61.3,63.4,53.4,37.7,22.9
Liberia,LBR,2021,Africa,0.616,0.408,0.334,0.492,0.408,621.9,61.2,63.5,53.9,NA,26.4
Liberia,LBR,2022,Africa,0.618,0.409,0.335,0.49,0.409,638,61.9,63.6,54.5,NA,30.4
Liberia,LBR,2023,Africa,0.624,0.421,0.338,0.515,0.407,653.3,62.2,63.6,55,NA,31.2
Libya,LBY,1990,Middle East,0.072,0.048,0.044,0.023,0.125,11085.9,69.3,31.8,80.6,NA,0
Libya,LBY,1991,Middle East,0.072,0.048,0.044,0.023,0.125,12541.7,69.6,30.1,81.4,NA,NA
Libya,LBY,1992,Middle East,0.072,0.048,0.044,0.023,0.125,11949.2,70,28.7,82.2,NA,NA
Libya,LBY,1993,Middle East,0.072,0.048,0.044,0.023,0.125,11274.3,70.2,27.4,82.9,NA,NA
Libya,LBY,1994,Middle East,0.072,0.048,0.044,0.023,0.125,11280.4,70.5,26.2,83.6,NA,NA
Libya,LBY,1995,Middle East,0.072,0.048,0.044,0.046,0.125,10839.3,70.6,25.2,84.3,NA,NA
Libya,LBY,1996,Middle East,0.072,0.048,0.044,0.046,0.125,10891.8,70.7,24.2,84.9,NA,NA
Libya,LBY,1997,Middle East,0.072,0.048,0.044,0.046,0.125,11284.8,70.7,23.4,85.5,NA,NA
Libya,LBY,1998,Middle East,0.072,0.048,0.044,0.046,0.125,10722.9,70.7,22.7,86,NA,NA
Libya,LBY,1999,Middle East,0.072,0.048,0.044,0.046,0.125,10643.1,70.6,22.1,86.5,NA,0.1
Libya,LBY,2000,Middle East,0.072,0.048,0.044,0.046,0.125,10853.8,70.5,21.5,87,NA,0.2
Libya,LBY,2001,Middle East,0.072,0.048,0.044,0.046,0.125,10467.9,70.7,20.9,87.3,NA,0.4
Libya,LBY,2002,Middle East,0.072,0.048,0.044,0.046,0.125,10170.3,70.8,20.3,87.6,110.6,2.2
Libya,LBY,2003,Middle East,0.072,0.045,0.044,0.046,0.125,11267.1,71,19.6,87.9,106.8,2.8
Libya,LBY,2004,Middle East,0.072,0.045,0.044,0.046,0.125,11529.1,71.2,18.8,88,NA,3.5
Libya,LBY,2005,Middle East,0.072,0.045,0.044,0.039,0.125,12628.9,71.4,17.9,88.1,93.7,3.9
Libya,LBY,2006,Middle East,0.072,0.045,0.044,0.039,0.125,13176.8,71.6,16.8,88.2,97.6,4.3
Libya,LBY,2007,Middle East,0.072,0.045,0.044,0.039,0.125,13713,71.8,15.7,88.2,NA,4.7
Libya,LBY,2008,Middle East,0.072,0.045,0.044,0.039,0.125,13403,71.9,14.6,88.1,NA,9
Libya,LBY,2009,Middle East,0.071,0.044,0.043,0.038,0.124,12549.1,72.1,13.7,88.1,NA,10.8
Libya,LBY,2010,Middle East,0.071,0.045,0.042,0.041,0.124,12913.9,72.2,13,88.1,NA,14
Libya,LBY,2011,Middle East,0.175,0.061,0.099,0.184,0.166,6569.6,70,13.9,88.1,NA,14
Libya,LBY,2012,Middle East,0.329,0.21,0.22,0.303,0.259,12599.3,72.2,11.9,88.1,NA,15.2
Libya,LBY,2013,Middle East,0.54,0.3,0.315,0.4,0.306,10126.3,72.3,11.4,88,NA,16.5
Libya,LBY,2014,Middle East,0.28,0.175,0.178,0.234,0.185,7644.2,71.3,10.9,88,NA,17.8
Libya,LBY,2015,Middle East,0.285,0.172,0.179,0.232,0.198,7458.5,71.6,10.6,87.8,NA,25
Libya,LBY,2016,Middle East,0.285,0.17,0.181,0.232,0.198,7236.2,71.8,10.2,87.8,NA,35
Libya,LBY,2017,Middle East,0.273,0.167,0.167,0.228,0.182,9435.6,72.7,9.8,87.8,NA,47.5
Libya,LBY,2018,Middle East,0.268,0.153,0.164,0.24,0.177,10020.9,73.2,9.5,87.8,NA,47.5
Libya,LBY,2019,Middle East,0.263,0.148,0.162,0.232,0.18,8768.4,72.9,9.2,87.8,NA,71.4
Libya,LBY,2020,Middle East,0.266,0.145,0.163,0.233,0.17,6102.8,72.4,9,87.8,NA,74.4
Libya,LBY,2021,Middle East,0.216,0.129,0.156,0.215,0.137,7731.4,72.1,8.7,87.8,NA,77.4
Libya,LBY,2022,Middle East,0.206,0.108,0.155,0.227,0.127,7002.7,74.5,8.4,87.8,NA,80.6
Libya,LBY,2023,Middle East,0.196,0.105,0.152,0.224,0.13,7630.5,69.3,16.3,87.9,NA,82.1
Lithuania,LTU,1990,Eastern Europe,0.797,0.729,0.488,0.682,0.689,8333.4,71.2,11.8,67.7,NA,0
Lithuania,LTU,1991,Eastern Europe,0.791,0.714,0.5,0.665,0.685,7847,70.4,13.1,67.6,NA,NA
Lithuania,LTU,1992,Eastern Europe,0.799,0.731,0.598,0.673,0.691,6185.5,70.2,14.2,67.6,NA,NA
Lithuania,LTU,1993,Eastern Europe,0.811,0.741,0.602,0.675,0.701,5206.4,68.9,14.3,67.5,NA,NA
Lithuania,LTU,1994,Eastern Europe,0.828,0.757,0.619,0.691,0.717,4730.7,68.5,13.3,67.4,NA,NA
Lithuania,LTU,1995,Eastern Europe,0.828,0.757,0.619,0.697,0.717,4924.1,69,12,67.3,NA,NA
Lithuania,LTU,1996,Eastern Europe,0.824,0.753,0.615,0.7,0.713,5211.1,70.1,10.8,67.3,NA,0.3
Lithuania,LTU,1997,Eastern Europe,0.827,0.758,0.613,0.703,0.726,5685.4,70.9,9.9,67.2,NA,1
Lithuania,LTU,1998,Eastern Europe,0.824,0.754,0.607,0.703,0.728,6154.2,71.2,9.3,67.1,NA,2
Lithuania,LTU,1999,Eastern Europe,0.827,0.756,0.604,0.706,0.731,6130,71.6,8.9,67,NA,2.9
Lithuania,LTU,2000,Eastern Europe,0.822,0.759,0.611,0.705,0.727,6384.3,72,8.6,67,NA,6.4
Lithuania,LTU,2001,Eastern Europe,0.816,0.757,0.596,0.709,0.732,6854.5,71.7,8.2,66.9,99.6,7.2
Lithuania,LTU,2002,Eastern Europe,0.816,0.757,0.595,0.713,0.732,7374.1,71.8,7.9,66.9,102.3,17.7
Lithuania,LTU,2003,Eastern Europe,0.814,0.752,0.6,0.711,0.735,8218.7,72.1,7.7,66.8,105,25.9
Lithuania,LTU,2004,Eastern Europe,0.819,0.759,0.599,0.717,0.74,8851.9,72,7.5,66.6,103,31.2
Lithuania,LTU,2005,Eastern Europe,0.822,0.762,0.593,0.714,0.743,9692.9,71.3,7.3,66.6,104.5,36.2
Lithuania,LTU,2006,Eastern Europe,0.822,0.761,0.585,0.732,0.742,10577.2,71.1,6.9,66.6,107,43.9
Lithuania,LTU,2007,Eastern Europe,0.822,0.762,0.579,0.746,0.742,11889.4,70.9,6.5,66.7,106.9,49.9
Lithuania,LTU,2008,Eastern Europe,0.824,0.765,0.595,0.748,0.745,12324.5,71.8,6,66.8,106.1,55.2
Lithuania,LTU,2009,Eastern Europe,0.846,0.788,0.61,0.733,0.764,10612.9,72.9,5.4,66.8,104.8,59.8
Lithuania,LTU,2010,Eastern Europe,0.85,0.794,0.612,0.736,0.766,10884.1,73.3,4.9,66.8,105.1,62.1
Lithuania,LTU,2011,Eastern Europe,0.847,0.791,0.608,0.733,0.765,11836.7,73.6,4.6,66.8,106,63.6
Lithuania,LTU,2012,Eastern Europe,0.839,0.783,0.601,0.726,0.745,12516.6,73.9,4.3,66.9,106.2,67.2
Lithuania,LTU,2013,Eastern Europe,0.826,0.771,0.59,0.717,0.741,13145.8,73.9,4.2,67,108.8,68.5
Lithuania,LTU,2014,Eastern Europe,0.829,0.773,0.632,0.73,0.742,13753.2,74.5,4.2,67.2,107.7,72.1
Lithuania,LTU,2015,Eastern Europe,0.836,0.78,0.639,0.737,0.747,14269.8,74.3,4.1,67.2,107,71.4
Lithuania,LTU,2016,Eastern Europe,0.825,0.772,0.626,0.678,0.737,14823.1,74.7,4,67.2,106.4,74.4
Lithuania,LTU,2017,Eastern Europe,0.808,0.753,0.61,0.642,0.7,15696,75.5,3.7,67.1,107.2,77.6
Lithuania,LTU,2018,Eastern Europe,0.818,0.754,0.62,0.616,0.706,16604.9,75.7,3.5,67.1,106.9,79.7
Lithuania,LTU,2019,Eastern Europe,0.817,0.756,0.632,0.663,0.709,17431.7,76.3,3.3,67.2,106.8,81.6
Lithuania,LTU,2020,Eastern Europe,0.802,0.745,0.609,0.665,0.697,17443.7,75,3.1,67.4,106.8,83.1
Lithuania,LTU,2021,Eastern Europe,0.793,0.732,0.592,0.651,0.689,18572.3,74,3,68.2,105.7,86.9
Lithuania,LTU,2022,Eastern Europe,0.793,0.734,0.585,0.651,0.686,18873.8,75.6,2.9,68.3,106.9,87.7
Lithuania,LTU,2023,Eastern Europe,0.785,0.724,0.574,0.651,0.683,18748.9,77.3,2.9,68.6,105.4,88.5
Luxembourg,LUX,1990,The West,0.868,0.785,0.588,0.796,0.816,66030.6,74.8,7.3,80.9,NA,0
Luxembourg,LUX,1991,The West,0.868,0.785,0.588,0.796,0.816,70783.8,75.5,6.9,81,NA,NA
Luxembourg,LUX,1992,The West,0.868,0.785,0.588,0.796,0.816,71120.8,75.8,6.5,81.2,NA,0.2
Luxembourg,LUX,1993,The West,0.868,0.785,0.588,0.796,0.816,73120.2,75.7,6.1,81.5,NA,0.3
Luxembourg,LUX,1994,The West,0.868,0.785,0.588,0.795,0.815,74887.2,76.4,5.7,81.8,NA,0.5
Luxembourg,LUX,1995,The West,0.867,0.784,0.587,0.795,0.814,74900.1,76.5,5.3,82.2,NA,1.6
Luxembourg,LUX,1996,The West,0.867,0.784,0.587,0.795,0.814,74920.6,76.5,5,82.6,NA,5.6
Luxembourg,LUX,1997,The West,0.867,0.784,0.587,0.795,0.814,77997.2,76.9,4.7,83.1,NA,7.1
Luxembourg,LUX,1998,The West,0.867,0.784,0.587,0.795,0.814,82174.4,77,4.4,83.5,NA,11.7
Luxembourg,LUX,1999,The West,0.868,0.785,0.589,0.796,0.815,87700.5,77.8,4.2,84,NA,17.4
Luxembourg,LUX,2000,The West,0.869,0.787,0.59,0.811,0.816,92533.1,77.9,3.9,84.4,NA,22.9
Luxembourg,LUX,2001,The West,0.869,0.787,0.59,0.811,0.816,94249.2,77.8,3.7,84.8,95.7,36.2
Luxembourg,LUX,2002,The West,0.869,0.787,0.59,0.811,0.816,96275,78,3.5,85.2,95.4,39.8
Luxembourg,LUX,2003,The West,0.869,0.787,0.59,0.811,0.816,97603.4,77.7,3.3,85.6,94.9,54.5
Luxembourg,LUX,2004,The West,0.869,0.787,0.59,0.811,0.817,100297,79.1,3.1,86,94.2,65.9
Luxembourg,LUX,2005,The West,0.87,0.787,0.633,0.812,0.817,101226.1,79.4,2.9,86.4,93.8,70
Luxembourg,LUX,2006,The West,0.87,0.787,0.633,0.812,0.817,105618.3,79.3,2.7,86.8,94.2,72.5
Luxembourg,LUX,2007,The West,0.87,0.787,0.633,0.812,0.817,112422.1,79.4,2.6,87.2,94.9,78.9
Luxembourg,LUX,2008,The West,0.87,0.787,0.633,0.812,0.817,110096.7,80.5,2.5,87.6,95.8,82.2
Luxembourg,LUX,2009,The West,0.871,0.79,0.636,0.814,0.82,104576.1,80.6,2.4,88,NA,87.3
Luxembourg,LUX,2010,The West,0.872,0.792,0.634,0.818,0.822,106545.9,80.6,2.4,88.5,100.1,90.6
Luxembourg,LUX,2011,The West,0.872,0.792,0.632,0.818,0.822,105292,81,2.3,89,100.4,90
Luxembourg,LUX,2012,The West,0.872,0.792,0.629,0.818,0.822,104489.3,81.4,2.2,89.4,100.6,91.9
Luxembourg,LUX,2013,The West,0.873,0.792,0.627,0.826,0.822,105340.4,81.8,2.2,89.9,103.5,93.8
Luxembourg,LUX,2014,The West,0.874,0.793,0.623,0.826,0.823,105585.4,82.2,2.2,90.5,104.6,94.7
Luxembourg,LUX,2015,The West,0.874,0.793,0.632,0.826,0.823,105462,82.3,2.1,91,104.4,96.4
Luxembourg,LUX,2016,The West,0.874,0.793,0.632,0.826,0.823,108351.5,82.7,2.1,91.5,106.1,98.1
Luxembourg,LUX,2017,The West,0.874,0.793,0.632,0.826,0.823,107142.1,82.1,2.1,92.1,106.8,97.4
Luxembourg,LUX,2018,The West,0.874,0.793,0.631,0.826,0.822,106788.7,82.3,2.1,92.7,107,97.1
Luxembourg,LUX,2019,The West,0.872,0.788,0.629,0.824,0.819,107591.9,82.6,2,93.3,106.9,97.1
Luxembourg,LUX,2020,The West,0.872,0.786,0.617,0.827,0.806,105274.2,82.1,2,93.9,107.1,98.5
Luxembourg,LUX,2021,The West,0.872,0.785,0.614,0.827,0.811,110873.1,82.6,2,94.6,106.5,98.7
Luxembourg,LUX,2022,The West,0.872,0.788,0.572,0.827,0.811,107467.1,82.9,2,94.8,107.8,98.2
Luxembourg,LUX,2023,The West,0.871,0.789,0.567,0.829,0.807,105422.8,83.3,1.9,94.8,107.7,99.3
Madagascar,MDG,1990,Africa,0.232,0.11,0.151,0.087,0.129,538.5,52.1,91.2,21.9,17.2,0
Madagascar,MDG,1991,Africa,0.25,0.14,0.17,0.117,0.14,489.7,52.6,88.6,22.2,NA,NA
Madagascar,MDG,1992,Africa,0.282,0.148,0.203,0.153,0.153,480.8,52.9,86.1,22.5,NA,NA
Madagascar,MDG,1993,Africa,0.442,0.252,0.28,0.216,0.214,476.2,53.7,83.8,22.9,NA,NA
Madagascar,MDG,1994,Africa,0.555,0.372,0.334,0.266,0.263,461.4,54.2,81.4,23.2,NA,NA
Madagascar,MDG,1995,Africa,0.555,0.357,0.334,0.266,0.266,454.5,54.8,78.9,23.5,NA,NA
Madagascar,MDG,1996,Africa,0.548,0.351,0.34,0.263,0.262,449.6,55.5,76.4,23.8,NA,0
Madagascar,MDG,1997,Africa,0.51,0.279,0.319,0.245,0.244,451.3,56.1,73.7,24.1,NA,0
Madagascar,MDG,1998,Africa,0.507,0.271,0.317,0.242,0.243,453.9,56.8,70.9,24.4,NA,0.1
Madagascar,MDG,1999,Africa,0.503,0.272,0.316,0.24,0.241,460,57.4,68.1,24.7,NA,0.2
Madagascar,MDG,2000,Africa,0.5,0.272,0.313,0.24,0.239,465.5,58,65.4,25,NA,0.2
Madagascar,MDG,2001,Africa,0.494,0.27,0.31,0.242,0.247,478.4,58.7,62.9,25.3,NA,0.2
Madagascar,MDG,2002,Africa,0.432,0.245,0.278,0.26,0.217,406.7,59.2,60.5,25.6,NA,0.3
Madagascar,MDG,2003,Africa,0.495,0.267,0.31,0.289,0.24,433.6,59.7,58.3,25.9,NA,0.4
Madagascar,MDG,2004,Africa,0.495,0.269,0.308,0.289,0.24,443.3,60.2,56.2,26.2,NA,0.5
Madagascar,MDG,2005,Africa,0.495,0.269,0.307,0.289,0.24,451,60.7,54.1,26.5,20.3,0.6
Madagascar,MDG,2006,Africa,0.487,0.267,0.3,0.286,0.237,461.5,61.1,52.2,26.8,22.9,0.6
Madagascar,MDG,2007,Africa,0.495,0.274,0.311,0.285,0.242,473.8,61.5,50.3,27,25.2,0.6
Madagascar,MDG,2008,Africa,0.504,0.277,0.315,0.289,0.254,491,62,48.7,27.3,27.5,1.6
Madagascar,MDG,2009,Africa,0.272,0.101,0.165,0.144,0.131,457.8,62.3,47.3,27.6,28.6,1.6
Madagascar,MDG,2010,Africa,0.221,0.079,0.145,0.084,0.114,447.4,62.6,46.2,27.9,NA,1.7
Madagascar,MDG,2011,Africa,0.221,0.101,0.145,0.084,0.115,441.8,62.9,45.2,28.1,34.1,1.9
Madagascar,MDG,2012,Africa,0.222,0.1,0.145,0.084,0.117,442.6,63,44.5,28.4,35.4,2.3
Madagascar,MDG,2013,Africa,0.246,0.125,0.178,0.084,0.126,440.7,63.2,44.1,28.7,NA,3
Madagascar,MDG,2014,Africa,0.463,0.232,0.29,0.202,0.223,443.3,63.3,43.8,28.9,35.8,3.7
Madagascar,MDG,2015,Africa,0.476,0.258,0.301,0.269,0.238,445.3,63.4,43.6,29.2,36.1,4.2
Madagascar,MDG,2016,Africa,0.48,0.258,0.301,0.273,0.24,451.2,63.4,43.6,29.4,36.1,4.7
Madagascar,MDG,2017,Africa,0.478,0.26,0.302,0.276,0.239,456.9,63.4,43.7,29.7,34.8,6.4
Madagascar,MDG,2018,Africa,0.481,0.268,0.297,0.29,0.232,459.3,63.5,43.9,29.9,34.6,7.7
Madagascar,MDG,2019,Africa,0.478,0.248,0.285,0.254,0.214,467.3,63.5,44.1,30.3,32.8,9.4
Madagascar,MDG,2020,Africa,0.486,0.246,0.285,0.241,0.213,422.9,62.7,44.3,30.7,NA,11.4
Madagascar,MDG,2021,Africa,0.479,0.237,0.282,0.236,0.207,431.6,62.5,44.4,31.1,34.1,13.7
Madagascar,MDG,2022,Africa,0.477,0.237,0.28,0.236,0.206,438.4,63.1,44.1,31.5,NA,17.8
Madagascar,MDG,2023,Africa,0.461,0.225,0.266,0.221,0.201,445.9,63.6,43.7,32,NA,18.2
Malawi,MWI,1990,Africa,0.167,0.077,0.056,0.047,0.12,353.8,43.6,134,11.6,17.4,0
Malawi,MWI,1991,Africa,0.167,0.078,0.056,0.047,0.12,373,43.5,130.5,12,17.5,NA
Malawi,MWI,1992,Africa,0.188,0.084,0.059,0.072,0.125,335.7,43.6,126.4,12.4,19.6,NA
Malawi,MWI,1993,Africa,0.252,0.11,0.084,0.156,0.154,362.9,43.6,122.6,12.9,17.8,NA
Malawi,MWI,1994,Africa,0.463,0.299,0.181,0.352,0.248,329.6,43.8,119.1,13.3,15.7,NA
Malawi,MWI,1995,Africa,0.566,0.432,0.275,0.44,0.343,385.3,43.8,115.8,13.6,23.4,NA
Malawi,MWI,1996,Africa,0.567,0.439,0.276,0.444,0.343,405.4,44,113.6,14,24.2,NA
Malawi,MWI,1997,Africa,0.567,0.439,0.276,0.444,0.343,412.4,44.2,111.7,14.2,NA,0
Malawi,MWI,1998,Africa,0.567,0.439,0.276,0.444,0.343,419.3,44.3,109,14.4,31.7,0
Malawi,MWI,1999,Africa,0.512,0.401,0.247,0.403,0.311,422.1,45.1,104.5,14.6,36.4,0.1
Malawi,MWI,2000,Africa,0.478,0.379,0.286,0.347,0.303,418.6,46.2,98.9,14.7,31.1,0.1
Malawi,MWI,2001,Africa,0.478,0.386,0.286,0.347,0.303,388.3,47.2,138.5,14.8,32.2,0.2
Malawi,MWI,2002,Africa,0.478,0.387,0.286,0.347,0.303,385.3,48.2,83.8,14.9,31.3,0.2
Malawi,MWI,2003,Africa,0.478,0.387,0.286,0.34,0.303,397.2,49.6,76.4,15,NA,0.3
Malawi,MWI,2004,Africa,0.459,0.377,0.225,0.36,0.29,408.1,51.1,70.1,15,28.9,0.3
Malawi,MWI,2005,Africa,0.443,0.367,0.225,0.376,0.276,410.3,52.5,65.1,15.1,28.7,0.4
Malawi,MWI,2006,Africa,0.439,0.364,0.224,0.377,0.271,417.9,53.7,61.6,15.2,30.6,0.4
Malawi,MWI,2007,Africa,0.442,0.365,0.222,0.38,0.276,445.3,54.7,59.1,15.2,30.3,1
Malawi,MWI,2008,Africa,0.443,0.367,0.226,0.384,0.275,465.6,55.7,56,15.3,32.7,0.7
Malawi,MWI,2009,Africa,0.5,0.4,0.251,0.418,0.304,489.6,56.7,53.7,15.4,33.4,1.1
Malawi,MWI,2010,Africa,0.514,0.406,0.26,0.386,0.311,508.1,57.8,51.5,15.5,33.7,2.3
Malawi,MWI,2011,Africa,0.521,0.41,0.26,0.391,0.316,517.8,58.9,48,15.6,34.7,3.3
Malawi,MWI,2012,Africa,0.536,0.424,0.268,0.432,0.327,512.7,59.9,45.1,15.6,34.8,4.4
Malawi,MWI,2013,Africa,0.56,0.439,0.286,0.45,0.341,525.4,60.8,42.6,15.7,37.8,5.1
Malawi,MWI,2014,Africa,0.547,0.437,0.348,0.434,0.334,539.6,61.7,41.1,15.8,39.5,5.8
Malawi,MWI,2015,Africa,0.54,0.444,0.343,0.433,0.322,539.6,62.3,39.7,15.8,39.7,6
Malawi,MWI,2016,Africa,0.538,0.442,0.342,0.422,0.324,538.2,63.2,39.1,15.9,38.2,6.3
Malawi,MWI,2017,Africa,0.546,0.457,0.355,0.406,0.333,544.8,63.9,38.5,16,39.6,7
Malawi,MWI,2018,Africa,0.528,0.442,0.337,0.404,0.301,553.5,64.5,38,16,38.8,8.8
Malawi,MWI,2019,Africa,0.48,0.413,0.315,0.361,0.269,569.9,65,38.3,16.1,35.5,11.1
Malawi,MWI,2020,Africa,0.534,0.462,0.359,0.453,0.317,559.4,65.2,38.2,16.3,41.5,13.9
Malawi,MWI,2021,Africa,0.603,0.522,0.398,0.493,0.36,570,64.8,38.3,16.5,35.9,15.3
Malawi,MWI,2022,Africa,0.611,0.512,0.388,0.499,0.361,560.6,66,38.6,16.7,35.5,16.8
Malawi,MWI,2023,Africa,0.571,0.479,0.369,0.446,0.32,557,67.4,38.4,17,36.6,18
Malaysia,MYS,1990,Asia,0.26,0.163,0.167,0.175,0.204,4184.8,71,12.4,49,65,0
Malaysia,MYS,1991,Asia,0.259,0.162,0.167,0.172,0.204,4456.9,71.2,11.8,50.5,65.7,NA
Malaysia,MYS,1992,Asia,0.259,0.162,0.167,0.172,0.204,4726.1,71.5,11.3,51.9,66.5,0
Malaysia,MYS,1993,Asia,0.259,0.162,0.167,0.172,0.204,5062.6,71.7,10.8,53.2,65.5,0
Malaysia,MYS,1994,Asia,0.259,0.162,0.167,0.175,0.204,5390.1,71.9,10.4,54.6,65.9,0.1
Malaysia,MYS,1995,Asia,0.258,0.162,0.166,0.178,0.204,5771.4,72,10,55.9,66.2,0.1
Malaysia,MYS,1996,Asia,0.257,0.161,0.166,0.177,0.203,6190.5,72.1,9.7,57.2,68,0.9
Malaysia,MYS,1997,Asia,0.257,0.161,0.166,0.177,0.203,6480.6,72.3,9.3,58.5,68.1,2.3
Malaysia,MYS,1998,Asia,0.257,0.161,0.166,0.177,0.203,5858,72.4,8.8,59.7,79.1,6.8
Malaysia,MYS,1999,Asia,0.266,0.162,0.17,0.18,0.207,6071,72.4,8.1,60.9,77.5,12.3
Malaysia,MYS,2000,Asia,0.277,0.165,0.21,0.183,0.213,6455.6,72.7,7.5,62,76.5,21.4
Malaysia,MYS,2001,Asia,0.281,0.166,0.212,0.185,0.215,6334.9,73.1,7.1,63,75.6,26.7
Malaysia,MYS,2002,Asia,0.281,0.171,0.212,0.185,0.212,6516.9,73.5,6.8,64.1,75,32.3
Malaysia,MYS,2003,Asia,0.286,0.173,0.213,0.205,0.215,6732.9,73.7,6.6,65.1,80.1,35
Malaysia,MYS,2004,Asia,0.309,0.207,0.223,0.24,0.225,7025.3,74,6.5,66.1,80.6,42.3
Malaysia,MYS,2005,Asia,0.311,0.209,0.224,0.24,0.226,7234,74.4,6.5,67,76.3,48.6
Malaysia,MYS,2006,Asia,0.312,0.21,0.224,0.238,0.227,7469.8,74.7,6.5,67.9,75.8,51.6
Malaysia,MYS,2007,Asia,0.314,0.21,0.225,0.239,0.228,7769.6,75,6.5,68.8,74.3,55.7
Malaysia,MYS,2008,Asia,0.328,0.216,0.233,0.253,0.236,7976.1,75.2,6.5,69.5,74.8,55.8
Malaysia,MYS,2009,Asia,0.331,0.218,0.233,0.247,0.237,7700.5,75.3,6.5,70.2,75,55.9
Malaysia,MYS,2010,Asia,0.329,0.216,0.232,0.248,0.232,8118.9,75.4,6.5,70.9,77.2,56.3
Malaysia,MYS,2011,Asia,0.327,0.216,0.231,0.247,0.232,8400.3,75.5,6.5,71.4,77.6,61
Malaysia,MYS,2012,Asia,0.327,0.218,0.231,0.249,0.229,8710.5,75.6,6.5,72,81.2,65.8
Malaysia,MYS,2013,Asia,0.321,0.206,0.231,0.242,0.225,8964.8,75.5,6.5,72.5,80.9,57.1
Malaysia,MYS,2014,Asia,0.323,0.208,0.231,0.243,0.227,9341.7,75.3,6.6,73,83.3,63.7
Malaysia,MYS,2015,Asia,0.325,0.204,0.232,0.244,0.227,9648.7,75.3,6.7,73.4,81.5,71.1
Malaysia,MYS,2016,Asia,0.328,0.202,0.233,0.245,0.227,9901.5,75.4,6.7,73.9,79.8,78.8
Malaysia,MYS,2017,Asia,0.333,0.206,0.227,0.257,0.232,10293.8,75.5,6.7,74.2,78.9,80.1
Malaysia,MYS,2018,Asia,0.444,0.319,0.279,0.336,0.334,10610.2,75.7,6.8,74.6,74.5,81.2
Malaysia,MYS,2019,Asia,0.47,0.338,0.293,0.36,0.348,10903,75.9,6.8,74.8,75.3,84.2
Malaysia,MYS,2020,Asia,0.425,0.307,0.271,0.299,0.324,10171.5,76.1,6.8,75.1,73.2,89.6
Malaysia,MYS,2021,Asia,0.432,0.3,0.272,0.307,0.326,10388.3,73.9,6.8,75.5,75,96.8
Malaysia,MYS,2022,Asia,0.459,0.316,0.273,0.332,0.343,11191.7,75.4,6.9,76,78.8,97.4
Malaysia,MYS,2023,Asia,0.508,0.362,0.306,0.365,0.384,11445.4,76.7,6.9,76.4,79.4,97.7
Maldives,MDV,1990,Asia,0.167,0.059,0.061,0.031,0.153,4582.3,63.1,72.8,25.9,NA,0
Maldives,MDV,1991,Asia,0.16,0.058,0.059,0.03,0.151,4507.2,63.9,69,25.8,NA,0
Maldives,MDV,1992,Asia,0.16,0.058,0.059,0.03,0.151,4672,64.7,65.2,25.7,NA,0
Maldives,MDV,1993,Asia,0.16,0.058,0.06,0.03,0.151,4803.9,65.4,61.4,25.6,NA,0
Maldives,MDV,1994,Asia,0.158,0.057,0.067,0.029,0.15,5053.6,66.2,57.6,25.6,50.5,0
Maldives,MDV,1995,Asia,0.16,0.058,0.068,0.03,0.151,5580.3,67,53.6,25.5,53.1,0
Maldives,MDV,1996,Asia,0.16,0.058,0.068,0.03,0.151,5888.1,67.7,49.6,25.7,56.3,0.2
Maldives,MDV,1997,Asia,0.16,0.058,0.068,0.032,0.151,6254.8,68.5,45.7,26,65.2,0.3
Maldives,MDV,1998,Asia,0.161,0.058,0.069,0.032,0.151,6599.9,69.3,41.7,26.5,34.7,0.6
Maldives,MDV,1999,Asia,0.158,0.057,0.069,0.031,0.15,6889,70.2,37.7,27,40.3,1.1
Maldives,MDV,2000,Asia,0.161,0.057,0.073,0.032,0.147,7037.1,70.9,33.8,27.6,51.4,2.2
Maldives,MDV,2001,Asia,0.162,0.058,0.073,0.046,0.147,6647.7,71.7,30.1,28.5,61,3.6
Maldives,MDV,2002,Asia,0.163,0.055,0.073,0.032,0.146,7012.3,72.4,26.7,29.9,61.4,5.3
Maldives,MDV,2003,Asia,0.171,0.057,0.084,0.034,0.152,7845.3,73.3,23.6,31.4,68,6
Maldives,MDV,2004,Asia,0.175,0.061,0.085,0.078,0.162,8174.4,73,21.9,32.9,67.8,6.6
Maldives,MDV,2005,Asia,0.283,0.117,0.111,0.152,0.235,7141.9,74.8,18.6,34.1,NA,6.9
Maldives,MDV,2006,Asia,0.303,0.126,0.12,0.159,0.244,8620.7,75.3,16.7,34.9,NA,11
Maldives,MDV,2007,Asia,0.308,0.128,0.14,0.16,0.249,8933.2,75.7,15.2,35.4,NA,16.3
Maldives,MDV,2008,Asia,0.459,0.246,0.211,0.309,0.333,9396.5,76,13.9,35.9,NA,23.2
Maldives,MDV,2009,Asia,0.609,0.404,0.274,0.477,0.439,8313.4,76.4,12.8,36.4,NA,24.8
Maldives,MDV,2010,Asia,0.599,0.395,0.305,0.47,0.427,8569.5,76.8,11.9,36.8,70,26.5
Maldives,MDV,2011,Asia,0.6,0.392,0.394,0.469,0.444,9005.8,77.1,11.1,37.1,72.8,34
Maldives,MDV,2012,Asia,0.543,0.333,0.349,0.378,0.407,8907.7,77.5,10.4,37.5,72,38.9
Maldives,MDV,2013,Asia,0.453,0.238,0.287,0.277,0.299,9213.3,77.8,9.8,37.8,68.4,44.1
Maldives,MDV,2014,Asia,0.407,0.209,0.26,0.257,0.276,9612.1,78.2,9.1,38.2,72.9,49.3
Maldives,MDV,2015,Asia,0.38,0.187,0.235,0.23,0.235,9644.9,78.6,8.5,38.6,73.4,54.5
Maldives,MDV,2016,Asia,0.365,0.182,0.224,0.192,0.245,9909.1,78.9,8,39,70,59.5
Maldives,MDV,2017,Asia,0.353,0.178,0.222,0.172,0.251,10263.3,79.2,7.4,39.3,69.7,65
Maldives,MDV,2018,Asia,0.391,0.196,0.237,0.134,0.27,10793.9,79.4,6.9,39.7,68.6,70.9
Maldives,MDV,2019,Asia,0.57,0.41,0.322,0.434,0.394,11194.9,79.7,6.4,40,68.1,77.5
Maldives,MDV,2020,Asia,0.581,0.429,0.324,0.442,0.401,7295.6,78.7,6,40.4,69.9,79.1
Maldives,MDV,2021,Asia,0.582,0.424,0.328,0.444,0.407,9759.2,78.1,5.6,40.7,NA,82
Maldives,MDV,2022,Asia,0.586,0.436,0.332,0.447,0.385,10940,80.8,5.3,41.1,73.5,83.9
Maldives,MDV,2023,Asia,0.596,0.453,0.335,0.472,0.396,11439.5,81,5,41.5,79.4,84.6
Mali,MLI,1990,Africa,0.202,0.145,0.104,0.134,0.173,589.8,46.5,124.7,16.6,6.3,0
Mali,MLI,1991,Africa,0.21,0.154,0.133,0.192,0.191,651.4,46.9,122.6,16.8,6.7,NA
Mali,MLI,1992,Africa,0.473,0.344,0.334,0.427,0.341,606.1,47.2,120.8,17,7.6,NA
Mali,MLI,1993,Africa,0.594,0.426,0.413,0.5,0.395,619.4,47.6,119.1,17.2,7.6,NA
Mali,MLI,1994,Africa,0.594,0.426,0.413,0.5,0.395,640.1,47.9,117.4,17.4,8.7,NA
Mali,MLI,1995,Africa,0.594,0.422,0.413,0.5,0.397,630.9,48.3,115.6,17.6,9.7,NA
Mali,MLI,1996,Africa,0.594,0.422,0.417,0.5,0.399,656.8,48.5,113.6,17.8,10.2,0
Mali,MLI,1997,Africa,0.55,0.392,0.387,0.457,0.371,668.5,49.1,111.4,18.1,11.1,0
Mali,MLI,1998,Africa,0.519,0.366,0.365,0.434,0.354,695.1,49.6,108.9,18.4,12,0
Mali,MLI,1999,Africa,0.519,0.366,0.363,0.434,0.354,707.9,50.1,106.1,18.7,13.6,0.1
Mali,MLI,2000,Africa,0.519,0.37,0.361,0.434,0.354,682.5,50.6,103.1,19,15.7,0.1
Mali,MLI,2001,Africa,0.519,0.37,0.36,0.434,0.354,767,51.3,99.9,19.3,NA,0.2
Mali,MLI,2002,Africa,0.601,0.403,0.41,0.493,0.404,766.1,52,96.8,19.7,NA,0.2
Mali,MLI,2003,Africa,0.624,0.416,0.424,0.511,0.419,814.8,52.6,93.8,20.1,19.8,0.3
Mali,MLI,2004,Africa,0.624,0.416,0.422,0.511,0.419,800.5,53.3,91,20.5,21.5,0.4
Mali,MLI,2005,Africa,0.624,0.416,0.42,0.511,0.419,794.4,53.8,88.3,20.9,23.3,0.5
Mali,MLI,2006,Africa,0.625,0.418,0.419,0.51,0.421,797.1,54.3,85.8,21.3,25.2,0.7
Mali,MLI,2007,Africa,0.618,0.413,0.411,0.504,0.416,784.9,54.8,83.4,21.7,27.7,0.8
Mali,MLI,2008,Africa,0.608,0.406,0.404,0.495,0.409,787.2,55.2,81.1,22.2,31,1.6
Mali,MLI,2009,Africa,0.61,0.406,0.401,0.496,0.409,803.5,55.6,78.9,22.7,34,1.8
Mali,MLI,2010,Africa,0.608,0.405,0.399,0.494,0.408,821.2,56,76.7,23.1,36.7,2
Mali,MLI,2011,Africa,0.611,0.407,0.4,0.5,0.41,818.4,56.4,74.5,23.6,38.7,2.2
Mali,MLI,2012,Africa,0.355,0.233,0.262,0.335,0.27,786.3,56.7,72.4,24.2,NA,2.8
Mali,MLI,2013,Africa,0.328,0.194,0.225,0.309,0.239,788.8,57.1,70.3,24.7,39.3,3.5
Mali,MLI,2014,Africa,0.54,0.327,0.328,0.449,0.348,814,57.5,68.2,25.3,41.2,7
Mali,MLI,2015,Africa,0.543,0.349,0.327,0.446,0.348,838.1,57.9,66.1,25.8,39,10.3
Mali,MLI,2016,Africa,0.543,0.349,0.327,0.451,0.35,860.8,58.3,64,26.4,40.1,14
Mali,MLI,2017,Africa,0.54,0.328,0.326,0.426,0.345,878.6,58.6,61.9,27.1,38.5,18.9
Mali,MLI,2018,Africa,0.518,0.307,0.31,0.405,0.315,893,58.9,59.7,27.7,38,21.4
Mali,MLI,2019,Africa,0.516,0.317,0.311,0.432,0.317,909.8,59.2,57.6,28.4,NA,25
Mali,MLI,2020,Africa,0.421,0.254,0.259,0.375,0.269,872.4,58.9,55.4,29,NA,29.1
Mali,MLI,2021,Africa,0.243,0.155,0.173,0.252,0.176,872.3,59.1,53.3,29.7,NA,34
Mali,MLI,2022,Africa,0.231,0.147,0.17,0.233,0.19,877.8,60,51.2,30.4,NA,35.2
Mali,MLI,2023,Africa,0.229,0.145,0.193,0.225,0.204,892.7,60.4,49.3,31,38.9,36
Malta,MLT,1990,The West,0.723,0.545,0.316,0.603,0.625,10067.7,76,10,91,NA,0
Malta,MLT,1991,The West,0.738,0.557,0.323,0.615,0.637,10413.2,76.4,9.6,91.4,NA,NA
Malta,MLT,1992,The West,0.771,0.582,0.505,0.646,0.669,10789.8,76.6,9.3,91.8,NA,NA
Malta,MLT,1993,The West,0.776,0.586,0.508,0.652,0.674,11161.2,76.7,9,92.2,NA,NA
Malta,MLT,1994,The West,0.776,0.586,0.508,0.652,0.674,11682.2,76.8,8.6,92.5,NA,NA
Malta,MLT,1995,The West,0.776,0.586,0.508,0.652,0.658,12336.8,77.3,8.3,92.7,NA,0.2
Malta,MLT,1996,The West,0.786,0.596,0.515,0.658,0.67,12719,77.3,7.9,92.9,NA,1
Malta,MLT,1997,The West,0.788,0.599,0.516,0.662,0.673,13286.7,77.7,7.6,93,NA,3.9
Malta,MLT,1998,The West,0.787,0.598,0.515,0.661,0.671,13877.2,77.6,7.2,93.1,NA,6.5
Malta,MLT,1999,The West,0.786,0.597,0.514,0.66,0.669,14446.3,77.5,6.9,93.2,NA,7.8
Malta,MLT,2000,The West,0.786,0.597,0.514,0.66,0.669,17178.4,78.3,6.7,93.3,NA,13.1
Malta,MLT,2001,The West,0.786,0.597,0.514,0.66,0.669,16920.7,78.8,6.5,93.4,90.7,17.9
Malta,MLT,2002,The West,0.786,0.597,0.54,0.66,0.669,17255.4,78.7,6.3,93.4,91.2,28.9
Malta,MLT,2003,The West,0.788,0.599,0.543,0.663,0.672,17775.4,78.5,6.2,93.5,93.1,31.6
Malta,MLT,2004,The West,0.789,0.599,0.544,0.664,0.683,17728.4,79.3,6.1,93.6,104.4,34.6
Malta,MLT,2005,The West,0.789,0.599,0.544,0.664,0.689,18123.3,79.3,6.1,93.7,101.8,41.2
Malta,MLT,2006,The West,0.789,0.599,0.544,0.664,0.689,18479.2,79.4,6,93.8,97.5,40.4
Malta,MLT,2007,The West,0.784,0.596,0.538,0.66,0.686,19342.3,79.8,6,93.9,100.5,46.9
Malta,MLT,2008,The West,0.803,0.61,0.551,0.677,0.702,20064.5,79.6,6,94,101.4,50.1
Malta,MLT,2009,The West,0.815,0.624,0.561,0.688,0.716,19635.9,80.2,6,94.1,NA,58.9
Malta,MLT,2010,The West,0.815,0.623,0.559,0.688,0.716,20750.6,81.4,6,94.2,105.1,63
Malta,MLT,2011,The West,0.815,0.623,0.567,0.688,0.716,20867.9,80.7,6,94.3,94.1,68
Malta,MLT,2012,The West,0.817,0.624,0.567,0.69,0.714,21529.4,80.7,6,94.4,95.5,68.2
Malta,MLT,2013,The West,0.793,0.597,0.542,0.646,0.693,22626.5,81.7,5.9,94.4,96.4,68.9
Malta,MLT,2014,The West,0.778,0.587,0.53,0.633,0.679,23866.1,81.9,5.9,94.4,95.6,73.1
Malta,MLT,2015,The West,0.778,0.584,0.574,0.632,0.678,25529.7,81.8,5.8,94.4,93.4,76
Malta,MLT,2016,The West,0.777,0.572,0.571,0.631,0.676,25969.5,82.4,5.7,94.5,92.2,78.1
Malta,MLT,2017,The West,0.761,0.558,0.557,0.618,0.663,28546.6,82.2,5.6,94.6,99.6,81
Malta,MLT,2018,The West,0.754,0.552,0.551,0.613,0.657,29536.8,82.2,5.5,94.7,100.4,81.7
Malta,MLT,2019,The West,0.767,0.569,0.563,0.628,0.661,29522.6,82.7,5.4,94.9,100.8,85.8
Malta,MLT,2020,The West,0.767,0.605,0.546,0.614,0.676,27861.8,82.1,5.2,95.2,100.1,86.9
Malta,MLT,2021,The West,0.77,0.605,0.547,0.627,0.679,31419.5,82.3,5.1,95.5,101.4,87.5
Malta,MLT,2022,The West,0.78,0.617,0.552,0.637,0.694,31447.4,82.3,5,95.6,102,91.5
Malta,MLT,2023,The West,0.783,0.623,0.547,0.638,0.693,33429.8,83.4,4.8,95.6,103,92.1
Mauritania,MRT,1990,Africa,0.114,0.045,0.05,0.024,0.085,1441.4,58.1,73.5,39.5,13.6,0
Mauritania,MRT,1991,Africa,0.13,0.049,0.072,0.026,0.085,1424.9,58.3,72.9,39.3,13.4,NA
Mauritania,MRT,1992,Africa,0.272,0.107,0.109,0.114,0.127,1397.1,58.6,72.8,39.2,13.7,NA
Mauritania,MRT,1993,Africa,0.301,0.121,0.117,0.154,0.147,1420.5,58.7,72.7,39,14.3,NA
Mauritania,MRT,1994,Africa,0.307,0.124,0.119,0.155,0.151,1331,58.8,72.8,38.8,14.7,NA
Mauritania,MRT,1995,Africa,0.311,0.124,0.12,0.157,0.152,1422.2,58.9,72.7,38.7,15.3,NA
Mauritania,MRT,1996,Africa,0.308,0.135,0.118,0.157,0.146,1475.5,58.9,72.5,38.5,15.8,NA
Mauritania,MRT,1997,Africa,0.3,0.132,0.115,0.153,0.144,1384.6,59.4,71.9,38.3,15.7,0
Mauritania,MRT,1998,Africa,0.302,0.133,0.115,0.154,0.145,1386.7,59.9,70.9,38.2,16.5,0
Mauritania,MRT,1999,Africa,0.302,0.133,0.113,0.154,0.145,1399.7,60.4,69.4,38.1,17.4,0.1
Mauritania,MRT,2000,Africa,0.308,0.138,0.123,0.181,0.146,1307.9,61,67.3,38.1,18,0.2
Mauritania,MRT,2001,Africa,0.315,0.14,0.123,0.183,0.149,1265.8,61.7,64.7,38.1,20.5,0.3
Mauritania,MRT,2002,Africa,0.318,0.143,0.122,0.185,0.15,1255.2,62.2,61.7,38.4,20.6,0.4
Mauritania,MRT,2003,Africa,0.313,0.14,0.12,0.183,0.149,1311.8,62.8,58.5,38.9,21.5,0.4
Mauritania,MRT,2004,Africa,0.319,0.146,0.121,0.185,0.15,1342,63.4,55.3,39.6,22.1,0.5
Mauritania,MRT,2005,Africa,0.29,0.12,0.115,0.178,0.147,1422.1,63.9,52.2,40.4,22.5,0.7
Mauritania,MRT,2006,Africa,0.25,0.122,0.119,0.236,0.136,1641.1,64.5,49.4,41.4,23.2,1
Mauritania,MRT,2007,Africa,0.45,0.237,0.177,0.346,0.21,1567.5,64.9,47.2,42.4,NA,1.4
Mauritania,MRT,2008,Africa,0.4,0.208,0.152,0.268,0.189,1518.1,65.2,45.3,43.6,18.6,1.9
Mauritania,MRT,2009,Africa,0.364,0.192,0.137,0.259,0.174,1472.7,65.5,43.9,44.8,20,2.3
Mauritania,MRT,2010,Africa,0.468,0.228,0.17,0.296,0.211,1463.8,65.7,42.7,46,20.4,4
Mauritania,MRT,2011,Africa,0.468,0.228,0.169,0.296,0.211,1476.2,65.8,41.8,47.1,22.8,4.5
Mauritania,MRT,2012,Africa,0.471,0.23,0.169,0.293,0.213,1492.7,65.8,41,48.3,27.1,5
Mauritania,MRT,2013,Africa,0.416,0.174,0.173,0.251,0.175,1506.7,65.9,40.2,49.4,30.3,6.2
Mauritania,MRT,2014,Africa,0.422,0.175,0.174,0.254,0.178,1524.5,66.2,39.3,50.5,30.7,11.8
Mauritania,MRT,2015,Africa,0.431,0.178,0.175,0.258,0.179,1558.8,66.5,38.5,51.7,31.2,17.6
Mauritania,MRT,2016,Africa,0.431,0.178,0.173,0.258,0.179,1531.9,66.8,37.6,52.9,32.2,19.2
Mauritania,MRT,2017,Africa,0.389,0.157,0.167,0.219,0.154,1580,67.1,36.7,54.2,31.8,21
Mauritania,MRT,2018,Africa,0.391,0.172,0.216,0.234,0.163,1606.9,67.4,35.8,55.1,35.5,23
Mauritania,MRT,2019,Africa,0.407,0.186,0.255,0.292,0.173,1609.2,67.6,34.9,56.1,37.6,25.1
Mauritania,MRT,2020,Africa,0.389,0.206,0.242,0.273,0.172,1557.2,66.8,33.9,57,36,29.9
Mauritania,MRT,2021,Africa,0.391,0.195,0.246,0.269,0.162,1524.1,66.8,33,57.9,NA,35.6
Mauritania,MRT,2022,Africa,0.396,0.195,0.247,0.248,0.171,1580.7,68.3,32.1,58.8,NA,42.5
Mauritania,MRT,2023,Africa,0.368,0.183,0.233,0.246,0.163,1639,68.5,31.1,59.7,NA,45
Mauritius,MUS,1990,Africa,0.718,0.603,0.456,0.658,0.56,3846.4,69.4,19.9,43.9,52.8,0
Mauritius,MUS,1991,Africa,0.72,0.605,0.456,0.66,0.56,3973.9,70,18.8,43.9,NA,NA
Mauritius,MUS,1992,Africa,0.719,0.609,0.454,0.659,0.561,4177.4,70.1,18.3,43.8,55,NA
Mauritius,MUS,1993,Africa,0.725,0.619,0.461,0.665,0.564,4337.9,70.1,18.4,43.6,NA,NA
Mauritius,MUS,1994,Africa,0.725,0.619,0.461,0.665,0.564,4454.5,70.2,18.9,43.4,NA,NA
Mauritius,MUS,1995,Africa,0.725,0.619,0.461,0.665,0.564,4605.8,70.3,19.5,43.2,NA,NA
Mauritius,MUS,1996,Africa,0.723,0.617,0.458,0.663,0.564,4813.6,70.3,19.8,43,62.3,0.2
Mauritius,MUS,1997,Africa,0.723,0.617,0.458,0.663,0.564,5024.1,70.4,19.8,42.7,64.7,0.5
Mauritius,MUS,1998,Africa,0.723,0.617,0.458,0.663,0.564,5273.4,70.6,19.1,42.5,69.1,2.6
Mauritius,MUS,1999,Africa,0.723,0.616,0.458,0.663,0.564,5342.8,71,17.8,42.3,72.4,4.7
Mauritius,MUS,2000,Africa,0.73,0.641,0.468,0.672,0.585,5724.5,71.7,16.5,42.1,74.4,7.3
Mauritius,MUS,2001,Africa,0.731,0.642,0.468,0.672,0.586,5869.6,71.8,15.4,41.9,80.3,8.8
Mauritius,MUS,2002,Africa,0.737,0.648,0.473,0.678,0.593,5923.1,72,14.6,41.7,82.4,10.3
Mauritius,MUS,2003,Africa,0.737,0.648,0.473,0.678,0.593,6228.8,72.1,14.1,41.5,85.6,12.2
Mauritius,MUS,2004,Africa,0.737,0.648,0.473,0.678,0.593,6457.9,72.3,13.8,41.3,86.3,13.7
Mauritius,MUS,2005,Africa,0.737,0.644,0.473,0.677,0.591,6533.9,72.4,13.7,41.1,88.6,15.2
Mauritius,MUS,2006,Africa,0.737,0.645,0.473,0.678,0.591,6819.9,72.4,13.5,41,86.7,16.7
Mauritius,MUS,2007,Africa,0.737,0.645,0.473,0.678,0.591,7180.2,72.6,13.3,40.8,86.7,20.2
Mauritius,MUS,2008,Africa,0.737,0.641,0.473,0.678,0.591,7545.2,72.6,13.2,40.6,86.2,21.8
Mauritius,MUS,2009,Africa,0.737,0.641,0.473,0.678,0.591,7778.3,72.9,13.1,40.5,86.7,22.5
Mauritius,MUS,2010,Africa,0.746,0.655,0.48,0.688,0.612,8101,73,13,40.3,86.9,28.3
Mauritius,MUS,2011,Africa,0.746,0.656,0.478,0.688,0.612,8423.3,73.3,13.1,40.2,88.7,35
Mauritius,MUS,2012,Africa,0.746,0.656,0.478,0.688,0.612,8694.8,73.9,13.2,40,92.1,35.4
Mauritius,MUS,2013,Africa,0.738,0.642,0.475,0.638,0.598,8968.5,74,13.2,39.9,93.8,40.1
Mauritius,MUS,2014,Africa,0.723,0.617,0.456,0.588,0.587,9297.6,74.2,13,39.8,97.1,44.8
Mauritius,MUS,2015,Africa,0.737,0.627,0.465,0.608,0.601,9630.5,74.4,12.9,39.7,94,50.1
Mauritius,MUS,2016,Africa,0.731,0.62,0.461,0.603,0.594,9997.9,74.4,13,39.6,94.4,52.2
Mauritius,MUS,2017,Africa,0.732,0.622,0.47,0.62,0.599,10383.9,74.5,13.3,39.4,92.5,55.4
Mauritius,MUS,2018,Africa,0.739,0.631,0.471,0.63,0.598,10805.5,74.4,13.7,39.3,91.4,58.6
Mauritius,MUS,2019,Africa,0.694,0.595,0.443,0.575,0.567,11111.3,74.2,14,39.3,93.1,61.7
Mauritius,MUS,2020,Africa,0.549,0.451,0.346,0.458,0.435,9533.6,74.2,14.1,39.2,89.5,67.7
Mauritius,MUS,2021,Africa,0.532,0.423,0.335,0.441,0.413,9849.3,73.7,14.1,39.1,NA,71.6
Mauritius,MUS,2022,Africa,0.501,0.373,0.319,0.419,0.389,10703.2,73.5,13.9,39,NA,75.5
Mauritius,MUS,2023,Africa,0.47,0.353,0.302,0.395,0.367,11330.7,73.4,13.8,39,NA,79.5
Mexico,MEX,1990,Latin America,0.388,0.186,0.219,0.267,0.189,8036.9,69,38.2,71.5,NA,0
Mexico,MEX,1991,Latin America,0.41,0.196,0.228,0.278,0.198,8197,69.4,36.5,71.9,NA,0
Mexico,MEX,1992,Latin America,0.438,0.208,0.24,0.291,0.209,8330.3,69.7,34.8,72.2,NA,0
Mexico,MEX,1993,Latin America,0.455,0.215,0.246,0.299,0.214,8411.8,70,33.3,72.6,NA,0
Mexico,MEX,1994,Latin America,0.467,0.26,0.264,0.304,0.227,8623.5,70.3,31.7,73,NA,0
Mexico,MEX,1995,Latin America,0.491,0.281,0.286,0.339,0.244,7970.6,70.7,30.3,73.3,NA,0.1
Mexico,MEX,1996,Latin America,0.512,0.293,0.296,0.351,0.252,8320.7,71.1,28.9,73.6,NA,0.2
Mexico,MEX,1997,Latin America,0.555,0.346,0.329,0.38,0.275,8770.8,71.5,27.5,74,NA,0.6
Mexico,MEX,1998,Latin America,0.6,0.378,0.355,0.409,0.299,9161.9,71.8,26.3,74.3,NA,1.3
Mexico,MEX,1999,Latin America,0.605,0.381,0.359,0.415,0.302,9265,72.2,25.1,74.6,NA,1.9
Mexico,MEX,2000,Latin America,0.671,0.481,0.421,0.477,0.344,9582,72.6,24,74.9,71.1,5.1
Mexico,MEX,2001,Latin America,0.681,0.484,0.422,0.542,0.344,9398.4,72.9,22.9,75.3,72.9,7
Mexico,MEX,2002,Latin America,0.693,0.494,0.429,0.552,0.35,9242.3,73.1,21.9,75.7,75.1,11.9
Mexico,MEX,2003,Latin America,0.702,0.499,0.436,0.559,0.359,9222,73.3,21,76,78.6,12.9
Mexico,MEX,2004,Latin America,0.711,0.505,0.441,0.567,0.365,9421.3,73.4,20.2,76.3,79.8,14.1
Mexico,MEX,2005,Latin America,0.711,0.505,0.441,0.575,0.365,9491.5,73.6,19.5,76.5,80.6,17.2
Mexico,MEX,2006,Latin America,0.674,0.478,0.417,0.542,0.346,9813.8,73.7,18.9,76.5,82.7,19.5
Mexico,MEX,2007,Latin America,0.639,0.454,0.395,0.526,0.326,9877.7,73.8,18.4,76.5,84.1,20.8
Mexico,MEX,2008,Latin America,0.649,0.456,0.4,0.535,0.331,9826.3,73.7,17.9,76.5,86.1,21.7
Mexico,MEX,2009,Latin America,0.65,0.459,0.401,0.534,0.331,9074.1,73.6,17.4,76.5,85.9,26.3
Mexico,MEX,2010,Latin America,0.662,0.465,0.411,0.541,0.34,9389.1,73.7,17,76.5,87.3,31
Mexico,MEX,2011,Latin America,0.662,0.468,0.412,0.543,0.342,9575.9,73.9,16.6,76.6,88.4,37.2
Mexico,MEX,2012,Latin America,0.65,0.457,0.404,0.539,0.336,9782.5,74.1,16.2,76.7,90.7,39.8
Mexico,MEX,2013,Latin America,0.623,0.42,0.376,0.499,0.317,9738.7,74.3,15.8,76.8,93.3,43.5
Mexico,MEX,2014,Latin America,0.621,0.421,0.371,0.495,0.315,9862.5,74.4,15.4,77,97.3,44.4
Mexico,MEX,2015,Latin America,0.643,0.433,0.399,0.506,0.329,10021.2,74.4,15,77.2,101,57.4
Mexico,MEX,2016,Latin America,0.643,0.434,0.399,0.504,0.328,10100.5,74.4,14.7,77.4,102.9,59.5
Mexico,MEX,2017,Latin America,0.638,0.44,0.407,0.495,0.333,10193.8,74.3,14.4,77.7,105.1,53
Mexico,MEX,2018,Latin America,0.675,0.452,0.428,0.488,0.372,10296.9,74.3,14,78,106,56.7
Mexico,MEX,2019,Latin America,0.684,0.428,0.42,0.425,0.396,10159.4,74.5,13.7,78.4,105.5,69.6
Mexico,MEX,2020,Latin America,0.664,0.406,0.405,0.412,0.365,9234.6,70.4,13.4,78.7,102.6,71.5
Mexico,MEX,2021,Latin America,0.624,0.371,0.399,0.386,0.331,9728.1,69.8,13.1,78.9,98.3,75.6
Mexico,MEX,2022,Latin America,0.584,0.33,0.408,0.356,0.316,10013.2,74,12.8,79.2,98.4,78.6
Mexico,MEX,2023,Latin America,0.548,0.302,0.388,0.332,0.295,10234.7,75.1,12.4,79.5,102.1,81.2
Moldova,MDA,1990,Eastern Europe,0.421,0.301,0.19,0.283,0.321,3740.1,67.9,29.1,47,NA,0
Moldova,MDA,1991,Eastern Europe,0.462,0.33,0.221,0.323,0.345,3137.8,67.6,29.5,46.9,NA,NA
Moldova,MDA,1992,Eastern Europe,0.501,0.366,0.256,0.35,0.366,2225.2,66.7,30.4,46.4,NA,NA
Moldova,MDA,1993,Eastern Europe,0.498,0.367,0.255,0.337,0.354,2202.2,66.7,31.7,46.1,NA,NA
Moldova,MDA,1994,Eastern Europe,0.575,0.41,0.314,0.297,0.399,1526.4,66.3,32.9,45.9,NA,0
Moldova,MDA,1995,Eastern Europe,0.591,0.411,0.321,0.293,0.418,1512,66.2,33.8,45.7,NA,0
Moldova,MDA,1996,Eastern Europe,0.591,0.411,0.323,0.293,0.416,1426,66.2,34,45.1,NA,0
Moldova,MDA,1997,Eastern Europe,0.592,0.412,0.332,0.294,0.417,1454.8,66.5,33.5,44.9,NA,0
Moldova,MDA,1998,Eastern Europe,0.582,0.429,0.322,0.335,0.411,1360.2,66.8,32.2,40.7,NA,0.3
Moldova,MDA,1999,Eastern Europe,0.587,0.452,0.359,0.459,0.416,1316.4,67.2,30.2,40.5,NA,0.6
Moldova,MDA,2000,Eastern Europe,0.579,0.438,0.353,0.373,0.414,1346.9,67.5,27.9,40.4,NA,1.3
Moldova,MDA,2001,Eastern Europe,0.512,0.35,0.297,0.252,0.372,1432.3,67.7,25.4,39.7,NA,1.5
Moldova,MDA,2002,Eastern Europe,0.506,0.381,0.291,0.249,0.369,1547.6,67.8,23,39.6,NA,3.8
Moldova,MDA,2003,Eastern Europe,0.506,0.381,0.291,0.243,0.361,1654.4,67.9,20.9,39.6,NA,7.4
Moldova,MDA,2004,Eastern Europe,0.506,0.381,0.291,0.254,0.369,1781.2,68,19.3,39.4,NA,10.6
Moldova,MDA,2005,Eastern Europe,0.446,0.345,0.259,0.254,0.334,1919.4,68.2,18,39.4,NA,14.6
Moldova,MDA,2006,Eastern Europe,0.435,0.343,0.253,0.249,0.329,2017.2,68.4,17,39.2,NA,19.6
Moldova,MDA,2007,Eastern Europe,0.438,0.346,0.256,0.26,0.331,2082.5,68.7,16.4,39.4,NA,20.4
Moldova,MDA,2008,Eastern Europe,0.435,0.345,0.253,0.252,0.333,2249.2,69,15.9,39.4,NA,23.4
Moldova,MDA,2009,Eastern Europe,0.457,0.358,0.27,0.313,0.347,2116.9,69.4,15.5,39.3,NA,27.5
Moldova,MDA,2010,Eastern Europe,0.603,0.508,0.395,0.494,0.457,2269.5,69.9,15.2,39.3,88,29.7
Moldova,MDA,2011,Eastern Europe,0.672,0.562,0.442,0.545,0.507,2402.9,70.2,14.9,39.3,87.7,32.1
Moldova,MDA,2012,Eastern Europe,0.665,0.558,0.435,0.535,0.501,2389.1,70.3,14.7,39.4,88.2,34.7
Moldova,MDA,2013,Eastern Europe,0.638,0.53,0.421,0.495,0.475,2605.9,70.3,14.5,39.4,88.3,37.4
Moldova,MDA,2014,Eastern Europe,0.623,0.516,0.412,0.49,0.466,2737.8,70.2,14.3,39.6,104.4,67
Moldova,MDA,2015,Eastern Europe,0.57,0.476,0.369,0.397,0.427,2749.6,70.1,14.2,39.7,105.1,69
Moldova,MDA,2016,Eastern Europe,0.529,0.433,0.347,0.354,0.401,2911,70.2,14.1,39.7,106,71
Moldova,MDA,2017,Eastern Europe,0.503,0.394,0.325,0.321,0.364,3085.3,70.4,14,40,94.4,71.8
Moldova,MDA,2018,Eastern Europe,0.506,0.39,0.328,0.323,0.373,3268,70.2,14.1,40.3,95.9,72.5
Moldova,MDA,2019,Eastern Europe,0.588,0.445,0.386,0.398,0.428,3438.7,70.2,14.1,40.8,95.7,73.3
Moldova,MDA,2020,Eastern Europe,0.651,0.518,0.447,0.453,0.492,3188.9,69.9,14.3,41.3,96.2,74.1
Moldova,MDA,2021,Eastern Europe,0.752,0.618,0.53,0.639,0.592,3688.2,69,14.5,41.8,96.6,74.9
Moldova,MDA,2022,Eastern Europe,0.76,0.643,0.536,0.686,0.605,3610.1,71.5,14.7,42.4,97.6,74.9
Moldova,MDA,2023,Eastern Europe,0.712,0.602,0.506,0.638,0.565,3758.4,71.2,14.9,43,97.9,76.5
Mongolia,MNG,1990,Eastern Europe,0.372,0.235,0.202,0.275,0.315,1823.5,58.8,73.5,57,88.4,0
Mongolia,MNG,1991,Eastern Europe,0.555,0.395,0.299,0.446,0.439,1613.7,59.8,71.3,57,84,NA
Mongolia,MNG,1992,Eastern Europe,0.667,0.533,0.377,0.558,0.565,1462.7,60.4,69.2,56.9,75.9,NA
Mongolia,MNG,1993,Eastern Europe,0.698,0.569,0.396,0.594,0.59,1418.1,60.8,67.1,56.9,66.2,NA
Mongolia,MNG,1994,Eastern Europe,0.698,0.581,0.404,0.594,0.59,1432.3,60.9,64.9,56.8,64.9,NA
Mongolia,MNG,1995,Eastern Europe,0.698,0.581,0.404,0.594,0.59,1499.3,60.9,62.6,56.8,61.5,0
Mongolia,MNG,1996,Eastern Europe,0.7,0.591,0.405,0.596,0.588,1509.3,61,60,56.7,62,0
Mongolia,MNG,1997,Eastern Europe,0.707,0.598,0.411,0.604,0.6,1546.1,61.4,57.2,56.7,59.7,0.1
Mongolia,MNG,1998,Eastern Europe,0.707,0.6,0.401,0.604,0.6,1575.7,62.1,54.1,56.7,60.1,0.1
Mongolia,MNG,1999,Eastern Europe,0.707,0.603,0.401,0.604,0.598,1601.3,62.8,50.8,56.6,58.8,0.5
Mongolia,MNG,2000,Eastern Europe,0.674,0.552,0.383,0.577,0.541,1598.3,63.2,47.3,56.7,62.4,1.3
Mongolia,MNG,2001,Eastern Europe,0.663,0.541,0.377,0.569,0.532,1625.5,63.4,43.9,57.2,69.5,1.7
Mongolia,MNG,2002,Eastern Europe,0.671,0.551,0.382,0.575,0.537,1680.7,63.5,40.5,58.1,74.5,2
Mongolia,MNG,2003,Eastern Europe,0.672,0.556,0.381,0.573,0.536,1775.6,63.6,37.3,59.4,82.3,NA
Mongolia,MNG,2004,Eastern Europe,0.67,0.555,0.38,0.576,0.526,1942.4,64.6,34.2,60.8,88.5,NA
Mongolia,MNG,2005,Eastern Europe,0.673,0.557,0.382,0.578,0.529,2060.3,65.3,31.4,62.3,92.1,9
Mongolia,MNG,2006,Eastern Europe,0.685,0.566,0.39,0.588,0.538,2209.7,65.9,28.8,63.8,92.3,9
Mongolia,MNG,2007,Eastern Europe,0.685,0.566,0.39,0.588,0.538,2403.7,66.6,26.5,65.3,NA,9
Mongolia,MNG,2008,Eastern Europe,0.653,0.539,0.375,0.569,0.514,2576.7,67.2,24.4,66.5,NA,9.8
Mongolia,MNG,2009,Eastern Europe,0.662,0.546,0.379,0.578,0.519,2498.7,68,22.5,67.4,98.5,10
Mongolia,MNG,2010,Eastern Europe,0.679,0.565,0.392,0.588,0.536,2611.7,68.5,20.8,67.8,91.2,10.2
Mongolia,MNG,2011,Eastern Europe,0.676,0.563,0.392,0.586,0.533,3010.8,69.1,19.4,67.9,NA,12.5
Mongolia,MNG,2012,Eastern Europe,0.683,0.566,0.394,0.594,0.539,3318.2,69.5,18.2,68,NA,16.4
Mongolia,MNG,2013,Eastern Europe,0.684,0.557,0.399,0.564,0.522,3628.9,70.1,17.3,68,NA,17.7
Mongolia,MNG,2014,Eastern Europe,0.686,0.556,0.4,0.562,0.524,3830.4,70.6,16.5,68,NA,19.9
Mongolia,MNG,2015,Eastern Europe,0.681,0.556,0.378,0.56,0.528,3838.9,70.8,15.7,68,NA,22.5
Mongolia,MNG,2016,Eastern Europe,0.671,0.548,0.368,0.558,0.519,3817.9,70.2,15,68,NA,22.3
Mongolia,MNG,2017,Eastern Europe,0.661,0.544,0.367,0.552,0.505,3956.2,70.5,14.2,67.9,NA,23.7
Mongolia,MNG,2018,Eastern Europe,0.653,0.536,0.359,0.539,0.488,4183.9,70.8,13.5,67.9,91.3,47.1
Mongolia,MNG,2019,Eastern Europe,0.653,0.54,0.355,0.536,0.485,4337.8,71.1,12.8,67.8,88.7,51.1
Mongolia,MNG,2020,Eastern Europe,0.629,0.523,0.33,0.483,0.463,4066,71.3,12.2,68.1,95.4,62.5
Mongolia,MNG,2021,Eastern Europe,0.609,0.495,0.315,0.446,0.428,4063.5,71.6,11.8,69.2,98.3,81.6
Mongolia,MNG,2022,Eastern Europe,0.573,0.462,0.288,0.429,0.393,4205.9,71.9,11.6,69.8,93.6,81.1
Mongolia,MNG,2023,Eastern Europe,0.534,0.412,0.265,0.411,0.357,4456.5,72.1,11.4,70.4,96.8,83.7
Montenegro,MNE,1998,Eastern Europe,0.353,0.191,0.223,0.281,0.298,4680.3,73.3,13.3,56.7,NA,NA
Montenegro,MNE,1999,Eastern Europe,0.432,0.331,0.258,0.322,0.346,4251.9,73.1,13,57.9,NA,NA
Montenegro,MNE,2000,Eastern Europe,0.432,0.336,0.258,0.322,0.346,4391.4,73.4,12.7,59.1,NA,NA
Montenegro,MNE,2001,Eastern Europe,0.457,0.348,0.275,0.352,0.362,4421.8,73.6,12.2,60.1,NA,NA
Montenegro,MNE,2002,Eastern Europe,0.483,0.363,0.287,0.367,0.378,4488,74,11.5,61,NA,NA
Montenegro,MNE,2003,Eastern Europe,0.503,0.378,0.304,0.378,0.389,4581.1,74.1,10.8,61.7,91.9,NA
Montenegro,MNE,2004,Eastern Europe,0.518,0.385,0.317,0.387,0.399,4775.4,74.2,10.1,62.2,90.5,25.4
Montenegro,MNE,2005,Eastern Europe,0.522,0.388,0.319,0.396,0.403,4967.7,74,9.3,62.7,91,27.1
Montenegro,MNE,2006,Eastern Europe,0.512,0.382,0.315,0.397,0.393,5386.5,73.8,8.6,63.1,92.1,28.9
Montenegro,MNE,2007,Eastern Europe,0.493,0.392,0.334,0.389,0.384,5763,74.3,7.8,63.5,92.5,30.8
Montenegro,MNE,2008,Eastern Europe,0.506,0.406,0.342,0.409,0.393,6149.7,75.1,7.1,63.8,93,32.9
Montenegro,MNE,2009,Eastern Europe,0.511,0.41,0.349,0.418,0.412,5768.7,75.1,6.4,64.1,95.6,35.1
Montenegro,MNE,2010,Eastern Europe,0.51,0.411,0.344,0.416,0.41,5917.9,76,5.8,64.3,99,37.5
Montenegro,MNE,2011,Eastern Europe,0.51,0.41,0.343,0.416,0.414,6110.7,76.1,5.2,64.4,93.2,35.6
Montenegro,MNE,2012,Eastern Europe,0.517,0.413,0.346,0.423,0.417,5948.4,76.3,4.7,64.5,92.6,56.8
Montenegro,MNE,2013,Eastern Europe,0.494,0.394,0.328,0.399,0.401,6138.2,76.5,4.3,64.6,NA,60.3
Montenegro,MNE,2014,Eastern Europe,0.484,0.388,0.321,0.393,0.394,6272.1,76.3,3.9,64.7,NA,63.9
Montenegro,MNE,2015,Eastern Europe,0.484,0.387,0.32,0.393,0.396,6421,76.6,3.5,64.8,91.9,68.1
Montenegro,MNE,2016,Eastern Europe,0.484,0.383,0.319,0.396,0.395,6634.4,76.5,3.2,64.9,90.6,69.9
Montenegro,MNE,2017,Eastern Europe,0.474,0.375,0.315,0.376,0.387,6840.9,76.7,3,65,90.6,71.3
Montenegro,MNE,2018,Eastern Europe,0.482,0.378,0.312,0.372,0.395,7159.5,77.9,2.8,65.1,91.4,71.5
Montenegro,MNE,2019,Eastern Europe,0.483,0.376,0.316,0.374,0.39,7470.3,76.7,2.6,65.2,91.8,73.5
Montenegro,MNE,2020,Eastern Europe,0.5,0.395,0.32,0.412,0.424,6352,75.9,2.4,65.2,92.4,77.6
Montenegro,MNE,2021,Eastern Europe,0.534,0.432,0.32,0.451,0.443,7198.3,73.8,2.3,65.3,93.2,82.2
Montenegro,MNE,2022,Eastern Europe,0.532,0.429,0.319,0.428,0.44,7773.6,76.2,2.1,65.4,92.2,88.2
Montenegro,MNE,2023,Eastern Europe,0.61,0.491,0.382,0.485,0.492,8278,77.6,2,65.5,93.9,88.6
Morocco,MAR,1990,Middle East,0.17,0.169,0.087,0.112,0.104,1695.6,62.4,65.5,48.4,36.8,0
Morocco,MAR,1991,Middle East,0.172,0.177,0.09,0.113,0.109,1786.8,62.9,63.2,49.2,35.1,NA
Morocco,MAR,1992,Middle East,0.185,0.178,0.092,0.116,0.112,1720.4,63.4,61.1,49.8,35.8,NA
Morocco,MAR,1993,Middle East,0.19,0.184,0.094,0.117,0.113,1680.7,63.9,58.9,50.4,36.3,NA
Morocco,MAR,1994,Middle East,0.192,0.187,0.094,0.118,0.119,1830.9,64.3,56.8,51.2,37.5,NA
Morocco,MAR,1995,Middle East,0.192,0.187,0.094,0.118,0.119,1705.4,64.7,54.7,51.8,37.8,0
Morocco,MAR,1996,Middle East,0.192,0.196,0.094,0.118,0.119,1886.7,65.2,52.7,52.2,38.2,0
Morocco,MAR,1997,Middle East,0.201,0.193,0.105,0.123,0.127,1829,65.6,50.7,52.6,38.5,0
Morocco,MAR,1998,Middle East,0.212,0.198,0.108,0.157,0.138,1931.7,66,48.9,53,37.5,0.1
Morocco,MAR,1999,Middle East,0.213,0.198,0.108,0.164,0.141,1935.5,66.4,47.1,53.3,38,0.2
Morocco,MAR,2000,Middle East,0.237,0.213,0.125,0.216,0.163,1957.1,66.8,45.4,53.6,39.7,0.7
Morocco,MAR,2001,Middle East,0.239,0.22,0.128,0.218,0.164,2079,67.2,43.8,53.9,41.3,1.4
Morocco,MAR,2002,Middle East,0.243,0.221,0.127,0.219,0.173,2127.5,67.6,42.1,54.2,43.1,2.4
Morocco,MAR,2003,Middle East,0.253,0.221,0.128,0.223,0.177,2229.6,68,40.4,54.6,44.7,3.4
Morocco,MAR,2004,Middle East,0.253,0.221,0.127,0.223,0.177,2301.1,68.3,38.6,55,47.4,11.6
Morocco,MAR,2005,Middle East,0.258,0.227,0.136,0.215,0.181,2342.2,68.7,36.8,55.4,49.2,15.1
Morocco,MAR,2006,Middle East,0.255,0.226,0.134,0.219,0.179,2490,69.2,35,56,52.2,19.8
Morocco,MAR,2007,Middle East,0.258,0.227,0.131,0.219,0.181,2540.6,69.6,33.2,56.5,55.3,21.5
Morocco,MAR,2008,Middle East,0.252,0.224,0.134,0.217,0.179,2648.6,70.1,31.4,57.1,57.7,33.1
Morocco,MAR,2009,Middle East,0.254,0.223,0.133,0.217,0.18,2710.7,70.5,29.7,57.7,60.7,41.3
Morocco,MAR,2010,Middle East,0.256,0.231,0.133,0.22,0.179,2767,70.8,28.1,58.3,63.1,52
Morocco,MAR,2011,Middle East,0.262,0.234,0.165,0.26,0.181,2879.5,71.3,26.6,58.9,66,46.1
Morocco,MAR,2012,Middle East,0.265,0.235,0.168,0.262,0.182,2927.5,71.7,25.2,59.4,68.7,55.4
Morocco,MAR,2013,Middle East,0.269,0.23,0.165,0.264,0.185,3008.2,72.1,23.8,59.9,NA,56
Morocco,MAR,2014,Middle East,0.27,0.23,0.167,0.263,0.183,3051.5,72.5,22.5,60.3,NA,56.8
Morocco,MAR,2015,Middle East,0.264,0.23,0.175,0.254,0.187,3146.2,72.9,21.4,60.6,NA,57.1
Morocco,MAR,2016,Middle East,0.266,0.231,0.174,0.255,0.188,3124.4,73.2,20.3,61,NA,58.3
Morocco,MAR,2017,Middle East,0.259,0.241,0.162,0.247,0.183,3242.6,73.6,19.3,61.3,78.2,61.8
Morocco,MAR,2018,Middle East,0.262,0.243,0.163,0.247,0.185,3304.7,73.9,18.5,61.6,78.5,64.8
Morocco,MAR,2019,Middle East,0.257,0.244,0.161,0.245,0.185,3364.7,74.2,17.8,61.8,79.3,84.1
Morocco,MAR,2020,Middle East,0.257,0.238,0.159,0.25,0.191,3090.9,73.1,17.1,62.1,80.3,84.1
Morocco,MAR,2021,Middle East,0.261,0.24,0.156,0.251,0.203,3309.1,73.4,16.5,62.3,80.7,88.1
Morocco,MAR,2022,Middle East,0.262,0.252,0.155,0.252,0.202,3334.9,75.2,15.9,62.5,84.5,89.9
Morocco,MAR,2023,Middle East,0.262,0.252,0.154,0.252,0.203,3421.2,75.3,15.3,62.7,87.7,91
Mozambique,MOZ,1990,Africa,0.123,0.111,0.054,0.066,0.144,221,44.3,148,23.2,7.8,0
Mozambique,MOZ,1991,Africa,0.16,0.132,0.078,0.1,0.153,227.5,44.7,146.9,24.2,7.8,NA
Mozambique,MOZ,1992,Africa,0.183,0.138,0.088,0.109,0.162,206.2,45.1,145.3,25.2,7.4,NA
Mozambique,MOZ,1993,Africa,0.22,0.154,0.096,0.129,0.18,221.6,45.7,143.1,26.1,7.4,NA
Mozambique,MOZ,1994,Africa,0.246,0.199,0.101,0.154,0.186,220.5,46.1,140,26.9,7.3,NA
Mozambique,MOZ,1995,Africa,0.463,0.305,0.171,0.248,0.293,212.1,46.5,136.3,27.6,7.3,NA
Mozambique,MOZ,1996,Africa,0.457,0.304,0.193,0.285,0.291,227.2,47.1,131.5,28.2,NA,0
Mozambique,MOZ,1997,Africa,0.457,0.301,0.193,0.285,0.291,247.2,47.8,126,28.6,NA,0
Mozambique,MOZ,1998,Africa,0.46,0.302,0.276,0.286,0.289,266.7,48.2,119.7,28.8,NA,0
Mozambique,MOZ,1999,Africa,0.453,0.298,0.273,0.283,0.295,291.6,48.8,113.3,29,5.1,0.1
Mozambique,MOZ,2000,Africa,0.419,0.297,0.258,0.258,0.281,287.4,49.5,106.9,29.2,5.9,0.1
Mozambique,MOZ,2001,Africa,0.419,0.297,0.261,0.284,0.281,317.2,50.3,100.8,29.4,6.7,0.2
Mozambique,MOZ,2002,Africa,0.419,0.294,0.261,0.296,0.281,340.1,50.9,95.2,29.6,8.2,0.3
Mozambique,MOZ,2003,Africa,0.422,0.299,0.263,0.305,0.283,356.5,51.4,90,29.7,NA,0.4
Mozambique,MOZ,2004,Africa,0.425,0.296,0.263,0.306,0.283,377.1,51.9,85.1,29.9,10.6,0.7
Mozambique,MOZ,2005,Africa,0.463,0.312,0.282,0.326,0.297,391.7,52.3,80.5,30,13,0.9
Mozambique,MOZ,2006,Africa,0.464,0.313,0.282,0.322,0.297,420.5,52.7,76,30.2,15.2,0.8
Mozambique,MOZ,2007,Africa,0.464,0.313,0.281,0.325,0.295,442,53.3,70.1,30.4,17.9,0.9
Mozambique,MOZ,2008,Africa,0.456,0.309,0.28,0.321,0.293,460.9,53.8,67.4,30.6,20.2,1.6
Mozambique,MOZ,2009,Africa,0.453,0.307,0.277,0.327,0.289,475.8,54.4,63.9,30.8,23,2.7
Mozambique,MOZ,2010,Africa,0.425,0.293,0.265,0.289,0.285,494.2,55,63.6,31,25.1,4.2
Mozambique,MOZ,2011,Africa,0.427,0.296,0.266,0.303,0.29,514.9,55.7,59.8,31.2,26,4.6
Mozambique,MOZ,2012,Africa,0.427,0.296,0.266,0.307,0.289,540.3,56.5,57.1,31.4,25.6,5
Mozambique,MOZ,2013,Africa,0.437,0.301,0.268,0.293,0.288,559.4,57.2,56.1,31.7,34.4,5.5
Mozambique,MOZ,2014,Africa,0.43,0.299,0.267,0.304,0.285,585.3,58,55.1,31.9,34,6
Mozambique,MOZ,2015,Africa,0.437,0.299,0.27,0.298,0.278,610.6,58.7,53.8,32.1,34.5,6.5
Mozambique,MOZ,2016,Africa,0.433,0.292,0.272,0.296,0.271,620.8,59.5,52.8,32.4,NA,7
Mozambique,MOZ,2017,Africa,0.408,0.275,0.26,0.289,0.259,618.4,60.1,51.4,32.6,37.2,7.8
Mozambique,MOZ,2018,Africa,0.4,0.264,0.256,0.271,0.257,621.2,60.8,50.3,33,NA,10.9
Mozambique,MOZ,2019,Africa,0.397,0.255,0.239,0.266,0.246,617.1,61.3,49.2,33.4,NA,12.5
Mozambique,MOZ,2020,Africa,0.364,0.238,0.223,0.248,0.233,591.8,61.4,48.6,33.9,NA,14.3
Mozambique,MOZ,2021,Africa,0.367,0.244,0.246,0.252,0.232,588.2,60.3,47.1,34.4,NA,16.4
Mozambique,MOZ,2022,Africa,0.366,0.24,0.233,0.239,0.231,596.1,63,45.9,35.1,NA,19
Mozambique,MOZ,2023,Africa,0.351,0.224,0.229,0.233,0.224,610.6,63.6,44.9,35.7,NA,19.9
Namibia,NAM,1990,Africa,0.529,0.403,0.328,0.454,0.343,2857.3,61.4,56.2,26.9,38.9,0
Namibia,NAM,1991,Africa,0.593,0.49,0.361,0.495,0.385,2989.4,60.8,54.8,27.1,44.8,NA
Namibia,NAM,1992,Africa,0.593,0.49,0.364,0.495,0.385,3104.2,60.2,53.7,27.3,50.7,NA
Namibia,NAM,1993,Africa,0.593,0.49,0.364,0.495,0.385,2959.3,59.3,52.8,27.7,54.5,NA
Namibia,NAM,1994,Africa,0.587,0.487,0.362,0.492,0.384,2918.4,58.4,52.1,28.1,58.9,NA
Namibia,NAM,1995,Africa,0.67,0.553,0.414,0.556,0.435,2945.4,57.5,51.6,28.7,58.6,0
Namibia,NAM,1996,Africa,0.67,0.553,0.414,0.556,0.435,2958.2,56.6,51.1,29.3,58.4,0
Namibia,NAM,1997,Africa,0.67,0.553,0.414,0.556,0.435,3004.3,55.8,50.9,29.9,59.9,0.1
Namibia,NAM,1998,Africa,0.67,0.553,0.414,0.556,0.435,3025.3,54.8,50.3,30.6,59.6,0.3
Namibia,NAM,1999,Africa,0.669,0.55,0.413,0.555,0.434,3050.5,54,49.3,31.4,61.3,0.3
Namibia,NAM,2000,Africa,0.654,0.54,0.408,0.518,0.43,3083.6,52.9,48,32.1,63.7,1.6
Namibia,NAM,2001,Africa,0.651,0.537,0.406,0.516,0.429,3055.4,52,46.9,32.9,67.5,2.4
Namibia,NAM,2002,Africa,0.651,0.534,0.406,0.516,0.429,3145.9,52,46,33.6,66.1,2.6
Namibia,NAM,2003,Africa,0.651,0.537,0.406,0.514,0.43,3232.3,51.9,45.2,34.5,65.3,3.4
Namibia,NAM,2004,Africa,0.654,0.537,0.409,0.518,0.431,3582.9,52.2,44.1,35.5,64.5,3.8
Namibia,NAM,2005,Africa,0.664,0.55,0.415,0.525,0.438,3627.8,52.6,41.3,36.6,63.2,4
Namibia,NAM,2006,Africa,0.668,0.551,0.417,0.527,0.439,3835,53.2,40.1,37.7,62.1,4.4
Namibia,NAM,2007,Africa,0.659,0.544,0.413,0.522,0.434,3987.6,54,41.4,38.8,62.8,4.8
Namibia,NAM,2008,Africa,0.662,0.548,0.415,0.525,0.437,4036.4,54.7,43.2,39.8,NA,5.3
Namibia,NAM,2009,Africa,0.655,0.541,0.409,0.519,0.433,3989.2,55.3,44.8,40.9,NA,6.5
Namibia,NAM,2010,Africa,0.637,0.528,0.4,0.507,0.418,4165.1,56.1,43.7,41.8,68.1,11.6
Namibia,NAM,2011,Africa,0.644,0.533,0.402,0.51,0.423,4302.7,56.6,44.2,42.6,72.5,12
Namibia,NAM,2012,Africa,0.644,0.533,0.399,0.51,0.421,4421,57.7,46.9,43.4,74.2,12.9
Namibia,NAM,2013,Africa,0.65,0.536,0.407,0.514,0.431,4549.3,58.5,45.8,44.1,76.1,13.9
Namibia,NAM,2014,Africa,0.656,0.542,0.41,0.493,0.437,4702,59.3,44.9,44.8,76.8,14.8
Namibia,NAM,2015,Africa,0.707,0.579,0.444,0.552,0.472,4774.1,60,45.3,45.5,78.3,25.7
Namibia,NAM,2016,Africa,0.711,0.584,0.444,0.559,0.479,4648.6,60.8,45.3,46.2,79.3,31
Namibia,NAM,2017,Africa,0.709,0.577,0.437,0.552,0.47,4476.7,61.7,44.3,46.8,79.5,36.8
Namibia,NAM,2018,Africa,0.682,0.562,0.421,0.507,0.406,4400.5,62.6,43.8,47.4,78.9,42.8
Namibia,NAM,2019,Africa,0.647,0.512,0.388,0.483,0.381,4243.1,63.5,42.8,48,79,49.8
Namibia,NAM,2020,Africa,0.632,0.516,0.381,0.466,0.373,3787.5,64.1,41.6,48.5,82.9,57.9
Namibia,NAM,2021,Africa,0.622,0.506,0.376,0.457,0.329,3809.8,60.9,40.4,49.1,83.3,60.3
Namibia,NAM,2022,Africa,0.626,0.503,0.378,0.459,0.314,3905.6,64.2,38.8,49.5,81.8,63
Namibia,NAM,2023,Africa,0.622,0.503,0.35,0.463,0.314,3973.5,67.4,38.3,50,81.6,63.7
Nepal,NPL,1990,Asia,0.258,0.217,0.138,0.143,0.151,422.7,54.8,101.8,19.8,32,0
Nepal,NPL,1991,Asia,0.383,0.309,0.205,0.323,0.276,438.2,55.6,97.1,20.4,34,0
Nepal,NPL,1992,Asia,0.407,0.321,0.227,0.337,0.29,443.5,56.7,92.5,21.2,36.6,0
Nepal,NPL,1993,Asia,0.407,0.326,0.227,0.337,0.289,448.1,57.6,88.2,22,37.9,0
Nepal,NPL,1994,Asia,0.407,0.326,0.227,0.338,0.289,473,58.6,84,23,38.4,0
Nepal,NPL,1995,Asia,0.405,0.318,0.227,0.338,0.289,477.7,59.3,80,24.1,40.2,0
Nepal,NPL,1996,Asia,0.398,0.312,0.223,0.335,0.286,492.2,60,76.1,25.3,43.2,0
Nepal,NPL,1997,Asia,0.395,0.311,0.222,0.332,0.284,506.4,60.8,72.4,26.6,NA,0
Nepal,NPL,1998,Asia,0.395,0.31,0.222,0.331,0.284,511.5,61.5,68.8,28,NA,0.1
Nepal,NPL,1999,Asia,0.388,0.307,0.218,0.326,0.28,524.3,62,65.3,29.5,33.1,0.1
Nepal,NPL,2000,Asia,0.36,0.291,0.212,0.285,0.262,547.2,62.6,62,31.1,34.4,0.2
Nepal,NPL,2001,Asia,0.352,0.283,0.212,0.251,0.262,564.3,63.3,58.8,32.8,37.4,0.2
Nepal,NPL,2002,Asia,0.271,0.221,0.179,0.208,0.219,556.4,63.5,56,35,41.1,0.3
Nepal,NPL,2003,Asia,0.224,0.145,0.125,0.164,0.201,570.3,64.2,53.3,38,42.1,0.4
Nepal,NPL,2004,Asia,0.224,0.145,0.124,0.154,0.201,589.5,64.7,51,41.6,NA,0.4
Nepal,NPL,2005,Asia,0.222,0.149,0.123,0.154,0.207,603.2,65.3,48.8,45.5,45.1,0.8
Nepal,NPL,2006,Asia,0.23,0.21,0.129,0.198,0.213,617.5,65.9,46.9,49.5,42.5,1.1
Nepal,NPL,2007,Asia,0.274,0.277,0.148,0.273,0.244,633.2,66.2,45,53.4,42.1,1.4
Nepal,NPL,2008,Asia,0.478,0.413,0.229,0.409,0.359,666.9,66.4,43.3,56.9,48,1.7
Nepal,NPL,2009,Asia,0.56,0.471,0.266,0.464,0.406,692.4,66.6,41.7,59.9,49.3,2
Nepal,NPL,2010,Asia,0.554,0.465,0.261,0.441,0.401,721.3,66.8,40.1,62,55.6,7.9
Nepal,NPL,2011,Asia,0.556,0.472,0.262,0.443,0.402,742.6,67.1,38.5,63.1,59,9
Nepal,NPL,2012,Asia,0.39,0.31,0.195,0.342,0.31,775.3,67.4,36.9,63.7,63.1,11.1
Nepal,NPL,2013,Asia,0.28,0.191,0.153,0.23,0.23,801,67.6,35.4,64.1,65.5,13.3
Nepal,NPL,2014,Asia,0.625,0.501,0.303,0.426,0.428,846.7,67.8,33.9,64.6,67.5,15.4
Nepal,NPL,2015,Asia,0.643,0.534,0.357,0.44,0.438,875.5,67.4,32.4,65,68.6,17.6
Nepal,NPL,2016,Asia,0.665,0.557,0.372,0.441,0.431,875.2,68.4,31,65.3,71.8,20.7
Nepal,NPL,2017,Asia,0.66,0.553,0.442,0.449,0.456,951.9,68.7,29.6,65.6,74.4,24.3
Nepal,NPL,2018,Asia,0.633,0.523,0.422,0.437,0.429,1021.9,69,28.3,65.8,NA,28.6
Nepal,NPL,2019,Asia,0.606,0.484,0.397,0.408,0.4,1077.1,69.3,27.1,66,80.3,33.3
Nepal,NPL,2020,Asia,0.598,0.477,0.39,0.387,0.387,1031.5,69.1,25.9,66.1,85.3,37
Nepal,NPL,2021,Asia,0.609,0.491,0.394,0.356,0.391,1062.8,68.4,24.9,66.1,83.9,41
Nepal,NPL,2022,Asia,0.631,0.501,0.424,0.385,0.412,1113.6,70.1,23.9,66.3,84.1,45.5
Nepal,NPL,2023,Asia,0.685,0.528,0.455,0.426,0.442,1136.4,70.4,23.1,66.5,89.9,45.8
Netherlands,NLD,1990,The West,0.862,0.814,0.587,0.799,0.778,31308.9,76.9,6.8,69,NA,0.3
Netherlands,NLD,1991,The West,0.862,0.814,0.587,0.799,0.778,31820.8,77,6.5,69.2,NA,0.5
Netherlands,NLD,1992,The West,0.862,0.814,0.587,0.799,0.778,32119.9,77.2,6.3,69.3,NA,1.3
Netherlands,NLD,1993,The West,0.862,0.814,0.587,0.799,0.781,32298,76.9,6.1,69.8,NA,2
Netherlands,NLD,1994,The West,0.861,0.813,0.585,0.787,0.786,33054.4,77.4,5.9,70.4,NA,3.3
Netherlands,NLD,1995,The West,0.861,0.812,0.584,0.786,0.784,33916.5,77.4,5.7,70.7,NA,6.5
Netherlands,NLD,1996,The West,0.861,0.812,0.584,0.786,0.784,34915.2,77.4,5.5,72.4,NA,9.7
Netherlands,NLD,1997,The West,0.854,0.805,0.579,0.781,0.779,36211.7,77.8,5.4,75.6,NA,14.1
Netherlands,NLD,1998,The West,0.847,0.799,0.575,0.774,0.771,37661.7,77.9,5.3,76.8,NA,22.2
Netherlands,NLD,1999,The West,0.866,0.817,0.589,0.79,0.791,39298.7,77.8,5.2,77.1,NA,39.2
Netherlands,NLD,2000,The West,0.856,0.808,0.582,0.784,0.786,40665.3,78,5.1,78.5,NA,44
Netherlands,NLD,2001,The West,0.856,0.808,0.582,0.779,0.786,41297.3,78.2,5,80.2,123.4,49.4
Netherlands,NLD,2002,The West,0.851,0.803,0.57,0.773,0.78,41135.4,78.3,4.9,80.8,120.8,61.3
Netherlands,NLD,2003,The West,0.86,0.813,0.576,0.794,0.788,40981.8,78.5,4.8,81.3,119.9,64.3
Netherlands,NLD,2004,The West,0.86,0.813,0.577,0.795,0.789,41663.1,79.1,4.6,82.3,116.9,68.5
Netherlands,NLD,2005,The West,0.86,0.813,0.603,0.795,0.789,42411.3,79.3,4.4,83.5,117.6,81
Netherlands,NLD,2006,The West,0.865,0.817,0.605,0.798,0.796,43841.1,79.7,4.3,84.7,118.4,83.7
Netherlands,NLD,2007,The West,0.872,0.823,0.619,0.798,0.802,45445.5,80.1,4.1,85.4,119.8,85.8
Netherlands,NLD,2008,The West,0.872,0.823,0.619,0.793,0.801,46227.2,80.3,4,85.6,121.5,87.4
Netherlands,NLD,2009,The West,0.872,0.823,0.619,0.793,0.801,44304.4,80.5,3.9,86.2,122.7,89.6
Netherlands,NLD,2010,The West,0.874,0.828,0.61,0.798,0.803,44659.3,80.7,3.8,87.4,124.6,90.7
Netherlands,NLD,2011,The West,0.874,0.827,0.607,0.804,0.803,45239.7,81.2,3.7,88,129.9,91.4
Netherlands,NLD,2012,The West,0.872,0.825,0.611,0.802,0.801,44631.9,81.1,3.6,88.5,111.4,92.9
Netherlands,NLD,2013,The West,0.878,0.83,0.609,0.814,0.806,44487,81.3,3.6,89.2,NA,94
Netherlands,NLD,2014,The West,0.879,0.831,0.608,0.815,0.808,45042.1,81.7,3.5,89.8,NA,91.7
Netherlands,NLD,2015,The West,0.879,0.831,0.608,0.815,0.802,45793.8,81.5,3.5,90.3,114.1,91.7
Netherlands,NLD,2016,The West,0.879,0.831,0.638,0.815,0.802,46655,81.6,3.5,90.6,113,90.4
Netherlands,NLD,2017,The West,0.878,0.833,0.634,0.809,0.809,47670.1,81.8,3.5,91.1,115.2,93.2
Netherlands,NLD,2018,The West,0.876,0.83,0.629,0.813,0.799,48463,81.8,3.5,92.6,114.5,91.9
Netherlands,NLD,2019,The West,0.866,0.819,0.589,0.807,0.775,49254,82.1,3.5,93.9,114.8,93.3
Netherlands,NLD,2020,The West,0.864,0.813,0.586,0.811,0.774,47086.6,81.4,3.5,94.3,136.3,91.3
Netherlands,NLD,2021,The West,0.864,0.812,0.587,0.819,0.782,49780.8,81.3,3.5,94.6,136,92.1
Netherlands,NLD,2022,The West,0.852,0.798,0.578,0.806,0.762,51777.5,81.6,3.4,95,138.8,92.5
Netherlands,NLD,2023,The West,0.847,0.791,0.581,0.792,0.751,50960.8,81.9,3.4,95.3,137.5,97
New Zealand,NZL,1990,The West,0.869,0.808,0.629,0.654,0.739,26383.7,75.4,9.1,84.8,NA,0
New Zealand,NZL,1991,The West,0.871,0.809,0.626,0.655,0.737,24865.5,76,8.7,85,NA,NA
New Zealand,NZL,1992,The West,0.871,0.809,0.647,0.655,0.737,24878.7,76.1,8.2,85.1,NA,0.3
New Zealand,NZL,1993,The West,0.874,0.814,0.667,0.66,0.742,26166.8,76.4,7.8,85.2,NA,0.6
New Zealand,NZL,1994,The West,0.872,0.813,0.666,0.719,0.741,27141.2,76.9,7.5,85.3,NA,3.2
New Zealand,NZL,1995,The West,0.872,0.813,0.703,0.719,0.741,28013.6,76.7,7.2,85.4,NA,4.9
New Zealand,NZL,1996,The West,0.879,0.82,0.709,0.727,0.753,28563.8,76.8,6.9,85.5,NA,8
New Zealand,NZL,1997,The West,0.88,0.825,0.709,0.731,0.754,28776.5,77.3,6.6,85.5,NA,14.6
New Zealand,NZL,1998,The West,0.88,0.825,0.707,0.731,0.761,28766.3,78.1,6.4,85.6,NA,31.6
New Zealand,NZL,1999,The West,0.88,0.825,0.711,0.756,0.768,30155.9,77.9,6.2,85.7,NA,41.5
New Zealand,NZL,2000,The West,0.881,0.827,0.717,0.767,0.778,30839.3,78.6,6.1,85.7,112.2,47.4
New Zealand,NZL,2001,The West,0.881,0.827,0.716,0.767,0.778,31705.2,78.7,5.9,85.8,112.6,53.2
New Zealand,NZL,2002,The West,0.881,0.826,0.709,0.766,0.778,32628.4,78.8,5.8,85.8,115.5,59.1
New Zealand,NZL,2003,The West,0.88,0.825,0.703,0.765,0.778,33502.6,79.1,5.7,85.9,117.4,61
New Zealand,NZL,2004,The West,0.88,0.825,0.696,0.765,0.778,34358.6,79.5,5.5,85.9,115.4,61.8
New Zealand,NZL,2005,The West,0.879,0.824,0.689,0.764,0.779,35112.1,79.9,5.5,85.9,119.6,62.7
New Zealand,NZL,2006,The West,0.878,0.822,0.681,0.761,0.779,35649,80,5.4,85.9,117.9,69
New Zealand,NZL,2007,The West,0.878,0.822,0.674,0.761,0.774,36400,80.2,5.3,85.9,119.6,69.8
New Zealand,NZL,2008,The West,0.88,0.825,0.67,0.767,0.779,35722.2,80.4,5.3,85.9,118.1,72
New Zealand,NZL,2009,The West,0.893,0.839,0.682,0.77,0.786,35352.6,80.7,5.2,85.9,125.8,79.7
New Zealand,NZL,2010,The West,0.893,0.839,0.675,0.772,0.79,35476.4,80.9,5.2,85.9,119.1,80.5
New Zealand,NZL,2011,The West,0.891,0.837,0.696,0.771,0.787,35961.9,81.2,5.1,85.8,118.3,81.2
New Zealand,NZL,2012,The West,0.893,0.84,0.696,0.772,0.79,36588.8,81.4,5,85.8,116.8,81.6
New Zealand,NZL,2013,The West,0.887,0.832,0.69,0.767,0.783,37240,81.4,4.9,85.7,115.7,82.8
New Zealand,NZL,2014,The West,0.886,0.831,0.689,0.767,0.782,38025.5,81.5,4.8,85.5,116.1,84
New Zealand,NZL,2015,The West,0.883,0.828,0.687,0.765,0.778,38648.7,81.6,4.7,85.2,114.9,85.2
New Zealand,NZL,2016,The West,0.883,0.828,0.686,0.765,0.778,39205,81.7,4.6,84.7,113.7,86.5
New Zealand,NZL,2017,The West,0.879,0.822,0.692,0.758,0.778,39667.7,81.9,4.5,84.2,112.9,87.7
New Zealand,NZL,2018,The West,0.888,0.833,0.695,0.764,0.787,40257.9,81.7,4.5,83.8,112.4,89
New Zealand,NZL,2019,The West,0.885,0.831,0.687,0.759,0.784,40615.7,82.1,4.4,83.8,120.3,89.9
New Zealand,NZL,2020,The West,0.882,0.826,0.681,0.759,0.775,39702.3,82.3,4.3,83.8,116.9,90.9
New Zealand,NZL,2021,The West,0.874,0.813,0.672,0.74,0.765,41309.8,82.2,4.3,83.8,117.6,92
New Zealand,NZL,2022,The West,0.878,0.822,0.666,0.772,0.767,42716.1,82,4.2,83.9,114.8,93.1
New Zealand,NZL,2023,The West,0.88,0.824,0.662,0.748,0.761,42501.5,81.8,4.1,83.9,113.4,93.3
Nicaragua,NIC,1990,Latin America,0.631,0.414,0.39,0.535,0.345,1260.9,62.5,56.8,53.5,35.6,0
Nicaragua,NIC,1991,Latin America,0.688,0.471,0.445,0.579,0.36,1229.8,63.3,54,53.7,41.6,NA
Nicaragua,NIC,1992,Latin America,0.688,0.478,0.435,0.58,0.379,1207,63.7,51,53.9,41.8,NA
Nicaragua,NIC,1993,Latin America,0.691,0.482,0.428,0.58,0.363,1176.1,64.1,48.1,54.1,42.5,NA
Nicaragua,NIC,1994,Latin America,0.69,0.484,0.427,0.582,0.363,1189.8,64.5,45.5,54.3,43.3,0
Nicaragua,NIC,1995,Latin America,0.689,0.485,0.427,0.579,0.361,1234.8,64.9,43.1,54.4,45.1,0
Nicaragua,NIC,1996,Latin America,0.676,0.45,0.418,0.558,0.366,1288.9,65.2,40.6,54.6,NA,0.1
Nicaragua,NIC,1997,Latin America,0.632,0.409,0.388,0.495,0.338,1317.9,65.5,38.2,54.8,NA,0.2
Nicaragua,NIC,1998,Latin America,0.632,0.409,0.388,0.478,0.309,1346.1,64.1,38.5,54.9,46.7,0.3
Nicaragua,NIC,1999,Latin America,0.597,0.383,0.347,0.453,0.289,1420.3,65.9,33.5,55.1,51.9,0.5
Nicaragua,NIC,2000,Latin America,0.586,0.378,0.352,0.446,0.28,1458.4,66.4,31.6,55.2,53.4,1
Nicaragua,NIC,2001,Latin America,0.588,0.373,0.353,0.447,0.281,1482.3,67,30.1,55.4,56.4,1.4
Nicaragua,NIC,2002,Latin America,0.601,0.377,0.361,0.481,0.291,1475.5,68,28.8,55.5,60.7,1.7
Nicaragua,NIC,2003,Latin America,0.591,0.371,0.358,0.476,0.287,1495,68.7,27.7,55.6,NA,1.9
Nicaragua,NIC,2004,Latin America,0.591,0.372,0.358,0.476,0.29,1555.9,69.5,26.6,55.8,65.4,2.3
Nicaragua,NIC,2005,Latin America,0.591,0.372,0.358,0.464,0.29,1601.5,70.4,25.5,55.9,68.6,2.6
Nicaragua,NIC,2006,Latin America,0.563,0.322,0.333,0.434,0.277,1644.4,71,24.4,56.1,69.1,2.8
Nicaragua,NIC,2007,Latin America,0.457,0.216,0.269,0.325,0.237,1703.2,71.2,23.3,56.3,72.2,3.9
Nicaragua,NIC,2008,Latin America,0.445,0.203,0.263,0.312,0.23,1736.7,71.4,22.3,56.5,70.8,5.3
Nicaragua,NIC,2009,Latin America,0.441,0.197,0.261,0.313,0.227,1655.7,71.5,21.2,56.7,NA,7.3
Nicaragua,NIC,2010,Latin America,0.436,0.192,0.259,0.297,0.222,1704.4,71.8,20.1,56.8,71.4,10
Nicaragua,NIC,2011,Latin America,0.425,0.188,0.253,0.285,0.215,1786.6,72,19,57,NA,10.6
Nicaragua,NIC,2012,Latin America,0.371,0.156,0.229,0.262,0.193,1876.2,72.4,18,57.2,NA,13.5
Nicaragua,NIC,2013,Latin America,0.319,0.125,0.19,0.139,0.173,1941.5,72.6,17,57.4,NA,15.5
Nicaragua,NIC,2014,Latin America,0.319,0.126,0.186,0.138,0.172,2006.6,72.8,16,57.6,NA,17.6
Nicaragua,NIC,2015,Latin America,0.318,0.124,0.186,0.138,0.166,2074.5,72.9,15,57.8,NA,19.7
Nicaragua,NIC,2016,Latin America,0.305,0.12,0.173,0.133,0.161,2140.1,73.2,14.2,58,NA,24.6
Nicaragua,NIC,2017,Latin America,0.281,0.103,0.162,0.123,0.14,2209.6,73.4,13.4,58.2,NA,30.4
Nicaragua,NIC,2018,Latin America,0.221,0.051,0.129,0.027,0.118,2107.3,73.9,12.9,58.4,NA,33.9
Nicaragua,NIC,2019,Latin America,0.215,0.046,0.125,0.026,0.115,2019.9,73.8,12.6,58.5,NA,39
Nicaragua,NIC,2020,Latin America,0.215,0.045,0.12,0.027,0.115,1950.2,70.8,12.5,58.7,NA,44.9
Nicaragua,NIC,2021,Latin America,0.195,0.034,0.115,0.028,0.101,2128.3,70.5,12.5,58.9,NA,51.6
Nicaragua,NIC,2022,Latin America,0.158,0.027,0.102,0.019,0.083,2175.7,74.5,12.6,59,NA,59.4
Nicaragua,NIC,2023,Latin America,0.158,0.021,0.102,0.019,0.098,2241.1,74.9,12,59.1,70.2,60.3
Niger,NER,1990,Africa,0.35,0.217,0.153,0.196,0.257,465.9,41.7,147.7,15.4,5.6,0
Niger,NER,1991,Africa,0.385,0.254,0.173,0.221,0.275,449.7,42.3,145.5,15.5,6.1,NA
Niger,NER,1992,Africa,0.334,0.235,0.174,0.287,0.257,444.6,43.1,142.5,15.6,5.9,NA
Niger,NER,1993,Africa,0.528,0.399,0.243,0.43,0.37,432.2,43.8,138.9,15.7,5.9,NA
Niger,NER,1994,Africa,0.541,0.407,0.249,0.438,0.378,426.3,44.6,134.3,15.7,NA,NA
Niger,NER,1995,Africa,0.532,0.404,0.245,0.448,0.373,422.5,45.5,129.5,15.8,NA,NA
Niger,NER,1996,Africa,0.292,0.182,0.16,0.243,0.244,409,46.3,124.6,15.8,6.2,0
Niger,NER,1997,Africa,0.385,0.228,0.182,0.277,0.288,401.7,47.1,120.1,15.9,6.3,0
Niger,NER,1998,Africa,0.385,0.228,0.182,0.277,0.288,427.1,47.8,115.8,16,6.2,0
Niger,NER,1999,Africa,0.255,0.173,0.154,0.187,0.229,411.7,48.5,112.1,16.1,6.4,0
Niger,NER,2000,Africa,0.546,0.407,0.28,0.428,0.372,392.9,49.2,108.3,16.1,6.3,0
Niger,NER,2001,Africa,0.543,0.407,0.279,0.428,0.373,406.9,49.9,104.1,16.3,6.2,0.1
Niger,NER,2002,Africa,0.543,0.407,0.279,0.439,0.373,412.1,50.6,99.4,16.3,6.3,0.1
Niger,NER,2003,Africa,0.543,0.407,0.292,0.439,0.373,406.3,51.5,94.4,16.3,6.9,0.2
Niger,NER,2004,Africa,0.547,0.409,0.347,0.437,0.375,393.4,52.4,89.5,16.3,8.4,0.2
Niger,NER,2005,Africa,0.573,0.425,0.36,0.457,0.392,407.2,53.3,84.9,16.3,9.3,0.2
Niger,NER,2006,Africa,0.578,0.426,0.361,0.459,0.394,415.9,54.2,80.8,16.3,10.7,0.3
Niger,NER,2007,Africa,0.578,0.427,0.36,0.459,0.402,413.4,55.1,77.3,16.3,10.3,0.4
Niger,NER,2008,Africa,0.576,0.421,0.359,0.456,0.402,429.2,55.9,74.5,16.3,10.7,0.7
Niger,NER,2009,Africa,0.421,0.275,0.3,0.362,0.314,421.7,56.5,72.4,16.3,11.2,0.8
Niger,NER,2010,Africa,0.265,0.185,0.216,0.296,0.244,441.1,57.1,70.9,16.2,12.8,0.8
Niger,NER,2011,Africa,0.541,0.39,0.403,0.469,0.393,435,57.6,70,16.2,13.7,0.9
Niger,NER,2012,Africa,0.624,0.482,0.449,0.559,0.443,463.1,58,69.5,16.2,14.8,1
Niger,NER,2013,Africa,0.629,0.501,0.458,0.561,0.422,469.7,58.4,69.2,16.2,16,1.1
Niger,NER,2014,Africa,0.633,0.502,0.458,0.564,0.422,482.7,58.7,69.1,16.2,17.8,1.2
Niger,NER,2015,Africa,0.622,0.493,0.448,0.554,0.414,485.7,58.9,69.1,16.3,19.7,2.5
Niger,NER,2016,Africa,0.573,0.459,0.366,0.515,0.385,488.2,59.2,69.2,16.4,22.7,4.3
Niger,NER,2017,Africa,0.542,0.426,0.343,0.498,0.377,497.2,59.5,69.3,16.5,23.8,10.2
Niger,NER,2018,Africa,0.53,0.405,0.31,0.488,0.363,513.4,59.8,69.3,16.6,NA,10.7
Niger,NER,2019,Africa,0.528,0.401,0.339,0.49,0.355,526.6,60,69.3,16.8,NA,11.3
Niger,NER,2020,Africa,0.544,0.401,0.357,0.503,0.362,532.2,59.9,69.1,17,NA,11.9
Niger,NER,2021,Africa,0.523,0.401,0.341,0.489,0.354,520.9,59.5,68.7,17.2,NA,12.5
Niger,NER,2022,Africa,0.504,0.387,0.328,0.454,0.345,565.9,60.4,68,17.5,NA,13.1
Niger,NER,2023,Africa,0.388,0.285,0.278,0.352,0.286,562,61.2,66.9,17.8,21.6,13
Nigeria,NGA,1990,Africa,0.203,0.1,0.163,0.075,0.132,1577.2,45.7,104.7,35.2,24,0
Nigeria,NGA,1991,Africa,0.204,0.1,0.165,0.075,0.133,1541.6,45.5,104.7,36,NA,NA
Nigeria,NGA,1992,Africa,0.223,0.108,0.171,0.08,0.138,1571.2,45.6,104.7,36.7,NA,NA
Nigeria,NGA,1993,Africa,0.229,0.148,0.172,0.081,0.14,1499,45.8,104.7,37.5,NA,NA
Nigeria,NGA,1994,Africa,0.197,0.098,0.166,0.074,0.13,1433.4,45.7,104.6,38.3,NA,NA
Nigeria,NGA,1995,Africa,0.189,0.095,0.161,0.059,0.127,1395.1,45.9,104.2,39.1,NA,NA
Nigeria,NGA,1996,Africa,0.189,0.094,0.161,0.059,0.127,1416.1,45.8,103.4,40,NA,0
Nigeria,NGA,1997,Africa,0.2,0.097,0.165,0.061,0.13,1420.2,46,102.1,40.8,NA,0
Nigeria,NGA,1998,Africa,0.222,0.107,0.175,0.207,0.136,1419.3,46.1,100.2,41.6,NA,0
Nigeria,NGA,1999,Africa,0.376,0.243,0.271,0.319,0.22,1390.5,46.6,97.7,42.4,22.8,0
Nigeria,NGA,2000,Africa,0.471,0.327,0.317,0.373,0.261,1421.7,47.1,94.9,43.3,24,0.1
Nigeria,NGA,2001,Africa,0.471,0.327,0.317,0.373,0.261,1465.5,47.5,91.8,44.1,26.4,0.1
Nigeria,NGA,2002,Africa,0.471,0.327,0.317,0.373,0.261,1644.4,48,88.6,45,28.9,0.3
Nigeria,NGA,2003,Africa,0.428,0.304,0.295,0.349,0.242,1717.2,48.6,85.6,45.8,NA,0.6
Nigeria,NGA,2004,Africa,0.412,0.296,0.287,0.339,0.235,1824.8,49.1,82.7,46.7,33.9,1.3
Nigeria,NGA,2005,Africa,0.412,0.296,0.287,0.339,0.235,1889.3,49.5,80,47.6,33.8,3.5
Nigeria,NGA,2006,Africa,0.417,0.294,0.289,0.342,0.235,1949.2,49.9,77.7,48.4,33.1,5.5
Nigeria,NGA,2007,Africa,0.408,0.297,0.285,0.336,0.232,2020.8,50.4,75.6,49.2,30.4,6.8
Nigeria,NGA,2008,Africa,0.414,0.303,0.29,0.34,0.234,2098.3,50.7,73.8,50.1,33.6,8
Nigeria,NGA,2009,Africa,0.413,0.304,0.288,0.339,0.234,2204.6,51.1,72.3,50.9,37.1,9.3
Nigeria,NGA,2010,Africa,0.43,0.319,0.297,0.352,0.247,2315.5,51.3,71.1,51.7,41.8,11.5
Nigeria,NGA,2011,Africa,0.481,0.348,0.328,0.393,0.272,2371,51.5,70,52.5,43,13.8
Nigeria,NGA,2012,Africa,0.506,0.36,0.34,0.4,0.283,2403.7,51.7,69.1,53.3,44.5,16.1
Nigeria,NGA,2013,Africa,0.52,0.381,0.35,0.409,0.295,2495.3,51.8,68.5,54.1,52.8,19.1
Nigeria,NGA,2014,Africa,0.525,0.389,0.354,0.415,0.299,2583.6,51.9,68.1,54.9,42.8,21
Nigeria,NGA,2015,Africa,0.554,0.401,0.372,0.421,0.308,2585.7,51.9,68,55.7,43.8,22.5
Nigeria,NGA,2016,Africa,0.555,0.395,0.37,0.427,0.309,2481.8,52.2,68.1,56.5,39.3,24.1
Nigeria,NGA,2017,Africa,0.556,0.393,0.374,0.416,0.309,2441.7,52.4,68.3,57.3,NA,25.9
Nigeria,NGA,2018,Africa,0.555,0.391,0.372,0.405,0.307,2431.8,52.7,68.7,58.2,40.5,27.7
Nigeria,NGA,2019,Africa,0.52,0.36,0.35,0.356,0.292,2431.5,53,69.1,59,NA,29.7
Nigeria,NGA,2020,Africa,0.512,0.349,0.342,0.348,0.279,2228.7,53.1,69.5,59.8,44.1,31.9
Nigeria,NGA,2021,Africa,0.488,0.331,0.327,0.313,0.274,2206.7,53.5,69.9,60.6,45.4,35.5
Nigeria,NGA,2022,Africa,0.49,0.321,0.327,0.322,0.27,2254.3,54.1,70.2,61.4,NA,39.1
Nigeria,NGA,2023,Africa,0.484,0.316,0.325,0.331,0.28,2280.7,54.5,70.1,62.2,46.9,40.1
North Korea,PRK,1990,Asia,0.086,0.014,0.044,0.014,0.11,NA,70.5,32,58.4,NA,0
North Korea,PRK,1991,Asia,0.087,0.014,0.044,0.014,0.111,NA,70.7,32.7,58.6,NA,NA
North Korea,PRK,1992,Asia,0.084,0.014,0.043,0.012,0.11,NA,71,33.2,58.7,NA,NA
North Korea,PRK,1993,Asia,0.084,0.014,0.043,0.012,0.11,NA,70.8,33.4,58.9,NA,NA
North Korea,PRK,1994,Asia,0.084,0.014,0.043,0.011,0.109,NA,70.5,33.3,59,NA,NA
North Korea,PRK,1995,Asia,0.084,0.014,0.043,0.011,0.095,NA,60.8,64.3,59.1,NA,NA
North Korea,PRK,1996,Asia,0.084,0.014,0.043,0.011,0.084,NA,60.8,63.4,59.2,NA,NA
North Korea,PRK,1997,Asia,0.084,0.014,0.043,0.011,0.084,NA,60.9,62.3,59.2,NA,0
North Korea,PRK,1998,Asia,0.084,0.014,0.043,0.007,0.086,NA,60.9,61.4,59.3,NA,0
North Korea,PRK,1999,Asia,0.083,0.014,0.043,0.007,0.085,NA,60.9,60.4,59.4,NA,0
North Korea,PRK,2000,Asia,0.083,0.014,0.043,0.008,0.088,NA,60.9,59.4,59.4,NA,0
North Korea,PRK,2001,Asia,0.083,0.014,0.043,0.008,0.088,NA,60.9,58.6,59.5,NA,0
North Korea,PRK,2002,Asia,0.083,0.014,0.043,0.008,0.088,NA,60.9,57.7,59.5,NA,0
North Korea,PRK,2003,Asia,0.083,0.014,0.043,0.008,0.088,NA,69.4,27.3,59.6,NA,0
North Korea,PRK,2004,Asia,0.085,0.014,0.043,0.008,0.088,NA,69.3,26.8,59.7,NA,0
North Korea,PRK,2005,Asia,0.085,0.014,0.043,0.008,0.088,NA,69.2,26.3,59.8,NA,NA
North Korea,PRK,2006,Asia,0.085,0.014,0.043,0.008,0.088,NA,69.1,25.9,59.8,NA,NA
North Korea,PRK,2007,Asia,0.085,0.014,0.043,0.008,0.088,NA,69,25.6,59.9,NA,NA
North Korea,PRK,2008,Asia,0.085,0.014,0.043,0.008,0.088,NA,69.3,24.7,60,NA,NA
North Korea,PRK,2009,Asia,0.085,0.014,0.043,0.008,0.088,NA,69.7,23.9,60.2,NA,NA
North Korea,PRK,2010,Asia,0.086,0.014,0.044,0.008,0.088,NA,70.2,22.9,60.3,NA,NA
North Korea,PRK,2011,Asia,0.086,0.014,0.044,0.008,0.088,NA,70.8,21.7,60.5,NA,NA
North Korea,PRK,2012,Asia,0.086,0.014,0.044,0.009,0.088,NA,71.3,20.6,60.7,NA,NA
North Korea,PRK,2013,Asia,0.086,0.014,0.044,0.009,0.088,NA,71.9,19.3,60.9,NA,NA
North Korea,PRK,2014,Asia,0.085,0.014,0.044,0.009,0.088,NA,72.5,18.2,61.1,NA,NA
North Korea,PRK,2015,Asia,0.085,0.014,0.043,0.009,0.088,NA,72.8,17.2,61.3,94.3,NA
North Korea,PRK,2016,Asia,0.085,0.014,0.043,0.009,0.088,NA,73,16.5,61.6,NA,NA
North Korea,PRK,2017,Asia,0.085,0.014,0.043,0.009,0.091,NA,73,15.4,61.8,NA,NA
North Korea,PRK,2018,Asia,0.085,0.014,0.043,0.008,0.089,NA,73,14.8,62.1,NA,NA
North Korea,PRK,2019,Asia,0.083,0.014,0.043,0.008,0.09,NA,72.9,14.3,62.4,NA,NA
North Korea,PRK,2020,Asia,0.083,0.014,0.043,0.013,0.088,NA,72.8,14.1,62.6,NA,NA
North Korea,PRK,2021,Asia,0.083,0.014,0.044,0.012,0.088,NA,73.4,14.1,62.9,NA,NA
North Korea,PRK,2022,Asia,0.083,0.014,0.044,0.01,0.087,NA,73.6,14.3,63.2,NA,NA
North Korea,PRK,2023,Asia,0.083,0.014,0.044,0.013,0.091,NA,73.6,14.5,63.5,NA,NA
North Macedonia,MKD,1991,Eastern Europe,0.273,0.255,0.161,0.15,0.248,3328.6,71.6,31.5,57.9,NA,NA
North Macedonia,MKD,1992,Eastern Europe,0.274,0.256,0.161,0.146,0.249,3146,71.1,30.2,58.6,NA,NA
North Macedonia,MKD,1993,Eastern Europe,0.277,0.26,0.163,0.14,0.244,2948.3,71.6,27.9,59.4,71.7,NA
North Macedonia,MKD,1994,Eastern Europe,0.315,0.279,0.175,0.154,0.262,2917.1,71.7,24.9,59.8,74.6,NA
North Macedonia,MKD,1995,Eastern Europe,0.449,0.348,0.23,0.204,0.334,2876.1,71.8,22,59.7,76.5,0
North Macedonia,MKD,1996,Eastern Europe,0.463,0.357,0.277,0.217,0.341,2889.9,72.5,19.4,59.7,78,0.1
North Macedonia,MKD,1997,Eastern Europe,0.471,0.362,0.281,0.22,0.341,2954.5,72.4,17.4,59.6,78.7,0.5
North Macedonia,MKD,1998,Eastern Europe,0.503,0.388,0.298,0.254,0.362,3038.1,72.3,16.1,59.3,80.1,1
North Macedonia,MKD,1999,Eastern Europe,0.564,0.429,0.324,0.283,0.406,3154.8,72.8,15.1,58.9,81.4,1.5
North Macedonia,MKD,2000,Eastern Europe,0.459,0.352,0.279,0.235,0.336,3283.4,72.9,14.2,58.5,83.6,2.5
North Macedonia,MKD,2001,Eastern Europe,0.445,0.333,0.276,0.256,0.327,3169.3,73.4,13.4,58.1,84.3,3.5
North Macedonia,MKD,2002,Eastern Europe,0.525,0.399,0.329,0.357,0.39,3240.1,73,12.9,57.9,84,17.3
North Macedonia,MKD,2003,Eastern Europe,0.617,0.465,0.383,0.421,0.45,3307.9,73.2,12.6,57.9,83.7,19.1
North Macedonia,MKD,2004,Eastern Europe,0.618,0.468,0.418,0.411,0.458,3473.8,73.6,12.5,57.9,83.2,24.4
North Macedonia,MKD,2005,Eastern Europe,0.603,0.455,0.408,0.403,0.447,3657.6,73.7,12.2,57.9,83.7,26.5
North Macedonia,MKD,2006,Eastern Europe,0.597,0.451,0.401,0.406,0.444,3866.7,73.9,11.6,57.9,NA,28.6
North Macedonia,MKD,2007,Eastern Europe,0.584,0.438,0.392,0.364,0.433,4140.6,73.8,10.9,57.9,84,36.3
North Macedonia,MKD,2008,Eastern Europe,0.553,0.412,0.369,0.351,0.404,4392.6,74.4,10.2,58,84,46
North Macedonia,MKD,2009,Eastern Europe,0.528,0.378,0.353,0.326,0.38,4405.2,74.4,9.6,58,84.1,51.8
North Macedonia,MKD,2010,Eastern Europe,0.526,0.373,0.353,0.321,0.377,4582.4,75,9.2,58.1,85.4,51.9
North Macedonia,MKD,2011,Eastern Europe,0.478,0.34,0.323,0.292,0.345,4711.1,75.1,9.1,58.2,NA,56.7
North Macedonia,MKD,2012,Eastern Europe,0.45,0.315,0.309,0.264,0.331,4708.1,74.9,9.2,58.4,85.8,57.4
North Macedonia,MKD,2013,Eastern Europe,0.448,0.287,0.304,0.255,0.311,4863.7,75.4,9.5,58.6,83.8,65.2
North Macedonia,MKD,2014,Eastern Europe,0.447,0.276,0.301,0.255,0.31,5053.8,75.5,9.8,58.8,83.7,68.1
North Macedonia,MKD,2015,Eastern Europe,0.44,0.27,0.299,0.253,0.309,5262.7,75.4,9.8,59.1,85,70.4
North Macedonia,MKD,2016,Eastern Europe,0.449,0.279,0.293,0.269,0.314,5429.9,75.4,9.4,59.4,NA,72.2
North Macedonia,MKD,2017,Eastern Europe,0.548,0.376,0.361,0.43,0.376,5510.8,76,8.5,59.7,84.7,74.5
North Macedonia,MKD,2018,Eastern Europe,0.575,0.386,0.394,0.448,0.399,5698.4,76.6,7.4,60.2,83.4,79.2
North Macedonia,MKD,2019,Eastern Europe,0.602,0.411,0.411,0.444,0.409,5961.6,76.6,6.3,60.6,82.5,81.4
North Macedonia,MKD,2020,Eastern Europe,0.598,0.4,0.407,0.447,0.407,5743.7,74.4,5.3,61.2,82.4,81.4
North Macedonia,MKD,2021,Eastern Europe,0.592,0.389,0.399,0.431,0.397,6064.9,73.2,4.4,61.7,84.2,81.9
North Macedonia,MKD,2022,Eastern Europe,0.56,0.373,0.374,0.383,0.369,6250.6,74.4,3.7,62,91.5,83.9
North Macedonia,MKD,2023,Eastern Europe,0.562,0.363,0.374,0.385,0.373,6424,75.3,3,62.3,90.1,88.5
Norway,NOR,1990,The West,0.88,0.845,0.634,0.852,0.84,49851,76.5,7,71.9,NA,0.7
Norway,NOR,1991,The West,0.88,0.845,0.634,0.852,0.84,51032.4,77,6.4,72.2,NA,1.4
Norway,NOR,1992,The West,0.88,0.845,0.634,0.852,0.84,52547.1,77.2,5.9,72.6,NA,2.2
Norway,NOR,1993,The West,0.88,0.846,0.635,0.852,0.84,53736,77.2,5.4,73.2,NA,2.8
Norway,NOR,1994,The West,0.881,0.847,0.661,0.853,0.84,56123.5,77.7,4.9,73.7,NA,4.2
Norway,NOR,1995,The West,0.881,0.847,0.661,0.853,0.84,58151.5,77.7,4.6,73.9,NA,6.4
Norway,NOR,1996,The West,0.881,0.847,0.661,0.853,0.84,60732.8,78.2,4.4,74.2,NA,18.3
Norway,NOR,1997,The West,0.881,0.847,0.662,0.853,0.841,63480.2,78.1,4.2,74.7,NA,20.4
Norway,NOR,1998,The West,0.882,0.848,0.662,0.854,0.842,64823.5,78.3,4.1,75.3,NA,22.6
Norway,NOR,1999,The West,0.882,0.848,0.659,0.854,0.842,65786.3,78.3,4,75.8,NA,40
Norway,NOR,2000,The West,0.891,0.857,0.663,0.864,0.851,67611.3,78.6,3.9,76.1,NA,52
Norway,NOR,2001,The West,0.892,0.858,0.661,0.865,0.852,68725.4,78.8,3.8,76.4,114.6,64
Norway,NOR,2002,The West,0.893,0.86,0.659,0.867,0.853,69352,79,3.7,76.8,113.3,72.8
Norway,NOR,2003,The West,0.893,0.86,0.655,0.867,0.853,69702.4,79.4,3.6,77.3,113.4,78.1
Norway,NOR,2004,The West,0.893,0.86,0.652,0.867,0.853,72292.1,79.8,3.4,77.6,114,77.7
Norway,NOR,2005,The West,0.895,0.862,0.65,0.868,0.855,73933.7,80,3.3,77.8,111.6,82
Norway,NOR,2006,The West,0.898,0.864,0.649,0.87,0.859,75428.9,80.3,3.2,78.1,111.5,82.6
Norway,NOR,2007,The West,0.898,0.864,0.649,0.87,0.859,77205.8,80.4,3,78.4,111.6,86.9
Norway,NOR,2008,The West,0.898,0.864,0.649,0.87,0.859,76876.9,80.6,2.9,78.8,111.5,90.6
Norway,NOR,2009,The West,0.899,0.866,0.65,0.872,0.86,74688.8,80.8,2.8,79.1,111.1,92.1
Norway,NOR,2010,The West,0.901,0.869,0.652,0.875,0.863,74505.4,81,2.7,79.2,113,93.4
Norway,NOR,2011,The West,0.901,0.869,0.651,0.874,0.862,74563.8,81.3,2.6,79.3,113.2,93.5
Norway,NOR,2012,The West,0.901,0.869,0.651,0.874,0.862,75669.1,81.5,2.5,79.5,112.2,94.6
Norway,NOR,2013,The West,0.897,0.863,0.648,0.87,0.852,75711.2,81.8,2.4,80,114.5,95.1
Norway,NOR,2014,The West,0.9,0.866,0.65,0.872,0.857,76430.7,82.1,2.3,80.6,113.4,96.3
Norway,NOR,2015,The West,0.904,0.871,0.653,0.877,0.861,77221,82.3,2.2,81.2,115.2,96.8
Norway,NOR,2016,The West,0.891,0.859,0.642,0.863,0.845,77532.3,82.4,2.1,81.7,116.6,97.3
Norway,NOR,2017,The West,0.888,0.855,0.64,0.861,0.842,78961.8,82.6,2.1,82,117.3,96.4
Norway,NOR,2018,The West,0.883,0.847,0.636,0.854,0.842,79313.3,82.8,2,82.2,117.7,96.5
Norway,NOR,2019,The West,0.889,0.852,0.633,0.86,0.851,79937.5,83,2,82.5,119.4,98
Norway,NOR,2020,The West,0.888,0.84,0.635,0.858,0.844,78387,83.2,2,82.7,119.9,94.6
Norway,NOR,2021,The West,0.892,0.843,0.638,0.862,0.846,81199.3,83.2,1.9,82.9,119.8,99
Norway,NOR,2022,The West,0.892,0.842,0.638,0.861,0.845,83756.7,82.5,2,83,119.4,99
Norway,NOR,2023,The West,0.89,0.841,0.637,0.862,0.843,83100.8,83,2,83.1,117.8,99
Oman,OMN,1990,Middle East,0.014,0.066,0.051,0.017,0.114,16629.5,69,31.4,70.4,39.2,0
Oman,OMN,1991,Middle East,0.014,0.069,0.051,0.022,0.114,16805.7,69.6,28.5,71,44.4,NA
Oman,OMN,1992,Middle East,0.014,0.084,0.05,0.026,0.114,17404.1,70.1,25.8,71.4,49.5,NA
Oman,OMN,1993,Middle East,0.014,0.084,0.05,0.029,0.118,17694.2,70.6,23.5,71.6,55.3,NA
Oman,OMN,1994,Middle East,0.015,0.084,0.05,0.029,0.13,17848.8,71.1,21.4,71.7,60.9,NA
Oman,OMN,1995,Middle East,0.015,0.084,0.05,0.029,0.13,18398.7,71.6,19.6,71.7,63.7,NA
Oman,OMN,1996,Middle East,0.015,0.086,0.05,0.03,0.135,18639.2,72,18,71.6,66.1,0
Oman,OMN,1997,Middle East,0.015,0.086,0.05,0.03,0.135,19458.9,72.5,16.7,71.6,67,0.4
Oman,OMN,1998,Middle East,0.017,0.086,0.05,0.037,0.136,19167.8,72.9,15.5,71.6,69.3,0.9
Oman,OMN,1999,Middle East,0.017,0.087,0.05,0.037,0.136,18965.2,73.3,14.4,71.6,71.7,2.5
Oman,OMN,2000,Middle East,0.051,0.104,0.053,0.04,0.147,19881.7,73.6,13.4,71.5,77.6,3.5
Oman,OMN,2001,Middle East,0.101,0.111,0.061,0.047,0.154,20546.1,74,12.6,71.5,80,5.9
Oman,OMN,2002,Middle East,0.148,0.122,0.069,0.054,0.166,20150.1,74.3,11.9,71.5,82.4,6.9
Oman,OMN,2003,Middle East,0.151,0.123,0.069,0.054,0.166,19485.6,74.5,11.3,71.5,83.6,7.3
Oman,OMN,2004,Middle East,0.156,0.124,0.072,0.056,0.168,19534.9,74.8,10.8,71.5,NA,6.8
Oman,OMN,2005,Middle East,0.156,0.125,0.072,0.056,0.168,19629,75.1,10.4,71.9,87.4,6.7
Oman,OMN,2006,Middle East,0.157,0.127,0.071,0.056,0.167,20096.4,75.4,10.2,72.4,89.8,8.3
Oman,OMN,2007,Middle East,0.157,0.125,0.071,0.056,0.17,20642.7,75.6,9.9,73.1,92.1,16.7
Oman,OMN,2008,Middle East,0.157,0.126,0.073,0.053,0.173,22007.7,76.1,9.8,73.8,93.2,20
Oman,OMN,2009,Middle East,0.157,0.126,0.073,0.053,0.173,22819.2,76.6,9.7,74.5,99,26.8
Oman,OMN,2010,Middle East,0.156,0.126,0.073,0.053,0.173,22766.1,77.2,9.5,75.2,NA,35.8
Oman,OMN,2011,Middle East,0.167,0.136,0.109,0.063,0.177,20993.9,77.7,9.4,75.7,114.5,48
Oman,OMN,2012,Middle East,0.171,0.138,0.123,0.068,0.18,19824.1,78.2,9.3,76.1,110.8,60
Oman,OMN,2013,Middle East,0.171,0.139,0.123,0.068,0.181,19299.9,78.6,9.2,76.5,109.2,66.4
Oman,OMN,2014,Middle East,0.172,0.14,0.123,0.068,0.18,18726.2,79,9.1,76.9,NA,70.2
Oman,OMN,2015,Middle East,0.172,0.141,0.123,0.07,0.18,18808.3,79.3,9,77.3,101.9,73.5
Oman,OMN,2016,Middle East,0.175,0.141,0.124,0.071,0.181,18830.6,79.6,9,77.8,102.3,76.8
Oman,OMN,2017,Middle East,0.176,0.14,0.124,0.067,0.185,18277.9,79.7,8.9,78.3,101.7,80.2
Oman,OMN,2018,Middle East,0.176,0.141,0.125,0.067,0.185,18269.7,79.9,8.8,79,104,85.5
Oman,OMN,2019,Middle East,0.176,0.141,0.126,0.067,0.184,18089.6,79.9,8.7,79.6,102.1,90.3
Oman,OMN,2020,Middle East,0.174,0.137,0.119,0.061,0.182,17743.9,77.8,8.6,80,94.5,95.2
Oman,OMN,2021,Middle East,0.174,0.14,0.125,0.065,0.183,18291.3,76,8.6,80.1,94.3,95.2
Oman,OMN,2022,Middle East,0.172,0.138,0.125,0.065,0.18,18792.4,77.9,8.5,80,92,95.2
Oman,OMN,2023,Middle East,0.172,0.139,0.123,0.073,0.175,17854,80,8.4,79.6,NA,95.3
Pakistan,PAK,1990,Asia,0.372,0.198,0.221,0.182,0.134,950.9,59.7,113,30.8,20.2,0
Pakistan,PAK,1991,Asia,0.367,0.196,0.217,0.18,0.133,966.5,59.9,111,31,23.1,NA
Pakistan,PAK,1992,Asia,0.367,0.196,0.215,0.18,0.133,1011.6,60,108.9,31.2,25.7,NA
Pakistan,PAK,1993,Asia,0.368,0.201,0.215,0.181,0.133,1001.3,60.1,106.7,31.5,NA,NA
Pakistan,PAK,1994,Asia,0.37,0.201,0.215,0.182,0.133,1009.1,60.2,104.3,31.7,NA,NA
Pakistan,PAK,1995,Asia,0.37,0.201,0.213,0.182,0.133,1029,60.3,101.8,31.9,NA,0
Pakistan,PAK,1996,Asia,0.37,0.201,0.212,0.182,0.133,1047.9,60.5,99.1,32.1,NA,0
Pakistan,PAK,1997,Asia,0.386,0.196,0.208,0.187,0.139,1029,60.6,96.4,32.4,NA,0
Pakistan,PAK,1998,Asia,0.391,0.199,0.209,0.189,0.14,1026.5,61.1,93.8,32.6,NA,0
Pakistan,PAK,1999,Asia,0.34,0.167,0.182,0.225,0.124,1035.5,61.5,91.2,32.8,NA,0.1
Pakistan,PAK,2000,Asia,0.205,0.094,0.125,0.194,0.086,1049.5,61.9,88.8,33,NA,NA
Pakistan,PAK,2001,Asia,0.203,0.091,0.125,0.194,0.087,1057.9,62.2,86.6,33.2,NA,1.3
Pakistan,PAK,2002,Asia,0.243,0.132,0.16,0.209,0.096,1059,62.6,84.7,33.4,NA,2.6
Pakistan,PAK,2003,Asia,0.356,0.19,0.238,0.257,0.129,1090.3,62.8,83,33.6,19.8,5
Pakistan,PAK,2004,Asia,0.356,0.192,0.238,0.251,0.129,1147,63.1,81.4,33.7,21.8,6.2
Pakistan,PAK,2005,Asia,0.358,0.189,0.239,0.251,0.131,1201.2,62.4,80,33.9,22.6,6.3
Pakistan,PAK,2006,Asia,0.355,0.187,0.236,0.251,0.127,1243.9,63.6,78.6,34.1,27.2,6.5
Pakistan,PAK,2007,Asia,0.351,0.185,0.237,0.248,0.125,1265.4,63.8,77.3,34.3,29.1,6.8
Pakistan,PAK,2008,Asia,0.416,0.223,0.267,0.284,0.141,1258.1,64,75.9,34.4,29.2,7
Pakistan,PAK,2009,Asia,0.451,0.259,0.289,0.303,0.151,1269.1,64.2,74.4,34.6,29.1,7.5
Pakistan,PAK,2010,Asia,0.466,0.285,0.306,0.316,0.17,1256.7,64.4,72.8,34.8,29.3,8
Pakistan,PAK,2011,Asia,0.466,0.283,0.305,0.315,0.168,1261.8,64.7,71.1,35,29.7,8
Pakistan,PAK,2012,Asia,0.466,0.283,0.305,0.315,0.168,1275.5,64.9,69.3,35.2,30.6,8.1
Pakistan,PAK,2013,Asia,0.47,0.285,0.3,0.311,0.155,1309.7,65.1,67.4,35.4,31.5,9
Pakistan,PAK,2014,Asia,0.469,0.283,0.3,0.303,0.156,1343.3,65.4,65.5,35.7,32.7,10
Pakistan,PAK,2015,Asia,0.441,0.264,0.272,0.286,0.148,1380.5,65.6,63.6,35.9,34.7,11
Pakistan,PAK,2016,Asia,0.429,0.258,0.264,0.29,0.142,1452.2,65.9,61.7,36.2,35.9,12.4
Pakistan,PAK,2017,Asia,0.419,0.257,0.26,0.288,0.143,1495.3,66.2,59.8,36.4,35.3,13.8
Pakistan,PAK,2018,Asia,0.395,0.25,0.255,0.298,0.134,1561.7,66.5,58.1,36.7,37.1,15.3
Pakistan,PAK,2019,Asia,0.368,0.233,0.24,0.284,0.122,1573.8,66.7,56.3,37.1,38.8,17.1
Pakistan,PAK,2020,Asia,0.377,0.253,0.25,0.314,0.134,1526,65.7,54.6,37.5,NA,18.9
Pakistan,PAK,2021,Asia,0.394,0.248,0.252,0.278,0.153,1595,65.8,53,37.9,40.3,NA
Pakistan,PAK,2022,Asia,0.379,0.227,0.245,0.279,0.134,1642.3,67.4,51.3,38.4,40.4,NA
Pakistan,PAK,2023,Asia,0.334,0.205,0.226,0.206,0.117,1610.3,67.6,49.7,38.8,42.3,NA
Palestine/Gaza,PSG,2007,Middle East,0.131,0.089,0.114,0.09,0.163,NA,NA,NA,NA,NA,NA
Palestine/Gaza,PSG,2008,Middle East,0.133,0.089,0.117,0.078,0.157,NA,NA,NA,NA,NA,NA
Palestine/Gaza,PSG,2009,Middle East,0.135,0.09,0.117,0.08,0.157,NA,NA,NA,NA,NA,NA
Palestine/Gaza,PSG,2010,Middle East,0.141,0.097,0.119,0.078,0.162,NA,NA,NA,NA,NA,NA
Palestine/Gaza,PSG,2011,Middle East,0.14,0.095,0.121,0.081,0.166,NA,NA,NA,NA,NA,NA
Palestine/Gaza,PSG,2012,Middle East,0.143,0.095,0.125,0.079,0.165,NA,NA,NA,NA,NA,NA
Palestine/Gaza,PSG,2013,Middle East,0.129,0.068,0.115,0.056,0.142,NA,NA,NA,NA,NA,NA
Palestine/Gaza,PSG,2014,Middle East,0.13,0.066,0.116,0.056,0.142,NA,NA,NA,NA,NA,NA
Palestine/Gaza,PSG,2015,Middle East,0.119,0.063,0.103,0.067,0.145,NA,NA,NA,NA,NA,NA
Palestine/Gaza,PSG,2016,Middle East,0.119,0.063,0.103,0.076,0.145,NA,NA,NA,NA,NA,NA
Palestine/Gaza,PSG,2017,Middle East,0.121,0.059,0.108,0.059,0.139,NA,NA,NA,NA,NA,NA
Palestine/Gaza,PSG,2018,Middle East,0.118,0.039,0.089,0.045,0.165,NA,NA,NA,NA,NA,NA
Palestine/Gaza,PSG,2019,Middle East,0.117,0.069,0.099,0.034,0.141,NA,NA,NA,NA,NA,NA
Palestine/Gaza,PSG,2020,Middle East,0.129,0.048,0.1,0.054,0.148,NA,NA,NA,NA,NA,NA
Palestine/Gaza,PSG,2021,Middle East,0.128,0.053,0.108,0.053,0.152,NA,NA,NA,NA,NA,NA
Palestine/Gaza,PSG,2022,Middle East,0.124,0.055,0.087,0.045,0.152,NA,NA,NA,NA,NA,NA
Palestine/Gaza,PSG,2023,Middle East,0.122,0.073,0.077,0.045,0.129,NA,NA,NA,NA,NA,NA
Palestine/West Bank,PSE,1990,Middle East,0.077,0.071,0.06,0.061,0.1,NA,67.8,39.2,65.3,NA,0
Palestine/West Bank,PSE,1991,Middle East,0.079,0.072,0.06,0.061,0.101,NA,68.2,37.3,65.7,NA,NA
Palestine/West Bank,PSE,1992,Middle East,0.079,0.077,0.06,0.061,0.103,NA,68.5,35.7,66.1,NA,NA
Palestine/West Bank,PSE,1993,Middle East,0.083,0.083,0.071,0.083,0.096,NA,68.8,34.2,66.5,NA,NA
Palestine/West Bank,PSE,1994,Middle East,0.155,0.147,0.107,0.094,0.192,2137.4,69.3,32.9,67,NA,NA
Palestine/West Bank,PSE,1995,Middle East,0.161,0.15,0.109,0.178,0.199,2189.3,69.6,31.6,67.5,65.2,NA
Palestine/West Bank,PSE,1996,Middle East,0.443,0.272,0.201,0.311,0.329,2118.8,70,30.4,68.1,67.3,NA
Palestine/West Bank,PSE,1997,Middle East,0.454,0.276,0.205,0.316,0.334,2323.2,70.3,29.2,68.7,69.5,NA
Palestine/West Bank,PSE,1998,Middle East,0.461,0.281,0.208,0.319,0.337,2589.2,70.6,28.2,69.5,NA,NA
Palestine/West Bank,PSE,1999,Middle East,0.461,0.279,0.208,0.311,0.337,2732.9,70.8,27.2,70.6,73.6,NA
Palestine/West Bank,PSE,2000,Middle East,0.471,0.274,0.212,0.316,0.347,2436,70.3,26.3,72.1,76,1.1
Palestine/West Bank,PSE,2001,Middle East,0.474,0.276,0.213,0.319,0.349,2153.5,69.8,25.5,73.7,78.1,1.8
Palestine/West Bank,PSE,2002,Middle East,0.471,0.276,0.212,0.316,0.348,1837,70.9,24.8,75.5,80.4,3.1
Palestine/West Bank,PSE,2003,Middle East,0.502,0.294,0.225,0.333,0.366,2041.6,71,24,77.3,83.1,4.1
Palestine/West Bank,PSE,2004,Middle East,0.511,0.306,0.297,0.336,0.369,2426.4,71.1,23.3,79,86.9,4.4
Palestine/West Bank,PSE,2005,Middle East,0.533,0.326,0.311,0.347,0.388,2632.2,72,22.6,80.5,88.3,16
Palestine/West Bank,PSE,2006,Middle East,0.501,0.313,0.291,0.352,0.367,2540.3,71.8,21.8,81.8,90.1,18.4
Palestine/West Bank,PSE,2007,Middle East,0.323,0.181,0.206,0.255,0.271,2570,72.1,21.1,82.6,90.4,21.2
Palestine/West Bank,PSE,2008,Middle East,0.234,0.138,0.171,0.208,0.229,2686,72.2,20.4,83.1,89.9,24.4
Palestine/West Bank,PSE,2009,Middle East,0.242,0.142,0.177,0.208,0.231,2840,72.3,19.7,83.5,90,32.2
Palestine/West Bank,PSE,2010,Middle East,0.244,0.142,0.181,0.23,0.231,2927.1,73.3,19,83.9,89.2,37.4
Palestine/West Bank,PSE,2011,Middle East,0.241,0.142,0.18,0.223,0.23,3128.1,73.6,18.3,84.2,88.3,41.1
Palestine/West Bank,PSE,2012,Middle East,0.243,0.142,0.178,0.224,0.233,3237.9,73.7,17.7,84.5,88,43.4
Palestine/West Bank,PSE,2013,Middle East,0.246,0.163,0.169,0.203,0.236,3309.6,74.1,17,84.8,87.7,46.6
Palestine/West Bank,PSE,2014,Middle East,0.249,0.165,0.17,0.19,0.238,3227.8,72.8,17.6,85,87.6,53.7
Palestine/West Bank,PSE,2015,Middle East,0.244,0.162,0.166,0.158,0.228,3272.2,74.6,15.8,85.2,88.4,56.7
Palestine/West Bank,PSE,2016,Middle East,0.243,0.162,0.166,0.157,0.229,3483.1,74.9,15.2,85.3,88.7,59.9
Palestine/West Bank,PSE,2017,Middle East,0.252,0.171,0.169,0.176,0.248,3463,75.2,14.6,85.4,89.7,63.3
Palestine/West Bank,PSE,2018,Middle East,0.265,0.176,0.177,0.194,0.252,3417.8,75.4,14.1,85.5,89.6,64.4
Palestine/West Bank,PSE,2019,Middle East,0.272,0.19,0.186,0.199,0.256,3378.4,75.8,13.6,85.8,90.3,70.6
Palestine/West Bank,PSE,2020,Middle East,0.242,0.148,0.158,0.165,0.202,2922.5,75,13.2,86.1,90.3,76.2
Palestine/West Bank,PSE,2021,Middle East,0.235,0.128,0.151,0.087,0.183,3051.5,73.9,12.8,86.3,91,NA
Palestine/West Bank,PSE,2022,Middle East,0.229,0.122,0.15,0.085,0.197,3100,76.7,12.3,86.6,90.1,88.6
Palestine/West Bank,PSE,2023,Middle East,0.229,0.124,0.14,0.086,0.198,2997.2,65.2,16.8,86.9,89.1,86.6
Panama,PAN,1990,Latin America,0.476,0.367,0.297,0.397,0.314,4828.8,71.3,24,53.9,60.4,0
Panama,PAN,1991,Latin America,0.684,0.507,0.42,0.555,0.446,5172.6,71.3,23.5,54.5,60.9,NA
Panama,PAN,1992,Latin America,0.7,0.518,0.441,0.559,0.465,5480.9,71.5,23,55.3,61.4,NA
Panama,PAN,1993,Latin America,0.704,0.522,0.447,0.562,0.467,5661.1,71.8,22.7,56.3,62.6,NA
Panama,PAN,1994,Latin America,0.707,0.533,0.447,0.582,0.471,5703.7,71.9,22.5,57.2,62.7,0
Panama,PAN,1995,Latin America,0.711,0.534,0.45,0.581,0.473,5686.4,72,22.3,58.2,64,0.1
Panama,PAN,1996,Latin America,0.711,0.534,0.45,0.581,0.473,5799.9,72.2,22,59.2,64.4,0.2
Panama,PAN,1997,Latin America,0.711,0.534,0.447,0.581,0.462,6122.6,72.5,21.8,60.2,NA,0.5
Panama,PAN,1998,Latin America,0.699,0.524,0.441,0.572,0.453,6505,72.8,21.4,61,NA,2.8
Panama,PAN,1999,Latin America,0.698,0.524,0.441,0.57,0.452,6709.7,73.1,21,61.7,63.9,3.8
Panama,PAN,2000,Latin America,0.73,0.549,0.464,0.623,0.47,6856.1,73.4,20.5,62.2,64.2,6.6
Panama,PAN,2001,Latin America,0.738,0.558,0.468,0.629,0.479,6787.9,73.8,19.9,62.6,66.3,7.3
Panama,PAN,2002,Latin America,0.738,0.558,0.468,0.629,0.479,6825.2,74.2,19.3,63,67.7,8.5
Panama,PAN,2003,Latin America,0.738,0.558,0.465,0.629,0.479,7037.1,74.6,18.7,63.4,NA,10
Panama,PAN,2004,Latin America,0.737,0.561,0.462,0.632,0.477,7468.8,74.8,18,63.8,67.4,11.1
Panama,PAN,2005,Latin America,0.736,0.547,0.46,0.637,0.476,7935.9,75.2,17.4,64.1,67.5,11.5
Panama,PAN,2006,Latin America,0.736,0.547,0.469,0.643,0.476,8558,75.4,16.9,64.4,67.3,17.3
Panama,PAN,2007,Latin America,0.736,0.547,0.469,0.639,0.476,9507.6,75.7,16.3,64.6,67.7,22.3
Panama,PAN,2008,Latin America,0.736,0.547,0.469,0.639,0.476,10288.2,75.9,15.8,64.8,68.8,33.8
Panama,PAN,2009,Latin America,0.739,0.549,0.471,0.647,0.48,10267.1,76.2,15.3,65,70.3,39.1
Panama,PAN,2010,Latin America,0.746,0.554,0.476,0.647,0.481,10698.1,76.4,14.9,65.1,71.9,40.1
Panama,PAN,2011,Latin America,0.746,0.554,0.475,0.647,0.481,11761.5,76.7,14.5,65.2,71.7,42.7
Panama,PAN,2012,Latin America,0.746,0.554,0.473,0.647,0.481,12668.3,76.9,14.2,65.3,NA,40.3
Panama,PAN,2013,Latin America,0.748,0.547,0.474,0.627,0.491,13236.8,77.1,14,65.4,76.4,44
Panama,PAN,2014,Latin America,0.744,0.544,0.468,0.622,0.49,13611.5,77.4,13.8,65.5,76,44.9
Panama,PAN,2015,Latin America,0.755,0.553,0.475,0.632,0.497,14082.7,77.6,13.6,65.5,76.6,51.2
Panama,PAN,2016,Latin America,0.753,0.55,0.473,0.632,0.498,14474.1,77.8,13.5,65.6,82.6,54
Panama,PAN,2017,Latin America,0.736,0.553,0.464,0.617,0.474,15045.5,77.9,13.3,65.7,76.6,60
Panama,PAN,2018,Latin America,0.732,0.539,0.442,0.614,0.459,15375.7,78.3,12.9,65.7,NA,61.8
Panama,PAN,2019,Latin America,0.731,0.535,0.435,0.59,0.456,15602.5,78.5,12.6,65.8,NA,63.6
Panama,PAN,2020,Latin America,0.721,0.533,0.433,0.563,0.447,12647.1,76.3,12.2,65.8,NA,64.8
Panama,PAN,2021,Latin America,0.735,0.544,0.435,0.575,0.46,14552.9,77,12,65.8,NA,66
Panama,PAN,2022,Latin America,0.725,0.559,0.423,0.568,0.455,15956.1,79.3,11.9,65.8,NA,67.3
Panama,PAN,2023,Latin America,0.722,0.557,0.418,0.556,0.451,16877.2,79.6,11.9,65.9,NA,68.5
Papua New Guinea,PNG,1990,Asia,0.554,0.425,0.326,0.339,0.303,1892.3,59.8,65.6,15.4,12.9,0
Papua New Guinea,PNG,1991,Asia,0.554,0.425,0.326,0.339,0.303,2008.4,59.9,64.5,15.3,13.1,NA
Papua New Guinea,PNG,1992,Asia,0.545,0.418,0.321,0.333,0.297,2207,60.3,63.4,15.2,12.9,NA
Papua New Guinea,PNG,1993,Asia,0.537,0.413,0.317,0.327,0.292,2515.6,60.5,62.3,14.9,13.8,NA
Papua New Guinea,PNG,1994,Asia,0.537,0.413,0.317,0.327,0.299,2570.3,60.7,61.3,14.7,14.3,NA
Papua New Guinea,PNG,1995,Asia,0.537,0.413,0.317,0.327,0.299,2397.4,60.9,60.4,14.4,13.1,NA
Papua New Guinea,PNG,1996,Asia,0.537,0.413,0.317,0.327,0.299,2492.1,61.1,59.5,14,NA,0
Papua New Guinea,PNG,1997,Asia,0.538,0.414,0.317,0.327,0.299,2311,61.3,64.3,13.7,NA,0.1
Papua New Guinea,PNG,1998,Asia,0.538,0.415,0.317,0.326,0.3,2147,60.4,57.8,13.5,19.9,0.2
Papua New Guinea,PNG,1999,Asia,0.538,0.415,0.317,0.326,0.3,2112.1,61.5,57,13.3,NA,0.7
Papua New Guinea,PNG,2000,Asia,0.538,0.415,0.317,0.326,0.3,1989.6,61.6,56.2,13.2,NA,0.8
Papua New Guinea,PNG,2001,Asia,0.538,0.415,0.317,0.326,0.3,1920.8,61.6,55.4,13.2,NA,0.9
Papua New Guinea,PNG,2002,Asia,0.54,0.415,0.317,0.328,0.302,1854.4,61.6,54.5,13.2,NA,1.3
Papua New Guinea,PNG,2003,Asia,0.541,0.416,0.317,0.329,0.304,1832.7,61.7,53.6,13.1,NA,1.4
Papua New Guinea,PNG,2004,Asia,0.537,0.413,0.316,0.327,0.301,1821.8,61.8,52.6,13.1,NA,1.5
Papua New Guinea,PNG,2005,Asia,0.537,0.413,0.316,0.327,0.301,1875.8,61.9,51.6,13.1,NA,1.7
Papua New Guinea,PNG,2006,Asia,0.544,0.417,0.319,0.33,0.303,1915.2,62,50.6,13,NA,1.8
Papua New Guinea,PNG,2007,Asia,0.511,0.396,0.302,0.313,0.287,2001,62.2,49.5,13,NA,1.8
Papua New Guinea,PNG,2008,Asia,0.478,0.376,0.285,0.296,0.271,1934,62.5,48.4,13,NA,1.1
Papua New Guinea,PNG,2009,Asia,0.478,0.376,0.285,0.296,0.271,2003.2,62.8,47.2,13,NA,1.6
Papua New Guinea,PNG,2010,Asia,0.475,0.37,0.282,0.274,0.263,2140.5,63.1,46.1,13,NA,1.3
Papua New Guinea,PNG,2011,Asia,0.472,0.366,0.281,0.271,0.263,2102,63.4,44.9,13,NA,2
Papua New Guinea,PNG,2012,Asia,0.46,0.354,0.276,0.265,0.258,2139.5,63.6,43.8,13,37.1,3.5
Papua New Guinea,PNG,2013,Asia,0.448,0.348,0.27,0.261,0.25,2162.1,63.9,42.7,13.1,NA,5.1
Papua New Guinea,PNG,2014,Asia,0.447,0.346,0.272,0.258,0.249,2391.4,64.2,41.6,13.1,NA,6.5
Papua New Guinea,PNG,2015,Asia,0.444,0.345,0.268,0.257,0.248,2484.6,64.5,43.6,13.2,NA,7.9
Papua New Guinea,PNG,2016,Asia,0.445,0.346,0.27,0.26,0.25,2557.1,64.7,39.4,13.4,NA,9.6
Papua New Guinea,PNG,2017,Asia,0.447,0.344,0.269,0.235,0.249,2584.9,64.9,38.3,13.5,NA,11.2
Papua New Guinea,PNG,2018,Asia,0.457,0.351,0.275,0.24,0.251,2518.5,65.1,37.3,13.7,44.6,12.4
Papua New Guinea,PNG,2019,Asia,0.462,0.352,0.278,0.259,0.253,2572.6,65.3,36.2,13.9,46.3,13.6
Papua New Guinea,PNG,2020,Asia,0.455,0.359,0.274,0.256,0.247,2438.6,65.1,35.2,14.2,44.6,15
Papua New Guinea,PNG,2021,Asia,0.455,0.355,0.274,0.245,0.25,2378.4,64.4,34.1,14.4,45.8,16.6
Papua New Guinea,PNG,2022,Asia,0.467,0.369,0.28,0.248,0.266,2467.2,65.3,33.1,14.7,NA,18.3
Papua New Guinea,PNG,2023,Asia,0.466,0.372,0.28,0.248,0.266,2515.3,66.1,32.2,15.1,52.1,18.6
Paraguay,PRY,1990,Latin America,0.384,0.208,0.172,0.205,0.101,4059.8,67.3,37.8,50.1,32.9,0
Paraguay,PRY,1991,Latin America,0.401,0.215,0.236,0.211,0.115,4091.5,67.7,36.5,51,33.3,NA
Paraguay,PRY,1992,Latin America,0.481,0.35,0.282,0.246,0.142,4054,68,35.3,51.8,35.9,NA
Paraguay,PRY,1993,Latin America,0.512,0.364,0.311,0.262,0.169,4147.8,68.2,34.2,52.6,39.9,NA
Paraguay,PRY,1994,Latin America,0.518,0.377,0.316,0.267,0.169,4262.1,68.5,33.2,53.3,41.7,NA
Paraguay,PRY,1995,Latin America,0.518,0.377,0.316,0.267,0.172,4445.2,68.8,32.3,54.1,44.5,NA
Paraguay,PRY,1996,Latin America,0.523,0.38,0.318,0.269,0.174,4411.4,69,31.5,54.9,47,0
Paraguay,PRY,1997,Latin America,0.527,0.383,0.321,0.27,0.175,4496,69.3,30.7,55.6,50.5,0.1
Paraguay,PRY,1998,Latin America,0.532,0.386,0.323,0.273,0.176,4402.1,69.5,30,56.3,54.6,0.2
Paraguay,PRY,1999,Latin America,0.535,0.385,0.324,0.28,0.184,4252.5,69.8,29.4,57,61.2,0.4
Paraguay,PRY,2000,Latin America,0.54,0.391,0.326,0.282,0.196,4074.5,70,28.7,57.5,64.4,0.7
Paraguay,PRY,2001,Latin America,0.54,0.391,0.326,0.282,0.196,3972.9,70.3,28.1,58,68.2,1.1
Paraguay,PRY,2002,Latin America,0.54,0.391,0.336,0.282,0.194,3916.4,70.5,27.5,58.3,69.8,1.8
Paraguay,PRY,2003,Latin America,0.565,0.409,0.35,0.306,0.216,4035.7,70.8,26.9,58.6,67.5,2.1
Paraguay,PRY,2004,Latin America,0.595,0.428,0.367,0.342,0.227,4151.3,71.1,26.4,58.7,68.9,3.5
Paraguay,PRY,2005,Latin America,0.595,0.427,0.367,0.342,0.229,4193.3,71.3,25.8,58.9,68.9,7.9
Paraguay,PRY,2006,Latin America,0.595,0.433,0.367,0.34,0.24,4349.3,71.6,25.1,59,68.7,8
Paraguay,PRY,2007,Latin America,0.595,0.446,0.367,0.34,0.243,4540.4,71.8,24.5,59.1,69,11.2
Paraguay,PRY,2008,Latin America,0.62,0.493,0.402,0.434,0.289,4788.7,72,23.8,59.2,70.5,14.3
Paraguay,PRY,2009,Latin America,0.631,0.502,0.401,0.448,0.297,4727.6,72.3,23.2,59.4,71.5,18.9
Paraguay,PRY,2010,Latin America,0.639,0.509,0.408,0.454,0.299,5191.1,72.6,22.5,59.5,73.2,19.8
Paraguay,PRY,2011,Latin America,0.63,0.503,0.421,0.432,0.296,5342.2,72.8,21.9,59.7,75.9,24.8
Paraguay,PRY,2012,Latin America,0.608,0.48,0.398,0.408,0.26,5230.3,73.1,21.2,59.9,82.8,29.3
Paraguay,PRY,2013,Latin America,0.585,0.407,0.368,0.32,0.229,5583.1,73.3,20.6,60.2,NA,36.9
Paraguay,PRY,2014,Latin America,0.595,0.414,0.376,0.327,0.234,5794.5,73.4,20,60.7,NA,43
Paraguay,PRY,2015,Latin America,0.593,0.416,0.374,0.324,0.236,5879.3,73.5,19.3,61.3,NA,49.7
Paraguay,PRY,2016,Latin America,0.589,0.414,0.372,0.325,0.234,6042,73.5,18.7,62.1,81.9,53.4
Paraguay,PRY,2017,Latin America,0.596,0.418,0.372,0.325,0.244,6243.1,73.4,18.1,63,NA,61.1
Paraguay,PRY,2018,Latin America,0.583,0.417,0.361,0.35,0.237,6354.2,73.6,17.6,63.9,NA,65
Paraguay,PRY,2019,Latin America,0.585,0.42,0.363,0.378,0.242,6243.5,73.7,17,65,NA,68.5
Paraguay,PRY,2020,Latin America,0.578,0.42,0.354,0.351,0.242,6109.2,72.7,16.5,66.1,85.7,74
Paraguay,PRY,2021,Latin America,0.578,0.427,0.353,0.351,0.248,6276.8,68.1,16,67.3,84.8,77
Paraguay,PRY,2022,Latin America,0.578,0.43,0.352,0.344,0.242,6204.2,72.3,15.5,68.6,82.3,76.3
Paraguay,PRY,2023,Latin America,0.576,0.42,0.347,0.324,0.24,6452.3,73.8,15,69.3,79.8,78.1
Peru,PER,1990,Latin America,0.612,0.393,0.353,0.415,0.286,2706.9,64,60,68.9,66.4,0
Peru,PER,1991,Latin America,0.59,0.39,0.317,0.4,0.281,2709.3,64.2,57,69.3,65.8,NA
Peru,PER,1992,Latin America,0.249,0.115,0.161,0.16,0.138,2640.3,65,54,69.7,64.7,NA
Peru,PER,1993,Latin America,0.252,0.095,0.171,0.143,0.14,2723.3,65.7,50.9,70.1,64.4,NA
Peru,PER,1994,Latin America,0.246,0.094,0.169,0.141,0.138,2998.6,66.5,47.7,70.5,67.8,0
Peru,PER,1995,Latin America,0.285,0.106,0.184,0.155,0.153,3159,67.2,44.4,70.9,68,0
Peru,PER,1996,Latin America,0.362,0.129,0.214,0.183,0.181,3186.9,67.8,41.2,71.3,69.6,0.2
Peru,PER,1997,Latin America,0.362,0.125,0.21,0.183,0.181,3331.2,68.3,38.1,71.6,69.8,0.4
Peru,PER,1998,Latin America,0.349,0.12,0.204,0.177,0.175,3258.3,68.7,35.2,72,77.5,1.2
Peru,PER,1999,Latin America,0.349,0.12,0.203,0.177,0.175,3250.4,69.3,32.5,72.4,78.6,2
Peru,PER,2000,Latin America,0.413,0.185,0.258,0.325,0.249,3286.3,69.8,30.1,72.8,80.8,3.1
Peru,PER,2001,Latin America,0.723,0.567,0.483,0.658,0.429,3261.7,70.3,27.8,73.2,83.8,7.6
Peru,PER,2002,Latin America,0.792,0.648,0.54,0.718,0.471,3398.7,70.8,25.9,73.6,85.1,9
Peru,PER,2003,Latin America,0.792,0.651,0.544,0.718,0.476,3502.8,71.3,24.2,74,78.5,11.6
Peru,PER,2004,Latin America,0.792,0.651,0.543,0.661,0.477,3640.6,71.4,22.7,74.4,81.8,14.1
Peru,PER,2005,Latin America,0.792,0.659,0.541,0.661,0.481,3835.1,72,21.3,74.8,82.8,17.1
Peru,PER,2006,Latin America,0.792,0.652,0.53,0.656,0.478,4091.4,72.3,20.1,75.3,85.8,20.7
Peru,PER,2007,Latin America,0.796,0.647,0.534,0.64,0.48,4407.8,72.7,19.1,75.8,88.9,25.2
Peru,PER,2008,Latin America,0.801,0.65,0.536,0.645,0.484,4778.5,72.7,18.1,76.3,90.3,30.6
Peru,PER,2009,Latin America,0.8,0.649,0.532,0.644,0.493,4801.2,72.6,17.3,76.8,93.8,31.4
Peru,PER,2010,Latin America,0.804,0.658,0.578,0.644,0.494,5167.4,72.9,16.5,77.4,96.1,34.8
Peru,PER,2011,Latin America,0.812,0.67,0.599,0.661,0.501,5453.5,73.3,15.8,78,97.5,36
Peru,PER,2012,Latin America,0.827,0.698,0.61,0.663,0.514,5740,74,15.2,78.6,96.4,38.2
Peru,PER,2013,Latin America,0.821,0.689,0.59,0.646,0.507,6021.5,74.6,14.7,79.3,101.6,39.2
Peru,PER,2014,Latin America,0.822,0.691,0.59,0.652,0.515,6103.9,75.3,14.2,80,99.9,40.2
Peru,PER,2015,Latin America,0.817,0.688,0.584,0.631,0.508,6231.7,75.7,13.8,80.7,100.3,40.9
Peru,PER,2016,Latin America,0.788,0.673,0.561,0.607,0.504,6392.3,76,13.4,81.4,102.2,45.5
Peru,PER,2017,Latin America,0.789,0.677,0.554,0.62,0.503,6457.4,76,13.1,82.2,101,50.5
Peru,PER,2018,Latin America,0.81,0.698,0.613,0.612,0.521,6593.1,76,12.8,82.7,99.9,55.1
Peru,PER,2019,Latin America,0.801,0.694,0.588,0.599,0.514,6626.3,76.3,12.5,83.1,99.5,60
Peru,PER,2020,Latin America,0.818,0.706,0.609,0.616,0.517,5831.8,73.8,12.2,83.5,100.1,65.3
Peru,PER,2021,Latin America,0.771,0.66,0.553,0.572,0.481,6551,71.6,11.9,83.9,101.6,71.1
Peru,PER,2022,Latin America,0.733,0.621,0.505,0.44,0.442,6671.3,76.8,11.6,84.4,103.6,74.7
Peru,PER,2023,Latin America,0.7,0.572,0.477,0.414,0.414,6575.2,77.7,11.3,84.8,111.4,79.5
Philippines,PHL,1990,Asia,0.565,0.43,0.398,0.492,0.302,1704.1,64.4,38.8,36,70.7,0
Philippines,PHL,1991,Asia,0.565,0.433,0.398,0.479,0.302,1656.4,64.6,36.7,36.3,70.3,NA
Philippines,PHL,1992,Asia,0.555,0.425,0.389,0.502,0.293,1624.3,65.4,34.9,36.5,71.5,NA
Philippines,PHL,1993,Asia,0.542,0.406,0.378,0.492,0.285,1620.4,65.7,33.3,36.8,72.9,NA
Philippines,PHL,1994,Asia,0.542,0.409,0.377,0.492,0.285,1654.7,66,32,37.1,73.7,0
Philippines,PHL,1995,Asia,0.55,0.414,0.381,0.497,0.289,1693.8,66.3,30.8,37.4,74.8,0
Philippines,PHL,1996,Asia,0.555,0.416,0.383,0.5,0.293,1752.2,66.7,29.8,37.7,73.7,0.1
Philippines,PHL,1997,Asia,0.555,0.416,0.382,0.5,0.293,1800.3,67,29,38,72.9,0.1
Philippines,PHL,1998,Asia,0.579,0.428,0.397,0.52,0.305,1746.5,67.2,28.3,38.4,70.5,1.1
Philippines,PHL,1999,Asia,0.576,0.437,0.396,0.485,0.307,1759.4,67.5,27.7,38.8,69.9,1.4
Philippines,PHL,2000,Asia,0.585,0.439,0.399,0.49,0.304,1793.3,67.8,27.3,39.1,NA,2
Philippines,PHL,2001,Asia,0.545,0.409,0.373,0.464,0.284,1807.7,67.8,26.8,39.5,70.6,2.5
Philippines,PHL,2002,Asia,0.531,0.394,0.361,0.455,0.274,1837.3,67.9,26.4,40,74.9,4.3
Philippines,PHL,2003,Asia,0.529,0.393,0.36,0.453,0.273,1892.8,68,25.9,40.4,76.8,4.9
Philippines,PHL,2004,Asia,0.486,0.354,0.333,0.422,0.252,1978.3,68.3,25.4,40.9,78.5,5.2
Philippines,PHL,2005,Asia,0.463,0.348,0.323,0.407,0.241,2037.9,68.4,25,41.3,78.3,5.4
Philippines,PHL,2006,Asia,0.463,0.346,0.322,0.407,0.241,2110.4,68.2,24.5,41.8,77,5.7
Philippines,PHL,2007,Asia,0.459,0.346,0.318,0.404,0.239,2209.3,68.5,24.1,42.3,77.1,6
Philippines,PHL,2008,Asia,0.456,0.347,0.319,0.403,0.238,2264.9,68.6,23.7,43.2,78,6.2
Philippines,PHL,2009,Asia,0.46,0.348,0.32,0.404,0.239,2256.7,68.6,23.3,44.3,80.2,9
Philippines,PHL,2010,Asia,0.506,0.395,0.35,0.448,0.27,2373.1,68.9,23,45.5,NA,25
Philippines,PHL,2011,Asia,0.524,0.413,0.362,0.465,0.278,2416.8,69.1,22.7,46.7,NA,29
Philippines,PHL,2012,Asia,0.524,0.413,0.362,0.465,0.278,2533.7,69.2,22.4,47.9,NA,30.8
Philippines,PHL,2013,Asia,0.521,0.408,0.36,0.469,0.269,2654.4,69.3,22.2,49.1,NA,32.7
Philippines,PHL,2014,Asia,0.521,0.408,0.36,0.468,0.268,2776.9,69.3,22.1,50.2,81.6,34.7
Philippines,PHL,2015,Asia,0.522,0.409,0.361,0.466,0.27,2909.9,69.4,22.1,51.2,82,36.9
Philippines,PHL,2016,Asia,0.485,0.346,0.331,0.392,0.24,3076.3,69.5,22.2,51.9,82.8,39.2
Philippines,PHL,2017,Asia,0.469,0.321,0.317,0.385,0.223,3247.5,70,22.3,52.6,80.9,41.6
Philippines,PHL,2018,Asia,0.45,0.295,0.306,0.372,0.214,3410.9,69.8,22.5,53.2,79.4,44.1
Philippines,PHL,2019,Asia,0.428,0.28,0.3,0.362,0.192,3575.9,69.7,22.6,53.7,85.4,43
Philippines,PHL,2020,Asia,0.405,0.27,0.276,0.338,0.171,3198.7,70.1,22.7,54.1,87.9,53.8
Philippines,PHL,2021,Asia,0.411,0.271,0.28,0.342,0.175,3351,66.7,22.6,54.5,85.9,66.9
Philippines,PHL,2022,Asia,0.411,0.277,0.279,0.319,0.178,3577.7,69.5,22.4,54.8,92.3,75.2
Philippines,PHL,2023,Asia,0.416,0.288,0.282,0.262,0.179,3744.7,69.8,22,55.1,91.5,77.9
Poland,POL,1990,Eastern Europe,0.74,0.66,0.49,0.622,0.638,5111.3,70.9,15.2,61.3,NA,0
Poland,POL,1991,Eastern Europe,0.866,0.783,0.586,0.744,0.756,4735.9,70.6,14.8,61.4,NA,0
Poland,POL,1992,Eastern Europe,0.888,0.804,0.607,0.764,0.778,4840.2,71.1,14.4,61.4,NA,0.1
Poland,POL,1993,Eastern Europe,0.887,0.808,0.607,0.764,0.778,5008.3,71.6,13.9,61.5,NA,0.1
Poland,POL,1994,Eastern Europe,0.89,0.811,0.612,0.768,0.783,5262.3,71.7,13.3,61.5,NA,0.4
Poland,POL,1995,Eastern Europe,0.889,0.81,0.61,0.767,0.782,5671.9,71.9,12.5,61.6,NA,0.6
Poland,POL,1996,Eastern Europe,0.882,0.802,0.633,0.759,0.773,6013,72.2,11.5,61.6,NA,1.3
Poland,POL,1997,Eastern Europe,0.871,0.792,0.631,0.741,0.763,6391.1,72.6,10.4,61.7,NA,2.1
Poland,POL,1998,Eastern Europe,0.876,0.796,0.643,0.744,0.767,6684.1,73,9.4,61.7,NA,4.1
Poland,POL,1999,Eastern Europe,0.876,0.798,0.643,0.744,0.767,6998.8,73,8.7,61.7,NA,5.5
Poland,POL,2000,Eastern Europe,0.878,0.8,0.638,0.745,0.769,7401.6,73.7,8.1,61.7,NA,7.3
Poland,POL,2001,Eastern Europe,0.882,0.806,0.643,0.736,0.772,7495,74.2,7.6,61.8,101.7,9.9
Poland,POL,2002,Eastern Europe,0.882,0.813,0.651,0.737,0.772,7641,74.5,7.3,61.8,103.7,21.1
Poland,POL,2003,Eastern Europe,0.882,0.813,0.651,0.737,0.772,7915.6,74.6,7,61.7,106.3,24.9
Poland,POL,2004,Eastern Europe,0.882,0.813,0.651,0.737,0.772,8323.4,74.8,6.8,61.7,98.5,32.5
Poland,POL,2005,Eastern Europe,0.884,0.815,0.653,0.724,0.781,8598.6,75,6.5,61.5,101.1,38.8
Poland,POL,2006,Eastern Europe,0.877,0.807,0.643,0.707,0.775,9137.7,75.1,6.3,61.4,100.6,44.6
Poland,POL,2007,Eastern Europe,0.874,0.803,0.642,0.703,0.774,9760.7,75.2,6,61.3,100.3,48.6
Poland,POL,2008,Eastern Europe,0.891,0.825,0.654,0.747,0.791,10187.2,75.5,5.8,61.1,100,53.1
Poland,POL,2009,Eastern Europe,0.891,0.825,0.653,0.748,0.791,10446.5,75.7,5.4,61,99.6,59
Poland,POL,2010,Eastern Europe,0.892,0.827,0.655,0.76,0.795,10808.4,76.2,5.1,60.8,100.2,62.3
Poland,POL,2011,Eastern Europe,0.893,0.827,0.651,0.763,0.797,11370.3,76.7,4.9,60.7,100.6,61.9
Poland,POL,2012,Eastern Europe,0.893,0.825,0.64,0.748,0.797,11542.2,76.7,4.7,60.6,100.6,62.3
Poland,POL,2013,Eastern Europe,0.89,0.821,0.638,0.748,0.801,11628.2,77,4.5,60.5,111.5,62.8
Poland,POL,2014,Eastern Europe,0.882,0.812,0.629,0.737,0.793,12093.2,77.6,4.3,60.4,110,66.6
Poland,POL,2015,Eastern Europe,0.876,0.775,0.616,0.693,0.786,12637.5,77.5,4.2,60.3,109.4,68
Poland,POL,2016,Eastern Europe,0.731,0.598,0.489,0.503,0.642,13026.2,77.9,4.1,60.2,109.1,73.3
Poland,POL,2017,Eastern Europe,0.698,0.542,0.459,0.467,0.607,13695.6,77.8,4,60.1,109.5,76
Poland,POL,2018,Eastern Europe,0.694,0.524,0.457,0.474,0.604,14551.1,77.6,3.9,60.1,110.5,77.5
Poland,POL,2019,Eastern Europe,0.682,0.505,0.449,0.445,0.595,15221.3,77.9,3.8,60,109.8,80.4
Poland,POL,2020,Eastern Europe,0.616,0.45,0.397,0.394,0.53,15090.2,76.4,3.8,59.9,112.6,83.2
Poland,POL,2021,Eastern Europe,0.587,0.424,0.368,0.373,0.506,16368.6,75.4,3.7,59.8,110.5,85.4
Poland,POL,2022,Eastern Europe,0.578,0.417,0.357,0.362,0.499,17303.6,77.2,3.7,59.8,108.5,86.9
Poland,POL,2023,Eastern Europe,0.598,0.457,0.373,0.442,0.52,17410.4,78.3,3.7,59.9,108.4,86.4
Portugal,PRT,1990,The West,0.869,0.815,0.588,0.752,0.777,14593.3,74,11.5,47.7,NA,0
Portugal,PRT,1991,The West,0.859,0.803,0.579,0.744,0.766,15265.9,74,10.6,48.4,NA,0.1
Portugal,PRT,1992,The West,0.858,0.803,0.579,0.737,0.766,15444.2,74.3,9.7,49,NA,0.2
Portugal,PRT,1993,The West,0.858,0.803,0.579,0.737,0.766,15110.1,74.5,8.8,49.7,NA,0.4
Portugal,PRT,1994,The West,0.858,0.803,0.579,0.737,0.766,15214.9,74.9,8.1,50.3,NA,0.7
Portugal,PRT,1995,The West,0.861,0.806,0.581,0.754,0.776,15811.7,75.3,7.5,51,NA,1.5
Portugal,PRT,1996,The West,0.869,0.816,0.587,0.759,0.784,16304.4,75.3,7,51.7,NA,3
Portugal,PRT,1997,The West,0.869,0.816,0.587,0.759,0.784,16946.1,75.4,6.6,52.4,NA,5
Portugal,PRT,1998,The West,0.869,0.816,0.617,0.759,0.784,17671.3,75.7,6.3,53.1,NA,9.9
Portugal,PRT,1999,The West,0.868,0.815,0.617,0.758,0.784,18258.1,76,5.9,53.7,NA,14.7
Portugal,PRT,2000,The West,0.867,0.813,0.622,0.756,0.784,18822.1,76.3,5.5,54.4,NA,16.4
Portugal,PRT,2001,The West,0.871,0.816,0.626,0.769,0.788,19053.1,76.8,5.1,55.1,108.5,18.1
Portugal,PRT,2002,The West,0.876,0.821,0.627,0.78,0.793,19095.1,77.1,4.7,55.8,109.8,19.4
Portugal,PRT,2003,The West,0.876,0.821,0.623,0.78,0.793,18846.5,77.2,4.3,56.6,108.3,29.7
Portugal,PRT,2004,The West,0.876,0.821,0.619,0.777,0.793,19137.8,77.7,3.9,57.4,95.1,31.8
Portugal,PRT,2005,The West,0.889,0.835,0.64,0.816,0.806,19251.7,78.1,3.7,58.2,96.4,35
Portugal,PRT,2006,The West,0.894,0.839,0.637,0.821,0.81,19529.3,78.4,3.4,59,95.7,38
Portugal,PRT,2007,The West,0.894,0.839,0.656,0.821,0.81,19979.6,78.3,3.3,59.7,99.3,42.1
Portugal,PRT,2008,The West,0.893,0.839,0.655,0.821,0.81,20014.5,78.5,3.2,60.4,101.6,44.1
Portugal,PRT,2009,The West,0.894,0.838,0.656,0.822,0.809,19371.1,78.7,3.1,60.8,105.1,48.3
Portugal,PRT,2010,The West,0.894,0.838,0.66,0.824,0.806,19698.7,79,3,61.1,107.5,53.3
Portugal,PRT,2011,The West,0.884,0.829,0.652,0.811,0.789,19389.6,80.5,3,61.1,108.9,55.2
Portugal,PRT,2012,The West,0.885,0.83,0.651,0.808,0.789,18679.8,80.4,3,61.1,110.3,60.3
Portugal,PRT,2013,The West,0.886,0.829,0.638,0.807,0.79,18597.7,80.7,2.9,61.1,118.9,62.1
Portugal,PRT,2014,The West,0.886,0.829,0.64,0.807,0.79,18836.9,81.1,2.9,61.1,114.9,64.6
Portugal,PRT,2015,The West,0.887,0.829,0.639,0.81,0.796,19215.8,81.1,2.9,61.1,116.8,68.6
Portugal,PRT,2016,The West,0.888,0.83,0.639,0.839,0.812,19662.8,81.1,2.9,61.1,115.5,70.4
Portugal,PRT,2017,The West,0.898,0.848,0.641,0.847,0.813,20364.2,81.4,2.9,61.1,117.2,73.8
Portugal,PRT,2018,The West,0.899,0.849,0.64,0.853,0.813,20997.8,81.3,2.9,61.1,118.3,74.7
Portugal,PRT,2019,The West,0.886,0.82,0.623,0.833,0.796,21569.2,81.7,2.8,61.1,119.5,75.3
Portugal,PRT,2020,The West,0.886,0.806,0.612,0.807,0.783,19778.7,81.3,2.8,61.1,118.7,78.3
Portugal,PRT,2021,The West,0.884,0.81,0.621,0.796,0.771,20747.7,81.4,2.7,61.1,119,82.3
Portugal,PRT,2022,The West,0.847,0.758,0.578,0.751,0.732,22042.9,81.6,2.7,61.1,120.9,84.5
Portugal,PRT,2023,The West,0.854,0.757,0.575,0.747,0.698,22417.2,82.3,2.7,61.2,120.3,85.8
Qatar,QAT,1990,Middle East,0.016,0.08,0.013,0.027,0.11,42210.1,73.4,17.4,92.9,74.7,0
Qatar,QAT,1991,Middle East,0.016,0.08,0.014,0.027,0.11,40169,73.7,16.3,93.4,76.4,NA
Qatar,QAT,1992,Middle East,0.016,0.08,0.014,0.027,0.11,43310.8,73.9,15.2,93.9,78.1,NA
Qatar,QAT,1993,Middle East,0.016,0.08,0.014,0.03,0.111,41423.7,74.1,14.3,94.3,87.2,NA
Qatar,QAT,1994,Middle East,0.017,0.081,0.014,0.03,0.112,40756.9,74.2,13.5,94.7,89.8,NA
Qatar,QAT,1995,Middle East,0.017,0.083,0.014,0.032,0.113,40528.5,74.4,12.8,95.1,92.1,0.2
Qatar,QAT,1996,Middle East,0.018,0.087,0.014,0.044,0.116,41126.2,74.6,12.2,95.4,92.7,0.9
Qatar,QAT,1997,Middle East,0.018,0.087,0.014,0.045,0.116,51382.6,74.7,11.7,95.7,NA,3.1
Qatar,QAT,1998,Middle East,0.017,0.088,0.014,0.045,0.116,54190,74.9,11.2,95.9,89.5,3.5
Qatar,QAT,1999,Middle East,0.017,0.088,0.014,0.045,0.116,53562.8,75,10.8,96.1,87.4,4.1
Qatar,QAT,2000,Middle East,0.019,0.091,0.014,0.057,0.114,54948.2,75.2,10.4,96.3,NA,4.9
Qatar,QAT,2001,Middle East,0.019,0.09,0.014,0.074,0.114,54316.5,75.5,10,96.5,87.8,6.2
Qatar,QAT,2002,Middle East,0.019,0.09,0.014,0.073,0.114,55493.6,75.8,9.7,96.6,87.5,10.2
Qatar,QAT,2003,Middle East,0.041,0.095,0.033,0.077,0.116,54970.4,76.1,9.3,96.8,88.7,19.2
Qatar,QAT,2004,Middle East,0.041,0.096,0.033,0.077,0.112,63107,76.5,9,97,90.1,20.7
Qatar,QAT,2005,Middle East,0.041,0.097,0.033,0.077,0.112,63555.6,76.9,8.7,97.3,90.1,24.7
Qatar,QAT,2006,Middle East,0.041,0.096,0.033,0.077,0.112,68036.6,77.3,8.4,97.6,91.4,29
Qatar,QAT,2007,Middle East,0.041,0.097,0.033,0.077,0.112,64614,77.7,8.2,97.9,92,37
Qatar,QAT,2008,Middle East,0.041,0.097,0.032,0.077,0.112,64393.6,78.3,7.9,98.1,97.6,44.3
Qatar,QAT,2009,Middle East,0.041,0.097,0.03,0.077,0.112,63939.8,78.8,7.7,98.3,97.2,53.1
Qatar,QAT,2010,Middle East,0.041,0.095,0.032,0.077,0.112,74271.9,79.4,7.5,98.5,98.2,69
Qatar,QAT,2011,Middle East,0.041,0.096,0.03,0.077,0.113,83533.5,80,7.3,98.6,96.5,69
Qatar,QAT,2012,Middle East,0.042,0.096,0.029,0.091,0.113,82441.7,80.5,7.1,98.7,98.6,69.3
Qatar,QAT,2013,Middle East,0.042,0.089,0.025,0.09,0.114,77379.7,81,6.9,98.8,97.4,85.3
Qatar,QAT,2014,Middle East,0.042,0.088,0.025,0.09,0.114,71756.1,81.4,6.7,98.9,97.9,91.5
Qatar,QAT,2015,Middle East,0.041,0.089,0.024,0.09,0.114,68985.3,81.8,6.4,98.9,101.9,92.9
Qatar,QAT,2016,Middle East,0.04,0.089,0.023,0.09,0.114,67294.5,82.1,6.2,99,97.4,95.1
Qatar,QAT,2017,Middle East,0.041,0.085,0.021,0.091,0.111,64497.7,82.5,5.9,99,102,97.4
Qatar,QAT,2018,Middle East,0.042,0.088,0.02,0.091,0.118,64410.8,82.7,5.6,99.1,102.2,99.7
Qatar,QAT,2019,Middle East,0.04,0.082,0.022,0.09,0.118,63430.5,82.9,5.4,99.1,105.2,99.7
Qatar,QAT,2020,Middle East,0.038,0.083,0.017,0.09,0.113,57769.6,80.4,5.2,99.2,105.9,99.7
Qatar,QAT,2021,Middle East,0.089,0.081,0.02,0.104,0.106,65488.5,81.1,5.1,99.2,95.7,99.7
Qatar,QAT,2022,Middle East,0.086,0.081,0.018,0.104,0.103,64315.6,81.9,5,99.2,103,98
Qatar,QAT,2023,Middle East,0.087,0.083,0.017,0.104,0.106,65111,82.4,4.9,99.3,100.1,98.2
Republic of the Congo,COG,1990,Africa,0.157,0.065,0.156,0.196,0.07,2363.8,57.1,57.6,54.6,47.1,0
Republic of the Congo,COG,1991,Africa,0.255,0.175,0.19,0.23,0.134,2352.5,56.8,58.8,54.9,46.1,NA
Republic of the Congo,COG,1992,Africa,0.337,0.196,0.247,0.28,0.165,2346.7,56.5,60.5,55.3,47,NA
Republic of the Congo,COG,1993,Africa,0.467,0.301,0.301,0.343,0.216,2255.9,56,62.4,55.6,NA,NA
Republic of the Congo,COG,1994,Africa,0.45,0.291,0.291,0.332,0.208,2069.8,55.6,64.7,56,49.6,NA
Republic of the Congo,COG,1995,Africa,0.45,0.291,0.291,0.332,0.208,2092.5,55.5,67,56.4,NA,NA
Republic of the Congo,COG,1996,Africa,0.45,0.297,0.291,0.332,0.208,2122.6,55.2,69.4,56.8,48.1,0
Republic of the Congo,COG,1997,Africa,0.243,0.066,0.142,0.158,0.089,2064.8,48.6,71.6,57.3,NA,0
Republic of the Congo,COG,1998,Africa,0.165,0.079,0.11,0.132,0.074,2095.3,52.6,73.2,57.8,NA,0
Republic of the Congo,COG,1999,Africa,0.165,0.075,0.109,0.132,0.074,1986.8,54.4,73.7,58.3,NA,0
Republic of the Congo,COG,2000,Africa,0.163,0.075,0.108,0.127,0.073,2057,55.4,73,58.9,NA,0
Republic of the Congo,COG,2001,Africa,0.16,0.075,0.106,0.126,0.072,2056.2,55.9,71.1,59.4,NA,0
Republic of the Congo,COG,2002,Africa,0.208,0.085,0.132,0.139,0.083,2100.2,56.4,68.2,60,37,0.2
Republic of the Congo,COG,2003,Africa,0.257,0.097,0.142,0.153,0.097,2058.9,57.1,64.6,60.5,38,0.5
Republic of the Congo,COG,2004,Africa,0.257,0.097,0.141,0.153,0.099,2058.9,58,60.3,60.9,42.7,1.1
Republic of the Congo,COG,2005,Africa,0.257,0.097,0.14,0.153,0.099,2140,58.7,56.1,61.3,NA,1.5
Republic of the Congo,COG,2006,Africa,0.257,0.097,0.139,0.153,0.099,2226,59.5,52.1,61.6,NA,2
Republic of the Congo,COG,2007,Africa,0.254,0.096,0.135,0.153,0.098,2004.1,60,48.5,61.9,NA,2.8
Republic of the Congo,COG,2008,Africa,0.252,0.095,0.133,0.153,0.097,2061.6,60.8,45.5,62,NA,4.3
Republic of the Congo,COG,2009,Africa,0.255,0.095,0.131,0.153,0.098,2211.3,61.2,43.1,62.2,NA,4.5
Republic of the Congo,COG,2010,Africa,0.255,0.095,0.13,0.153,0.095,2332.3,61.7,41.2,62.4,NA,5
Republic of the Congo,COG,2011,Africa,0.255,0.095,0.128,0.153,0.095,2307.5,62.3,39.7,62.6,NA,5.6
Republic of the Congo,COG,2012,Africa,0.254,0.095,0.126,0.152,0.098,2467.1,62.7,38.5,62.7,50.5,6.1
Republic of the Congo,COG,2013,Africa,0.249,0.101,0.127,0.162,0.103,2390.7,63,37.4,62.9,NA,6.6
Republic of the Congo,COG,2014,Africa,0.249,0.101,0.126,0.16,0.103,2488.7,63.3,36.4,63,NA,7.1
Republic of the Congo,COG,2015,Africa,0.249,0.102,0.132,0.159,0.103,2439.4,63.7,35.3,63.1,NA,7.6
Republic of the Congo,COG,2016,Africa,0.247,0.101,0.132,0.159,0.103,2174.2,63.9,34.2,63.3,NA,8.1
Republic of the Congo,COG,2017,Africa,0.252,0.103,0.186,0.161,0.104,2003.3,64.2,33.2,63.4,NA,8.6
Republic of the Congo,COG,2018,Africa,0.258,0.109,0.192,0.163,0.129,1910,64.5,32.2,63.4,NA,11.8
Republic of the Congo,COG,2019,Africa,0.25,0.1,0.187,0.17,0.133,1885.5,63.2,33.2,63.5,NA,16.1
Republic of the Congo,COG,2020,Africa,0.257,0.118,0.2,0.172,0.141,1725.5,64.4,30.3,63.6,NA,22
Republic of the Congo,COG,2021,Africa,0.254,0.116,0.198,0.171,0.14,1701.8,64.2,29.4,63.6,NA,30
Republic of the Congo,COG,2022,Africa,0.243,0.114,0.193,0.167,0.137,1686,65,28.5,63.6,NA,41
Republic of the Congo,COG,2023,Africa,0.253,0.121,0.198,0.16,0.139,1677.1,65.8,27.7,63.7,NA,43.2
Romania,ROU,1990,Eastern Europe,0.522,0.298,0.274,0.315,0.424,5019.4,69.7,24.2,54.2,NA,0
Romania,ROU,1991,Eastern Europe,0.545,0.328,0.314,0.329,0.439,4409.2,69.8,23.2,54.3,NA,NA
Romania,ROU,1992,Eastern Europe,0.553,0.363,0.347,0.335,0.447,4059.1,69.8,22.8,54.3,NA,NA
Romania,ROU,1993,Eastern Europe,0.562,0.392,0.352,0.339,0.454,4126.8,69.6,22.6,54.2,NA,0
Romania,ROU,1994,Eastern Europe,0.562,0.392,0.352,0.339,0.454,4295.3,69.5,22.3,54.1,NA,0
Romania,ROU,1995,Eastern Europe,0.562,0.392,0.352,0.339,0.454,4572.3,69.5,22,53.9,NA,0.1
Romania,ROU,1996,Eastern Europe,0.573,0.408,0.367,0.372,0.457,4764.6,69.1,21.7,53.7,NA,0.2
Romania,ROU,1997,Eastern Europe,0.619,0.438,0.393,0.404,0.492,4546.7,69,21.3,53.4,NA,0.4
Romania,ROU,1998,Eastern Europe,0.619,0.438,0.391,0.404,0.489,4463.6,69.8,20.5,53.2,NA,2.2
Romania,ROU,1999,Eastern Europe,0.619,0.435,0.389,0.404,0.489,4453.8,70.5,19.1,53,NA,2.7
Romania,ROU,2000,Eastern Europe,0.611,0.432,0.381,0.399,0.482,4569.3,71.2,18,52.9,NA,3.6
Romania,ROU,2001,Eastern Europe,0.597,0.424,0.376,0.353,0.474,4875.3,71.2,17.3,52.8,83.5,4.5
Romania,ROU,2002,Eastern Europe,0.597,0.424,0.374,0.353,0.474,5248.5,71,17.1,52.7,85,6.6
Romania,ROU,2003,Eastern Europe,0.609,0.437,0.403,0.363,0.481,5410.3,71.3,16.9,52.8,84.2,8.9
Romania,ROU,2004,Eastern Europe,0.592,0.435,0.39,0.355,0.47,6008.6,71.6,16.4,52.9,82.6,15
Romania,ROU,2005,Eastern Europe,0.61,0.468,0.406,0.407,0.479,6328.1,71.9,15.5,53.1,81.1,21.5
Romania,ROU,2006,Eastern Europe,0.611,0.471,0.404,0.404,0.479,6876.8,72.2,14.3,53.3,85.7,24.7
Romania,ROU,2007,Eastern Europe,0.609,0.484,0.423,0.406,0.481,7484,72.6,12.9,53.4,84.3,28.3
Romania,ROU,2008,Eastern Europe,0.621,0.495,0.429,0.413,0.492,8318,72.6,11.8,53.6,94.5,32.4
Romania,ROU,2009,Eastern Europe,0.666,0.529,0.462,0.447,0.529,7924.9,73.3,11.1,53.8,103.4,36.6
Romania,ROU,2010,Eastern Europe,0.68,0.55,0.474,0.463,0.538,7660.7,73.5,10.5,53.9,102.5,39.9
Romania,ROU,2011,Eastern Europe,0.684,0.553,0.476,0.466,0.541,8044.6,74.4,10,54,100.7,40
Romania,ROU,2012,Eastern Europe,0.674,0.54,0.471,0.449,0.537,8234.3,74.4,9.5,54,97.5,45.9
Romania,ROU,2013,Eastern Europe,0.672,0.563,0.47,0.462,0.524,8288,75.1,8.9,53.9,95.7,49.8
Romania,ROU,2014,Eastern Europe,0.676,0.57,0.47,0.465,0.523,8661.5,74.9,8.3,53.8,93.5,54.1
Romania,ROU,2015,Eastern Europe,0.716,0.609,0.501,0.514,0.554,8977,74.9,7.7,53.7,91.3,55.8
Romania,ROU,2016,Eastern Europe,0.733,0.63,0.506,0.644,0.569,9286.9,75.2,7.1,53.6,88.8,59.5
Romania,ROU,2017,Eastern Europe,0.695,0.532,0.452,0.33,0.516,10106.2,75.2,6.6,53.4,88.4,63.7
Romania,ROU,2018,Eastern Europe,0.692,0.483,0.479,0.318,0.511,10714.2,75.4,6.1,53.1,86.6,70.7
Romania,ROU,2019,Eastern Europe,0.75,0.555,0.557,0.378,0.552,11197.3,75.6,5.6,52.9,86.4,73.7
Romania,ROU,2020,Eastern Europe,0.805,0.676,0.605,0.466,0.601,10854,74.3,5.4,52.6,86.4,78.5
Romania,ROU,2021,Eastern Europe,0.766,0.611,0.58,0.536,0.541,11546.3,72.8,5.3,52.2,86.2,83.6
Romania,ROU,2022,Eastern Europe,0.691,0.542,0.502,0.341,0.482,12076.3,75.2,5.4,52.2,83,85.5
Romania,ROU,2023,Eastern Europe,0.677,0.503,0.473,0.307,0.482,12340.8,76.4,5.6,52.2,81.6,89.2
Russia,RUS,1990,Eastern Europe,0.234,0.096,0.115,0.248,0.247,7849.5,68.9,17.5,73.7,95.5,0
Russia,RUS,1991,Eastern Europe,0.255,0.129,0.154,0.259,0.249,7432,68.5,17.4,73.7,93.6,NA
Russia,RUS,1992,Eastern Europe,0.498,0.299,0.31,0.409,0.336,6345.9,66.9,17.5,73.4,93.2,0
Russia,RUS,1993,Eastern Europe,0.48,0.294,0.304,0.382,0.328,5798.9,64.9,17.7,73.1,92.4,0
Russia,RUS,1994,Eastern Europe,0.477,0.293,0.301,0.383,0.324,5071.7,64.5,17.8,73,90.8,0.1
Russia,RUS,1995,Eastern Europe,0.477,0.297,0.3,0.383,0.315,4862.6,64.7,17.8,72.9,90.6,0.1
Russia,RUS,1996,Eastern Europe,0.461,0.29,0.292,0.375,0.313,4686.9,65.9,17.5,73.1,91,0.3
Russia,RUS,1997,Eastern Europe,0.456,0.284,0.289,0.35,0.311,4760.3,66.7,17.2,73.1,90.8,0.5
Russia,RUS,1998,Eastern Europe,0.456,0.282,0.288,0.35,0.31,4515.5,67,16.8,73.2,91.6,0.8
Russia,RUS,1999,Eastern Europe,0.461,0.284,0.287,0.352,0.312,4819.4,66,16.2,73,91,1
Russia,RUS,2000,Eastern Europe,0.403,0.223,0.249,0.305,0.283,5323.7,65.5,15.6,73.2,NA,2
Russia,RUS,2001,Eastern Europe,0.374,0.201,0.228,0.288,0.261,5619,65.4,14.8,73.2,NA,2.9
Russia,RUS,2002,Eastern Europe,0.354,0.175,0.21,0.276,0.255,5910.2,65.1,13.9,73.3,NA,4.1
Russia,RUS,2003,Eastern Europe,0.339,0.165,0.204,0.269,0.246,6370.5,65,12.9,73.4,94.6,8.3
Russia,RUS,2004,Eastern Europe,0.321,0.153,0.199,0.251,0.239,6856.7,65.5,12,73.3,88.1,12.9
Russia,RUS,2005,Eastern Europe,0.32,0.149,0.193,0.229,0.237,7323.4,65.5,11.1,73.2,86.7,15.2
Russia,RUS,2006,Eastern Europe,0.322,0.15,0.19,0.236,0.241,7949.9,66.7,10.2,73.2,86.5,18
Russia,RUS,2007,Eastern Europe,0.316,0.146,0.188,0.231,0.237,8640.4,67.6,9.5,73.4,86.6,24.7
Russia,RUS,2008,Eastern Europe,0.302,0.139,0.186,0.236,0.228,9093.7,67.9,9,73.5,87,32
Russia,RUS,2009,Eastern Europe,0.309,0.141,0.187,0.244,0.229,8381.9,68.7,8.6,73.5,89.9,42.5
Russia,RUS,2010,Eastern Europe,0.306,0.135,0.183,0.239,0.227,8755.1,68.8,8.3,73.7,NA,49
Russia,RUS,2011,Eastern Europe,0.299,0.134,0.178,0.234,0.225,9120.8,69.7,8.1,73.9,94.6,58
Russia,RUS,2012,Eastern Europe,0.278,0.122,0.168,0.204,0.216,9464,70.1,7.9,74,95.5,66
Russia,RUS,2013,Eastern Europe,0.276,0.116,0.163,0.186,0.213,9601.5,70.6,7.6,74.1,96,68
Russia,RUS,2014,Eastern Europe,0.264,0.109,0.156,0.142,0.206,9493.8,70.7,7.1,74.2,95.6,70.5
Russia,RUS,2015,Eastern Europe,0.265,0.109,0.149,0.154,0.205,9277.7,71.2,6.6,74.3,96.3,70.1
Russia,RUS,2016,Eastern Europe,0.263,0.106,0.148,0.146,0.204,9269.3,71.7,6,74.4,95.8,73.1
Russia,RUS,2017,Eastern Europe,0.261,0.107,0.148,0.151,0.204,9419,72.5,5.5,74.5,97.5,76
Russia,RUS,2018,Eastern Europe,0.264,0.107,0.152,0.16,0.201,9674.8,72.7,5.1,74.5,99.2,80.9
Russia,RUS,2019,Eastern Europe,0.259,0.105,0.151,0.152,0.198,9882,73.1,4.8,74.6,100.5,82.6
Russia,RUS,2020,Eastern Europe,0.255,0.097,0.177,0.142,0.194,9632.3,71.3,4.6,74.7,91.6,85
Russia,RUS,2021,Eastern Europe,0.245,0.094,0.153,0.136,0.188,10231.3,69.9,4.4,74.8,92.2,88.2
Russia,RUS,2022,Eastern Europe,0.206,0.07,0.135,0.077,0.158,10119.1,72.5,4.3,74.9,92.8,90.4
Russia,RUS,2023,Eastern Europe,0.19,0.065,0.124,0.079,0.14,10560.5,73.3,4.2,75,92.5,92.2
Rwanda,RWA,1990,Africa,0.217,0.157,0.078,0.116,0.135,365.7,47.8,86.9,5.3,16.1,0
Rwanda,RWA,1991,Africa,0.256,0.18,0.089,0.251,0.147,349.3,46.2,92.6,5.4,15.9,NA
Rwanda,RWA,1992,Africa,0.29,0.193,0.107,0.274,0.158,362.3,44.4,101.5,5.7,14.6,NA
Rwanda,RWA,1993,Africa,0.187,0.129,0.081,0.231,0.131,320.5,42.9,111.5,6.4,NA,NA
Rwanda,RWA,1994,Africa,0.143,0.114,0.074,0.086,0.11,187.4,12.2,212.9,7.5,NA,NA
Rwanda,RWA,1995,Africa,0.104,0.118,0.107,0.1,0.138,303.3,41.5,126.5,8.8,NA,NA
Rwanda,RWA,1996,Africa,0.107,0.12,0.107,0.101,0.164,289.2,42.5,129,10.3,NA,0
Rwanda,RWA,1997,Africa,0.107,0.122,0.107,0.101,0.164,284.9,42,128.5,11.8,NA,0
Rwanda,RWA,1998,Africa,0.106,0.124,0.107,0.101,0.164,297.6,43.1,124.4,13.3,NA,0
Rwanda,RWA,1999,Africa,0.107,0.125,0.107,0.101,0.166,308,45.7,117.1,14.7,7.5,0.1
Rwanda,RWA,2000,Africa,0.114,0.104,0.111,0.149,0.169,331.1,47.8,108.1,15.8,10.2,0.1
Rwanda,RWA,2001,Africa,0.114,0.104,0.13,0.149,0.169,356,49.5,98.4,16.5,11.2,0.2
Rwanda,RWA,2002,Africa,0.115,0.104,0.13,0.149,0.169,397.6,51.3,88.7,16.9,12.1,0.3
Rwanda,RWA,2003,Africa,0.143,0.111,0.156,0.157,0.177,397.5,53.5,79.5,16.9,13.6,0.4
Rwanda,RWA,2004,Africa,0.198,0.123,0.184,0.187,0.193,415.9,55.5,71.1,16.9,15.3,0.4
Rwanda,RWA,2005,Africa,0.196,0.124,0.182,0.186,0.197,443,57,64,16.9,16.5,0.6
Rwanda,RWA,2006,Africa,0.197,0.124,0.184,0.186,0.198,471.2,58.3,58.1,16.9,18.2,NA
Rwanda,RWA,2007,Africa,0.197,0.123,0.181,0.187,0.197,493.8,59.5,53.2,16.9,20.4,2.1
Rwanda,RWA,2008,Africa,0.203,0.125,0.182,0.187,0.199,534.7,60.6,49.1,16.9,22.1,4.5
Rwanda,RWA,2009,Africa,0.22,0.13,0.186,0.194,0.209,553.6,61.8,45.7,16.9,26.6,7.7
Rwanda,RWA,2010,Africa,0.217,0.133,0.193,0.193,0.209,579.4,62.8,42.6,16.9,32.4,8
Rwanda,RWA,2011,Africa,0.216,0.133,0.194,0.193,0.21,610.4,63.5,39.3,16.9,36.6,7
Rwanda,RWA,2012,Africa,0.22,0.136,0.194,0.194,0.214,647.4,64.2,37.4,16.9,39.7,8
Rwanda,RWA,2013,Africa,0.221,0.136,0.188,0.195,0.223,661.9,64.7,35.9,17.1,30.2,9
Rwanda,RWA,2014,Africa,0.226,0.139,0.189,0.198,0.223,682.7,65.1,34.7,17.5,41.8,10.6
Rwanda,RWA,2015,Africa,0.226,0.138,0.199,0.203,0.224,725.7,65.4,33.9,18.2,39.4,12.5
Rwanda,RWA,2016,Africa,0.226,0.128,0.197,0.209,0.205,748.8,65.7,33.2,19.1,38.5,14.6
Rwanda,RWA,2017,Africa,0.222,0.116,0.197,0.21,0.201,765.8,66.1,32.7,20.2,39.7,17.2
Rwanda,RWA,2018,Africa,0.226,0.118,0.196,0.211,0.201,808.7,66.4,32.2,21.5,41.2,19.2
Rwanda,RWA,2019,Africa,0.227,0.12,0.185,0.213,0.204,863.9,66.7,31.7,23,44.1,21.4
Rwanda,RWA,2020,Africa,0.227,0.12,0.175,0.212,0.205,821.3,67,31.3,24.5,NA,23.8
Rwanda,RWA,2021,Africa,0.226,0.11,0.167,0.212,0.199,871,66.8,30.9,26.1,44.2,24.4
Rwanda,RWA,2022,Africa,0.219,0.11,0.163,0.208,0.199,935.9,67.5,30.5,27.8,44.2,28
Rwanda,RWA,2023,Africa,0.212,0.099,0.138,0.189,0.172,993.9,67.8,30.1,28.9,45.1,28.8
Sao Tome and Principe,STP,1990,Africa,0.234,0.201,0.175,0.198,0.194,967.5,60.7,65.5,43.7,NA,0
Sao Tome and Principe,STP,1991,Africa,0.54,0.403,0.351,0.364,0.378,957.9,60.8,66.1,44.8,NA,NA
Sao Tome and Principe,STP,1992,Africa,0.623,0.493,0.409,0.418,0.427,946.5,60.7,66.2,45.8,NA,NA
Sao Tome and Principe,STP,1993,Africa,0.631,0.501,0.414,0.422,0.431,939.6,60.6,65.9,46.7,NA,NA
Sao Tome and Principe,STP,1994,Africa,0.633,0.503,0.416,0.424,0.433,943.9,60.6,65.1,47.6,NA,NA
Sao Tome and Principe,STP,1995,Africa,0.64,0.508,0.412,0.428,0.438,947.3,60.5,63.7,48.5,NA,NA
Sao Tome and Principe,STP,1996,Africa,0.626,0.5,0.401,0.42,0.428,947,60.6,61.9,49.4,NA,NA
Sao Tome and Principe,STP,1997,Africa,0.614,0.492,0.4,0.413,0.421,943,60.6,59.6,50.2,NA,NA
Sao Tome and Principe,STP,1998,Africa,0.618,0.495,0.4,0.415,0.424,954,60.8,56.8,51.1,NA,0.3
Sao Tome and Principe,STP,1999,Africa,0.642,0.513,0.414,0.428,0.439,966.2,61,53.9,52,NA,0.4
Sao Tome and Principe,STP,2000,Africa,0.642,0.509,0.412,0.428,0.439,959.9,61.2,50.7,53,NA,4.6
Sao Tome and Principe,STP,2001,Africa,0.644,0.511,0.411,0.431,0.44,973.4,61.5,47.4,54,NA,6.3
Sao Tome and Principe,STP,2002,Africa,0.637,0.505,0.405,0.426,0.435,982.3,61.8,44.1,55.1,NA,7.6
Sao Tome and Principe,STP,2003,Africa,0.637,0.511,0.403,0.426,0.434,1036.9,62.2,40.9,56.4,36.1,10.2
Sao Tome and Principe,STP,2004,Africa,0.637,0.517,0.399,0.426,0.448,1047.1,62.6,37.8,57.9,39.7,13.3
Sao Tome and Principe,STP,2005,Africa,0.641,0.524,0.404,0.427,0.451,1089.1,62.4,34.9,59.4,43,13.8
Sao Tome and Principe,STP,2006,Africa,0.642,0.526,0.402,0.428,0.452,1157.1,63,32.1,61,NA,14.2
Sao Tome and Principe,STP,2007,Africa,0.643,0.527,0.4,0.428,0.444,1170.5,63.3,29.6,62.5,46.5,14.6
Sao Tome and Principe,STP,2008,Africa,0.643,0.527,0.398,0.428,0.454,1214.1,63.4,27.3,63.9,43.6,15.5
Sao Tome and Principe,STP,2009,Africa,0.643,0.527,0.396,0.428,0.454,1225.6,63.7,25.2,65.1,49.2,16.4
Sao Tome and Principe,STP,2010,Africa,0.653,0.536,0.404,0.438,0.46,1216.4,63.9,23.2,66.1,50.3,18.8
Sao Tome and Principe,STP,2011,Africa,0.657,0.54,0.407,0.441,0.463,1215,64.1,21.3,66.7,48.8,20.2
Sao Tome and Principe,STP,2012,Africa,0.654,0.537,0.399,0.441,0.461,1225.7,64.5,19.6,67,56.3,21.6
Sao Tome and Principe,STP,2013,Africa,0.655,0.547,0.402,0.459,0.459,1263.7,64.9,18.1,67.1,63.3,23
Sao Tome and Principe,STP,2014,Africa,0.657,0.548,0.403,0.467,0.46,1301.3,65.5,16.6,67.3,74.3,24.4
Sao Tome and Principe,STP,2015,Africa,0.664,0.554,0.409,0.472,0.465,1298.1,66,15.2,67.4,82.4,25.8
Sao Tome and Principe,STP,2016,Africa,0.658,0.548,0.403,0.466,0.461,1342.5,66.6,14,67.5,83.9,28
Sao Tome and Principe,STP,2017,Africa,0.647,0.537,0.402,0.458,0.454,1375.6,67.1,12.9,67.7,90.4,32.6
Sao Tome and Principe,STP,2018,Africa,0.65,0.531,0.405,0.459,0.454,1413.8,67.6,12,67.8,NA,38
Sao Tome and Principe,STP,2019,Africa,0.67,0.556,0.421,0.472,0.463,1420.7,68,11.3,67.9,NA,44.3
Sao Tome and Principe,STP,2020,Africa,0.66,0.557,0.415,0.444,0.463,1430.8,68,10.8,68,NA,51.6
Sao Tome and Principe,STP,2021,Africa,0.657,0.554,0.411,0.433,0.463,1428.3,68,10.3,68.2,NA,54.9
Sao Tome and Principe,STP,2022,Africa,0.65,0.542,0.408,0.427,0.455,1403.2,69.2,9.9,68.4,NA,58.6
Sao Tome and Principe,STP,2023,Africa,0.644,0.54,0.403,0.421,0.451,1380.6,69.7,9.5,68.6,NA,58.7
Saudi Arabia,SAU,1990,Middle East,0.013,0.037,0.018,0.03,0.108,25919,68.9,40.6,77,NA,0
Saudi Arabia,SAU,1991,Middle East,0.013,0.037,0.019,0.03,0.109,26742.7,69.3,37.5,77.6,NA,NA
Saudi Arabia,SAU,1992,Middle East,0.013,0.039,0.019,0.03,0.109,26709,69.8,34.6,78,NA,NA
Saudi Arabia,SAU,1993,Middle East,0.016,0.039,0.019,0.031,0.109,25649.1,70.2,32.1,78.3,NA,NA
Saudi Arabia,SAU,1994,Middle East,0.016,0.039,0.019,0.031,0.109,24808.7,70.6,29.8,78.6,NA,NA
Saudi Arabia,SAU,1995,Middle East,0.015,0.039,0.019,0.03,0.109,23876.2,70.9,27.7,78.9,NA,0
Saudi Arabia,SAU,1996,Middle East,0.016,0.039,0.019,0.03,0.109,23699.1,71.3,25.8,79.2,NA,0
Saudi Arabia,SAU,1997,Middle East,0.016,0.039,0.019,0.03,0.109,23406,71.6,24.1,79.4,NA,0.1
Saudi Arabia,SAU,1998,Middle East,0.016,0.039,0.019,0.03,0.109,23179.9,72,22.5,79.6,NA,0.1
Saudi Arabia,SAU,1999,Middle East,0.016,0.039,0.019,0.035,0.109,22214.4,72.3,21.1,79.8,NA,0.5
Saudi Arabia,SAU,2000,Middle East,0.017,0.04,0.019,0.043,0.098,22247.9,72.6,19.8,80,NA,2.2
Saudi Arabia,SAU,2001,Middle East,0.018,0.039,0.02,0.042,0.098,21193.1,73,18.6,80.2,NA,4.7
Saudi Arabia,SAU,2002,Middle East,0.018,0.039,0.02,0.042,0.099,20025.4,73.3,17.5,80.3,NA,6.4
Saudi Arabia,SAU,2003,Middle East,0.018,0.039,0.02,0.042,0.099,20765.9,73.7,16.4,80.5,NA,8
Saudi Arabia,SAU,2004,Middle East,0.018,0.039,0.02,0.042,0.098,21545.9,74,15.4,80.8,NA,10.2
Saudi Arabia,SAU,2005,Middle East,0.019,0.042,0.026,0.052,0.104,21838.2,74.4,14.5,81,87.1,12.7
Saudi Arabia,SAU,2006,Middle East,0.019,0.043,0.027,0.052,0.104,21616.3,74.8,13.6,81.2,NA,19.5
Saudi Arabia,SAU,2007,Middle East,0.019,0.043,0.026,0.052,0.104,21196.8,75.1,12.7,81.4,91.7,30
Saudi Arabia,SAU,2008,Middle East,0.019,0.044,0.024,0.052,0.104,21629.8,75.3,11.9,81.6,NA,36
Saudi Arabia,SAU,2009,Middle East,0.019,0.045,0.024,0.052,0.104,20577.5,75.4,11.1,81.9,99.8,38
Saudi Arabia,SAU,2010,Middle East,0.02,0.046,0.024,0.052,0.105,21830.1,75.6,10.4,82.1,NA,41
Saudi Arabia,SAU,2011,Middle East,0.02,0.046,0.026,0.052,0.105,23314.6,75.8,9.7,82.3,NA,47.5
Saudi Arabia,SAU,2012,Middle East,0.019,0.046,0.023,0.052,0.105,23643,76.1,9,82.4,NA,54
Saudi Arabia,SAU,2013,Middle East,0.018,0.046,0.022,0.052,0.103,23057.3,76.5,8.4,82.6,93,60.5
Saudi Arabia,SAU,2014,Middle East,0.017,0.046,0.023,0.052,0.103,23404.7,77.1,7.8,82.8,98.8,64.7
Saudi Arabia,SAU,2015,Middle East,0.016,0.046,0.029,0.047,0.101,23256.2,77.8,7.3,83,103,69.6
Saudi Arabia,SAU,2016,Middle East,0.016,0.044,0.025,0.05,0.103,22783,78.4,6.8,83.1,105.5,74.9
Saudi Arabia,SAU,2017,Middle East,0.014,0.043,0.025,0.043,0.108,23035.1,78.7,6.4,83.3,106.2,94.2
Saudi Arabia,SAU,2018,Middle East,0.015,0.042,0.025,0.044,0.105,24393.5,78.8,6,83.5,106.4,93.3
Saudi Arabia,SAU,2019,Middle East,0.015,0.045,0.022,0.047,0.11,24905.7,78.3,5.7,83.6,104,95.7
Saudi Arabia,SAU,2020,Middle East,0.014,0.045,0.022,0.062,0.106,22827.7,77.6,5.4,83.8,104.4,97.9
Saudi Arabia,SAU,2021,Middle East,0.015,0.045,0.023,0.056,0.108,24922.7,77.1,5.2,84,104.3,100
Saudi Arabia,SAU,2022,Middle East,0.015,0.046,0.028,0.061,0.106,26706.9,77.3,5,84.1,122.2,100
Saudi Arabia,SAU,2023,Middle East,0.014,0.045,0.024,0.062,0.114,25634.8,78.7,4.8,84.3,NA,100
Senegal,SEN,1990,Africa,0.505,0.381,0.277,0.423,0.357,990.8,56.7,73,38.9,14.4,0
Senegal,SEN,1991,Africa,0.522,0.389,0.288,0.435,0.366,988.6,57,72.6,39.1,NA,NA
Senegal,SEN,1992,Africa,0.53,0.396,0.294,0.457,0.365,974.1,57.3,72.9,39.3,14.7,NA
Senegal,SEN,1993,Africa,0.61,0.448,0.336,0.516,0.416,960.5,57.3,73.7,39.5,NA,NA
Senegal,SEN,1994,Africa,0.627,0.463,0.345,0.53,0.428,934.7,57.5,74.7,39.7,NA,NA
Senegal,SEN,1995,Africa,0.635,0.468,0.361,0.536,0.434,960.8,57.3,75.7,39.8,NA,0
Senegal,SEN,1996,Africa,0.638,0.471,0.364,0.539,0.439,956.6,57.1,76.6,40,14.1,0
Senegal,SEN,1997,Africa,0.638,0.472,0.364,0.539,0.439,962.7,57.1,77.2,40.1,13.9,0
Senegal,SEN,1998,Africa,0.641,0.474,0.365,0.541,0.44,996,57.1,77.1,40.3,13.8,0.1
Senegal,SEN,1999,Africa,0.642,0.475,0.366,0.543,0.441,1033.8,57.3,76.1,40.5,14.6,0.3
Senegal,SEN,2000,Africa,0.679,0.509,0.396,0.579,0.476,1048.4,57.6,74,40.7,15.2,0.4
Senegal,SEN,2001,Africa,0.602,0.441,0.375,0.538,0.445,1067.4,58.2,70.6,40.9,15.6,1
Senegal,SEN,2002,Africa,0.685,0.536,0.421,0.599,0.497,1042.3,58.9,66.4,41.1,16.9,1
Senegal,SEN,2003,Africa,0.685,0.536,0.421,0.591,0.492,1074.4,59.5,61.9,41.4,NA,2.1
Senegal,SEN,2004,Africa,0.685,0.536,0.421,0.591,0.492,1098.2,60.3,57.5,41.6,20,4.4
Senegal,SEN,2005,Africa,0.685,0.536,0.421,0.591,0.492,1119.1,61,53.5,41.9,22.2,4.8
Senegal,SEN,2006,Africa,0.685,0.536,0.419,0.591,0.492,1118.8,61.8,50.1,42.2,24.2,5.6
Senegal,SEN,2007,Africa,0.672,0.523,0.41,0.581,0.483,1124,62.7,47.3,42.5,NA,6.9
Senegal,SEN,2008,Africa,0.674,0.526,0.41,0.582,0.484,1138.7,63.2,44.9,42.9,30.7,7.1
Senegal,SEN,2009,Africa,0.668,0.52,0.404,0.578,0.481,1142.7,63.8,43.1,43.2,NA,7.5
Senegal,SEN,2010,Africa,0.684,0.532,0.412,0.592,0.504,1153.5,64.2,41.5,43.6,37.1,8
Senegal,SEN,2011,Africa,0.684,0.532,0.41,0.592,0.504,1139.7,64.8,40.3,44.1,42.6,9.8
Senegal,SEN,2012,Africa,0.696,0.54,0.419,0.607,0.514,1154.1,65.2,39.3,44.5,46.4,10.8
Senegal,SEN,2013,Africa,0.722,0.585,0.444,0.617,0.544,1147.4,65.6,38.5,45,49.1,13.1
Senegal,SEN,2014,Africa,0.726,0.584,0.436,0.615,0.546,1180.8,66,37.8,45.6,50.5,17.7
Senegal,SEN,2015,Africa,0.726,0.586,0.434,0.615,0.543,1218,66.5,37.3,46.3,50.5,21.7
Senegal,SEN,2016,Africa,0.726,0.578,0.449,0.608,0.542,1257.4,66.7,36.8,47.1,NA,25.7
Senegal,SEN,2017,Africa,0.701,0.556,0.452,0.577,0.531,1312.1,67.1,36.3,47.9,NA,29.6
Senegal,SEN,2018,Africa,0.688,0.536,0.441,0.551,0.509,1355.1,67.4,35.7,48.9,NA,35.3
Senegal,SEN,2019,Africa,0.697,0.543,0.45,0.56,0.512,1379.6,67.7,34.8,49.9,44.5,43.4
Senegal,SEN,2020,Africa,0.728,0.563,0.463,0.608,0.541,1361.8,67.5,33.7,51.1,44.8,53.3
Senegal,SEN,2021,Africa,0.714,0.558,0.452,0.598,0.537,1414.5,66.9,32.5,52.2,45.2,55
Senegal,SEN,2022,Africa,0.686,0.536,0.437,0.596,0.519,1433.2,67.8,31.2,53.4,45.4,56.8
Senegal,SEN,2023,Africa,0.625,0.474,0.401,0.534,0.457,1459,68.7,30,54.7,44.1,59.2
Serbia,SRB,1990,Eastern Europe,0.2,0.15,0.15,0.119,0.219,NA,72.2,24.2,50.4,NA,NA
Serbia,SRB,1991,Eastern Europe,0.164,0.103,0.137,0.102,0.196,NA,71.9,22.4,50.8,NA,NA
Serbia,SRB,1992,Eastern Europe,0.238,0.15,0.145,0.123,0.233,NA,71.6,21.3,51.3,NA,NA
Serbia,SRB,1993,Eastern Europe,0.288,0.181,0.171,0.138,0.247,NA,71.8,20.1,51.8,NA,NA
Serbia,SRB,1994,Eastern Europe,0.288,0.18,0.171,0.138,0.246,NA,72.2,18.6,52.4,NA,NA
Serbia,SRB,1995,Eastern Europe,0.288,0.18,0.181,0.143,0.246,3012.5,72.6,16.9,52.9,NA,NA
Serbia,SRB,1996,Eastern Europe,0.293,0.185,0.183,0.144,0.248,3200.8,72.8,15.1,53.5,NA,NA
Serbia,SRB,1997,Eastern Europe,0.299,0.188,0.181,0.145,0.251,3497.6,72.8,13.4,54,NA,NA
Serbia,SRB,1998,Eastern Europe,0.298,0.185,0.185,0.139,0.251,3699.4,72.2,12.2,54.6,NA,NA
Serbia,SRB,1999,Eastern Europe,0.298,0.185,0.183,0.13,0.25,3329.5,69.9,11.5,55.1,NA,NA
Serbia,SRB,2000,Eastern Europe,0.364,0.272,0.261,0.347,0.3,3542.4,71.6,11,55.6,91.2,NA
Serbia,SRB,2001,Eastern Europe,0.584,0.481,0.393,0.511,0.448,3789,72.2,10.5,56,89.8,NA
Serbia,SRB,2002,Eastern Europe,0.61,0.499,0.411,0.531,0.465,4038.7,72.3,9.9,56.5,88.7,NA
Serbia,SRB,2003,Eastern Europe,0.646,0.53,0.439,0.561,0.492,4233.8,72.4,9.2,56.9,88.3,NA
Serbia,SRB,2004,Eastern Europe,0.634,0.521,0.427,0.549,0.482,4527.4,72.7,8.4,57.3,88.2,23.5
Serbia,SRB,2005,Eastern Europe,0.634,0.523,0.423,0.538,0.482,4809.1,72.8,7.8,57.8,88.6,26.3
Serbia,SRB,2006,Eastern Europe,0.633,0.524,0.439,0.546,0.481,5016.4,73.4,7.3,58.2,89,27.2
Serbia,SRB,2007,Eastern Europe,0.628,0.527,0.434,0.542,0.48,5431.3,73.6,7.1,58.6,89.4,33.1
Serbia,SRB,2008,Eastern Europe,0.628,0.525,0.428,0.528,0.479,5735.9,73.9,6.9,58.9,90.5,35.6
Serbia,SRB,2009,Eastern Europe,0.623,0.521,0.423,0.512,0.477,5578,74,6.7,59.2,91.5,38.1
Serbia,SRB,2010,Eastern Europe,0.61,0.503,0.41,0.496,0.468,5690.7,74.3,6.6,59.4,91.4,40.9
Serbia,SRB,2011,Eastern Europe,0.607,0.501,0.408,0.494,0.468,5737,74.5,6.4,59.4,93.6,42.2
Serbia,SRB,2012,Eastern Europe,0.593,0.486,0.393,0.483,0.453,5739.3,74.8,6.1,59.3,94.2,48.1
Serbia,SRB,2013,Eastern Europe,0.502,0.401,0.334,0.357,0.386,5793.3,75.2,5.9,59.6,94.4,53.5
Serbia,SRB,2014,Eastern Europe,0.44,0.35,0.293,0.3,0.35,5716.5,75.3,5.6,59.9,94.3,62.1
Serbia,SRB,2015,Eastern Europe,0.422,0.341,0.281,0.294,0.338,5820.3,75.3,5.4,60.1,96.7,65.3
Serbia,SRB,2016,Eastern Europe,0.411,0.321,0.276,0.275,0.329,6025,75.7,5.2,60.4,96.2,67.1
Serbia,SRB,2017,Eastern Europe,0.376,0.29,0.249,0.261,0.306,6200.3,75.5,5.1,60.6,95.5,70.3
Serbia,SRB,2018,Eastern Europe,0.354,0.283,0.233,0.236,0.305,6524.1,75.9,4.9,60.8,95.1,73.4
Serbia,SRB,2019,Eastern Europe,0.365,0.28,0.245,0.208,0.317,6870.8,75.9,4.8,61,94.5,77.4
Serbia,SRB,2020,Eastern Europe,0.349,0.244,0.232,0.194,0.306,6851,74.5,4.7,61.2,92.2,78.4
Serbia,SRB,2021,Eastern Europe,0.336,0.236,0.226,0.181,0.296,7465.7,72.8,4.6,61.4,92.4,81.2
Serbia,SRB,2022,Eastern Europe,0.357,0.259,0.243,0.222,0.316,7863,75.2,4.6,61.9,92,83.5
Serbia,SRB,2023,Eastern Europe,0.36,0.248,0.242,0.222,0.31,8208.5,76.1,4.5,62.1,NA,85.4
Seychelles,SYC,1990,Africa,0.21,0.178,0.051,0.114,0.23,8779.9,68.1,13.2,48.9,NA,0
Seychelles,SYC,1991,Africa,0.218,0.18,0.062,0.116,0.237,8902.8,70.7,12.8,48.7,116.7,NA
Seychelles,SYC,1992,Africa,0.279,0.213,0.092,0.207,0.279,9497.8,71.2,12.5,48.4,118.9,NA
Seychelles,SYC,1993,Africa,0.34,0.248,0.137,0.259,0.311,9981.2,69.5,12.3,48.1,118,NA
Seychelles,SYC,1994,Africa,0.353,0.253,0.13,0.264,0.317,9481.9,70.7,12.1,47.7,119.8,NA
Seychelles,SYC,1995,Africa,0.362,0.257,0.13,0.268,0.322,9388.8,72.5,12,46.9,115.1,NA
Seychelles,SYC,1996,Africa,0.36,0.255,0.129,0.267,0.32,10177.1,71.6,11.9,45.4,117.1,0.7
Seychelles,SYC,1997,Africa,0.365,0.258,0.13,0.269,0.323,11284.8,71.2,11.8,44.4,NA,1.3
Seychelles,SYC,1998,Africa,0.367,0.259,0.132,0.271,0.325,11339.3,71.7,11.8,44,102.9,2.5
Seychelles,SYC,1999,Africa,0.368,0.259,0.143,0.272,0.325,11326.9,72.7,11.8,43.6,75.9,6.2
Seychelles,SYC,2000,Africa,0.368,0.264,0.143,0.279,0.325,11703.8,72.8,11.8,43.4,86,7.4
Seychelles,SYC,2001,Africa,0.359,0.259,0.14,0.274,0.321,11427.9,73.3,11.9,43.2,78.6,11
Seychelles,SYC,2002,Africa,0.361,0.263,0.141,0.277,0.321,11218.3,71.1,11.9,43.1,74.5,14.3
Seychelles,SYC,2003,Africa,0.396,0.305,0.151,0.293,0.341,10678,71,12,43,77.5,14.6
Seychelles,SYC,2004,Africa,0.439,0.347,0.168,0.317,0.367,10412.1,72.7,12,42.9,77.4,24.3
Seychelles,SYC,2005,Africa,0.44,0.348,0.167,0.316,0.367,11297.3,72.1,12.1,42.9,84.5,25.4
Seychelles,SYC,2006,Africa,0.449,0.352,0.17,0.323,0.373,12105.4,72.2,12.2,42.8,77.9,35
Seychelles,SYC,2007,Africa,0.474,0.368,0.179,0.336,0.388,13112.8,73.1,12.3,42.7,84.6,38.4
Seychelles,SYC,2008,Africa,0.48,0.373,0.182,0.343,0.393,12473.3,73.2,12.4,42.7,81.2,40.4
Seychelles,SYC,2009,Africa,0.478,0.371,0.18,0.35,0.393,12116.4,73.1,12.5,42.7,81,NA
Seychelles,SYC,2010,Africa,0.478,0.373,0.183,0.35,0.393,12313.6,73.2,12.6,42.7,76.2,41
Seychelles,SYC,2011,Africa,0.479,0.377,0.183,0.354,0.393,13843.7,72.7,12.7,42.7,74.5,43.2
Seychelles,SYC,2012,Africa,0.477,0.373,0.182,0.352,0.391,14135,74.3,12.8,42.7,84.5,47.1
Seychelles,SYC,2013,Africa,0.491,0.396,0.196,0.366,0.398,14050.3,73.1,12.9,42.8,84.7,50.4
Seychelles,SYC,2014,Africa,0.495,0.4,0.198,0.371,0.402,14395.6,73.2,13.1,42.9,89.4,51.3
Seychelles,SYC,2015,Africa,0.518,0.427,0.208,0.387,0.417,15333.1,74.3,13.2,43.1,92.1,54.3
Seychelles,SYC,2016,Africa,0.585,0.491,0.237,0.485,0.467,16962.7,74.3,13.3,43.3,101.7,56.5
Seychelles,SYC,2017,Africa,0.599,0.509,0.243,0.5,0.481,17921.6,74.3,13.4,43.5,112.3,62.6
Seychelles,SYC,2018,Africa,0.605,0.524,0.246,0.513,0.49,18628.2,72.8,13.5,43.7,108.3,69.2
Seychelles,SYC,2019,Africa,0.621,0.535,0.267,0.523,0.5,19481.6,74,13.6,44,100.8,76.6
Seychelles,SYC,2020,Africa,0.666,0.575,0.281,0.573,0.535,17048.4,77.2,13.6,44.3,102.2,79.3
Seychelles,SYC,2021,Africa,0.711,0.634,0.306,0.641,0.573,17005,73.4,13.5,44.6,103,82
Seychelles,SYC,2022,Africa,0.735,0.648,0.321,0.666,0.61,15471.2,74.5,13.4,44.9,76.9,84.8
Seychelles,SYC,2023,Africa,0.728,0.641,0.317,0.667,0.605,16286.9,75.4,13.1,45.1,74.3,86
Sierra Leone,SLE,1990,Africa,0.196,0.086,0.117,0.124,0.084,992.3,43.7,135.4,33.5,16.6,0
Sierra Leone,SLE,1991,Africa,0.197,0.06,0.123,0.139,0.088,1003.8,43.3,135.1,33.7,15.8,NA
Sierra Leone,SLE,1992,Africa,0.165,0.049,0.117,0.121,0.095,828.5,43.5,134.8,33.9,NA,NA
Sierra Leone,SLE,1993,Africa,0.145,0.032,0.112,0.115,0.09,841.8,43.4,134.5,34.1,NA,0
Sierra Leone,SLE,1994,Africa,0.153,0.034,0.114,0.118,0.092,822.2,42.8,133.8,34.3,NA,0
Sierra Leone,SLE,1995,Africa,0.159,0.035,0.115,0.158,0.093,755.3,42.6,132.9,34.5,NA,0
Sierra Leone,SLE,1996,Africa,0.281,0.12,0.168,0.264,0.142,764.9,43.5,131.6,34.7,NA,0
Sierra Leone,SLE,1997,Africa,0.292,0.094,0.18,0.271,0.149,710.7,43.6,130,34.9,NA,0
Sierra Leone,SLE,1998,Africa,0.22,0.075,0.154,0.239,0.124,716.3,42.7,128,35.1,NA,0
Sierra Leone,SLE,1999,Africa,0.23,0.081,0.157,0.243,0.128,698.5,42,125.9,35.3,NA,0
Sierra Leone,SLE,2000,Africa,0.232,0.088,0.156,0.247,0.133,727.2,44.8,123.4,35.5,NA,0.1
Sierra Leone,SLE,2001,Africa,0.232,0.088,0.156,0.247,0.141,642,45.4,120.8,35.8,25.5,0.2
Sierra Leone,SLE,2002,Africa,0.43,0.261,0.289,0.347,0.258,766.8,46.2,118.2,36,NA,0.2
Sierra Leone,SLE,2003,Africa,0.56,0.362,0.352,0.421,0.317,806.1,46.8,115.4,36.3,NA,0.2
Sierra Leone,SLE,2004,Africa,0.557,0.36,0.372,0.408,0.315,829.8,47.5,112.4,36.5,NA,0.2
Sierra Leone,SLE,2005,Africa,0.557,0.353,0.371,0.421,0.315,842.9,48.3,109.3,36.8,NA,0.2
Sierra Leone,SLE,2006,Africa,0.557,0.35,0.37,0.421,0.315,859.8,49.5,105.9,37.2,NA,0.2
Sierra Leone,SLE,2007,Africa,0.539,0.346,0.358,0.407,0.306,872.7,50,102.3,37.5,NA,0.2
Sierra Leone,SLE,2008,Africa,0.517,0.325,0.344,0.389,0.288,882.5,50.7,98.6,37.9,NA,0.2
Sierra Leone,SLE,2009,Africa,0.514,0.324,0.343,0.388,0.286,872.2,51.3,94.7,38.2,NA,0.3
Sierra Leone,SLE,2010,Africa,0.514,0.328,0.342,0.393,0.291,902.8,51.9,90.8,38.6,NA,0.6
Sierra Leone,SLE,2011,Africa,0.514,0.328,0.342,0.393,0.291,950.8,52.6,87,39,40.4,0.9
Sierra Leone,SLE,2012,Africa,0.508,0.324,0.338,0.389,0.288,1025,53.2,83.4,39.5,44.6,2.5
Sierra Leone,SLE,2013,Africa,0.514,0.318,0.34,0.374,0.3,1146.8,54.1,80.1,39.9,39.2,4
Sierra Leone,SLE,2014,Africa,0.514,0.318,0.34,0.378,0.3,1032.2,54.3,77.8,40.3,NA,6.1
Sierra Leone,SLE,2015,Africa,0.514,0.318,0.34,0.378,0.3,964.6,55.5,76.9,40.8,39.8,6.3
Sierra Leone,SLE,2016,Africa,0.514,0.314,0.34,0.379,0.3,1002.8,56.9,71.3,41.2,42.1,7.7
Sierra Leone,SLE,2017,Africa,0.52,0.346,0.347,0.451,0.314,1010.5,57.8,68.7,41.7,41.5,9.3
Sierra Leone,SLE,2018,Africa,0.548,0.38,0.367,0.483,0.344,1015.7,59.1,66.3,42.2,43.1,14.4
Sierra Leone,SLE,2019,Africa,0.554,0.392,0.37,0.487,0.351,1047,59.6,64,42.7,61.2,15.7
Sierra Leone,SLE,2020,Africa,0.561,0.426,0.375,0.512,0.379,1010.3,59.7,61.9,43.2,62.6,17.1
Sierra Leone,SLE,2021,Africa,0.562,0.436,0.375,0.512,0.399,1045.8,60.3,59.9,43.7,73.4,18.7
Sierra Leone,SLE,2022,Africa,0.57,0.439,0.368,0.513,0.391,1077.1,61.3,58.1,44.3,NA,21.5
Sierra Leone,SLE,2023,Africa,0.512,0.391,0.332,0.466,0.353,1113.9,61.8,56.3,44.8,86.9,23.7
Singapore,SGP,1990,Asia,0.365,0.299,0.096,0.302,0.321,23272.7,75.3,6.1,100,NA,0
Singapore,SGP,1991,Asia,0.368,0.301,0.097,0.304,0.324,24132.7,75.6,5.5,100,NA,0.2
Singapore,SGP,1992,Asia,0.36,0.297,0.094,0.298,0.319,24973.4,75.9,5,100,NA,0.5
Singapore,SGP,1993,Asia,0.36,0.297,0.094,0.299,0.319,27140,76,4.6,100,NA,0.8
Singapore,SGP,1994,Asia,0.361,0.297,0.094,0.3,0.319,29220.3,76.2,4.2,100,NA,1.2
Singapore,SGP,1995,Asia,0.361,0.297,0.094,0.3,0.319,30379.9,76.3,4,100,NA,2.9
Singapore,SGP,1996,Asia,0.362,0.299,0.095,0.302,0.32,31349.3,76.6,3.8,100,NA,8.3
Singapore,SGP,1997,Asia,0.375,0.304,0.097,0.309,0.328,32835.3,76.9,3.6,100,NA,13.5
Singapore,SGP,1998,Asia,0.375,0.304,0.097,0.309,0.328,31043.1,77.3,3.4,100,NA,19.6
Singapore,SGP,1999,Asia,0.371,0.301,0.096,0.306,0.325,32557,77.6,3.2,100,NA,24.2
Singapore,SGP,2000,Asia,0.378,0.309,0.101,0.309,0.346,34890.1,78,3,100,NA,36
Singapore,SGP,2001,Asia,0.378,0.309,0.101,0.309,0.346,33597.9,78.3,2.8,100,NA,41.7
Singapore,SGP,2002,Asia,0.377,0.308,0.1,0.309,0.346,34598.8,78.6,2.7,100,NA,47
Singapore,SGP,2003,Asia,0.377,0.308,0.1,0.309,0.346,36709.8,79,2.5,100,NA,53.8
Singapore,SGP,2004,Asia,0.377,0.308,0.1,0.309,0.346,39856.6,79.5,2.4,100,NA,62
Singapore,SGP,2005,Asia,0.375,0.307,0.1,0.307,0.344,41798.5,80,2.3,100,NA,61
Singapore,SGP,2006,Asia,0.386,0.311,0.105,0.314,0.349,44159.4,80.1,2.3,100,NA,59
Singapore,SGP,2007,Asia,0.384,0.311,0.104,0.313,0.349,46178.8,80.4,2.3,100,NA,69.9
Singapore,SGP,2008,Asia,0.387,0.311,0.105,0.314,0.349,44601.6,80.8,2.2,100,NA,69
Singapore,SGP,2009,Asia,0.39,0.314,0.105,0.316,0.352,43331.9,81.2,2.2,100,NA,69
Singapore,SGP,2010,Asia,0.39,0.314,0.102,0.332,0.352,48752.1,81.5,2.2,100,NA,71
Singapore,SGP,2011,Asia,0.403,0.324,0.105,0.345,0.36,50713.5,81.7,2.2,100,NA,71
Singapore,SGP,2012,Asia,0.419,0.334,0.115,0.355,0.368,51679.4,82,2.2,100,NA,72
Singapore,SGP,2013,Asia,0.414,0.33,0.111,0.352,0.366,53299,82.2,2.2,100,NA,80.9
Singapore,SGP,2014,Asia,0.414,0.33,0.111,0.352,0.366,54681.9,82.5,2.2,100,NA,79
Singapore,SGP,2015,Asia,0.416,0.331,0.11,0.353,0.367,55645.6,82.7,2.2,100,NA,79
Singapore,SGP,2016,Asia,0.424,0.337,0.113,0.359,0.372,57076.5,82.8,2.1,100,107.7,84.5
Singapore,SGP,2017,Asia,0.425,0.345,0.119,0.348,0.352,59493.4,83.1,2.1,100,107.5,84.5
Singapore,SGP,2018,Asia,0.409,0.336,0.115,0.339,0.349,61101.5,83.3,2,100,105.7,88.2
Singapore,SGP,2019,Asia,0.403,0.33,0.113,0.335,0.343,61106.3,83.6,2,100,104.6,88.9
Singapore,SGP,2020,Asia,0.402,0.332,0.107,0.337,0.349,59083.9,83.5,2,100,103.1,92
Singapore,SGP,2021,Asia,0.395,0.329,0.112,0.338,0.347,67846.9,83.1,2,100,103,96.9
Singapore,SGP,2022,Asia,0.395,0.328,0.111,0.332,0.347,68271.1,82.9,2,100,103,96
Singapore,SGP,2023,Asia,0.405,0.334,0.111,0.333,0.353,65976.7,83.1,2.1,100,103.1,94.3
Slovakia,SVK,1993,Eastern Europe,0.75,0.628,0.476,0.459,0.565,6946.8,72.4,11.1,56.8,NA,0.1
Slovakia,SVK,1994,Eastern Europe,0.704,0.539,0.493,0.389,0.528,7348.9,72.3,10.6,56.7,NA,0.3
Slovakia,SVK,1995,Eastern Europe,0.702,0.537,0.492,0.388,0.525,7755.6,72.3,10.1,56.6,NA,0.5
Slovakia,SVK,1996,Eastern Europe,0.702,0.537,0.492,0.388,0.525,8212.8,72.7,9.7,56.5,NA,0.8
Slovakia,SVK,1997,Eastern Europe,0.702,0.54,0.52,0.388,0.525,8647.4,72.7,9.2,56.4,NA,1.2
Slovakia,SVK,1998,Eastern Europe,0.765,0.626,0.579,0.49,0.577,8966.2,72.6,8.8,56.3,NA,2.7
Slovakia,SVK,1999,Eastern Europe,0.844,0.745,0.664,0.691,0.639,8914.7,72.9,8.4,56.2,NA,5.4
Slovakia,SVK,2000,Eastern Europe,0.849,0.75,0.668,0.696,0.688,8997.2,73.1,8,56.1,NA,9.4
Slovakia,SVK,2001,Eastern Europe,0.849,0.75,0.669,0.696,0.688,9277.4,73.4,7.8,56,87.5,12.5
Slovakia,SVK,2002,Eastern Europe,0.847,0.748,0.651,0.695,0.687,9690.7,73.6,7.5,55.9,88.6,40.1
Slovakia,SVK,2003,Eastern Europe,0.843,0.746,0.65,0.706,0.683,10168,73.6,7.3,55.7,91,43
Slovakia,SVK,2004,Eastern Europe,0.845,0.748,0.65,0.707,0.683,10718.2,74,7.1,55.6,93.8,52.9
Slovakia,SVK,2005,Eastern Europe,0.845,0.748,0.65,0.707,0.683,11412.2,73.9,6.9,55.4,95.3,55.2
Slovakia,SVK,2006,Eastern Europe,0.82,0.723,0.622,0.664,0.66,12430.2,74.2,6.6,55.2,95.5,56.1
Slovakia,SVK,2007,Eastern Europe,0.835,0.736,0.631,0.663,0.673,13771,74.2,6.3,55.1,95.3,61.8
Slovakia,SVK,2008,Eastern Europe,0.834,0.735,0.633,0.664,0.676,14497.1,74.7,6.1,54.9,94.8,66
Slovakia,SVK,2009,Eastern Europe,0.835,0.734,0.627,0.664,0.675,13680.8,74.9,5.9,54.7,94.4,70
Slovakia,SVK,2010,Eastern Europe,0.85,0.752,0.657,0.723,0.7,14596.1,75.1,5.7,54.6,94.8,75.7
Slovakia,SVK,2011,Eastern Europe,0.851,0.755,0.658,0.726,0.702,14950.9,76,5.5,54.4,95,74.4
Slovakia,SVK,2012,Eastern Europe,0.844,0.739,0.653,0.696,0.686,15159.7,76.1,5.4,54.3,95,76.7
Slovakia,SVK,2013,Eastern Europe,0.835,0.73,0.643,0.655,0.674,15249.9,76.4,5.3,54.1,93.5,77.9
Slovakia,SVK,2014,Eastern Europe,0.834,0.726,0.64,0.655,0.673,15647.6,76.8,5.2,54,92.8,80
Slovakia,SVK,2015,Eastern Europe,0.838,0.725,0.635,0.645,0.671,16442.1,76.6,5.2,53.9,91.9,77.6
Slovakia,SVK,2016,Eastern Europe,0.837,0.726,0.63,0.644,0.668,16740.7,77.2,5.1,53.7,91.5,80.5
Slovakia,SVK,2017,Eastern Europe,0.835,0.72,0.618,0.645,0.663,17195.3,77.2,5,53.6,91.3,81.6
Slovakia,SVK,2018,Eastern Europe,0.814,0.698,0.599,0.637,0.644,17869,77.3,5,53.5,91.8,80.4
Slovakia,SVK,2019,Eastern Europe,0.841,0.737,0.619,0.662,0.668,18251,77.7,5,53.4,91.3,82.9
Slovakia,SVK,2020,Eastern Europe,0.84,0.757,0.614,0.676,0.658,17763.9,76.9,5,53.2,90.8,89.9
Slovakia,SVK,2021,Eastern Europe,0.839,0.757,0.607,0.673,0.672,18808.5,74.6,5,53.2,91.1,88.9
Slovakia,SVK,2022,Eastern Europe,0.837,0.76,0.599,0.6,0.679,18964.8,77,5.1,53.2,92.2,89.1
Slovakia,SVK,2023,Eastern Europe,0.812,0.724,0.592,0.527,0.653,19383.4,78.1,5.2,53.2,92.6,87.2
Slovenia,SVN,1990,Eastern Europe,0.621,0.513,0.39,0.458,0.552,13615.6,73.2,8.8,50.6,NA,0
Slovenia,SVN,1991,Eastern Europe,0.815,0.716,0.574,0.689,0.726,12395.9,73.4,8.2,50.5,NA,NA
Slovenia,SVN,1992,Eastern Europe,0.848,0.764,0.606,0.764,0.761,11735.8,73.3,7.6,50.7,NA,NA
Slovenia,SVN,1993,Eastern Europe,0.842,0.761,0.6,0.75,0.758,12098.3,73.3,7.1,50.4,NA,0.4
Slovenia,SVN,1994,Eastern Europe,0.845,0.765,0.612,0.749,0.76,12757.6,73.4,6.6,50.2,NA,1.1
Slovenia,SVN,1995,Eastern Europe,0.839,0.757,0.605,0.755,0.754,13278.7,74,6.2,50.2,NA,2.9
Slovenia,SVN,1996,Eastern Europe,0.849,0.767,0.659,0.754,0.763,13674.2,74.5,5.8,50.3,NA,5.1
Slovenia,SVN,1997,Eastern Europe,0.842,0.762,0.652,0.748,0.757,14400.7,74.7,5.4,50.4,NA,7.6
Slovenia,SVN,1998,Eastern Europe,0.842,0.764,0.652,0.756,0.757,14874.3,74.8,5.1,50.5,NA,10.1
Slovenia,SVN,1999,Eastern Europe,0.837,0.759,0.649,0.757,0.753,15646.7,75,4.8,50.6,NA,12.6
Slovenia,SVN,2000,Eastern Europe,0.84,0.749,0.653,0.767,0.757,16146.1,75.4,4.5,50.7,NA,15.1
Slovenia,SVN,2001,Eastern Europe,0.832,0.742,0.638,0.774,0.747,16576.7,75.8,4.3,50.8,108.8,30.2
Slovenia,SVN,2002,Eastern Europe,0.843,0.756,0.642,0.783,0.758,17099.7,76,4.1,50.8,109.8,27.8
Slovenia,SVN,2003,Eastern Europe,0.841,0.752,0.718,0.785,0.756,17635.4,76.9,3.9,50.8,111.1,31.9
Slovenia,SVN,2004,Eastern Europe,0.825,0.735,0.701,0.75,0.738,18425.3,77.2,3.7,50.7,98.9,40.8
Slovenia,SVN,2005,Eastern Europe,0.822,0.733,0.699,0.694,0.733,19102.3,77.6,3.5,50.6,98.4,46.8
Slovenia,SVN,2006,Eastern Europe,0.823,0.734,0.701,0.709,0.734,20166.5,78.1,3.3,50.6,97.2,54
Slovenia,SVN,2007,Eastern Europe,0.826,0.738,0.703,0.709,0.737,21485.8,78.6,3.1,50.5,99.2,56.7
Slovenia,SVN,2008,Eastern Europe,0.825,0.737,0.694,0.692,0.737,22175.2,78.8,2.9,50.4,99.9,58
Slovenia,SVN,2009,Eastern Europe,0.873,0.791,0.751,0.78,0.78,20307.6,79,2.8,50.2,99,64
Slovenia,SVN,2010,Eastern Europe,0.872,0.796,0.749,0.781,0.789,20444.1,79.4,2.6,50.1,98.5,70
Slovenia,SVN,2011,Eastern Europe,0.863,0.789,0.736,0.762,0.778,20535.4,80,2.5,49.9,98.5,67.3
Slovenia,SVN,2012,Eastern Europe,0.847,0.768,0.722,0.692,0.763,19894.9,80.1,2.4,49.8,98.1,68.3
Slovenia,SVN,2013,Eastern Europe,0.854,0.778,0.685,0.72,0.771,19704.2,80.3,2.3,50,110.6,72.7
Slovenia,SVN,2014,Eastern Europe,0.865,0.794,0.686,0.76,0.783,20228.7,81.1,2.2,51,110.2,71.6
Slovenia,SVN,2015,Eastern Europe,0.873,0.804,0.689,0.785,0.788,20697.3,80.8,2.1,53.7,109.7,73.1
Slovenia,SVN,2016,Eastern Europe,0.861,0.795,0.657,0.785,0.776,21309.7,81.2,2.1,53.6,115.2,75.5
Slovenia,SVN,2017,Eastern Europe,0.84,0.772,0.622,0.741,0.748,22397.8,81,2,55.2,114.6,78.9
Slovenia,SVN,2018,Eastern Europe,0.83,0.759,0.61,0.745,0.738,23294,81.4,2,55.2,113.6,79.7
Slovenia,SVN,2019,Eastern Europe,0.814,0.743,0.6,0.701,0.718,23943.2,81.5,2,55.5,111.4,83.1
Slovenia,SVN,2020,Eastern Europe,0.752,0.665,0.532,0.591,0.621,22811.8,80.5,1.9,55.4,110.4,86.6
Slovenia,SVN,2021,Eastern Europe,0.715,0.624,0.502,0.533,0.59,24665.4,80.7,1.9,55.3,108.2,89
Slovenia,SVN,2022,Eastern Europe,0.808,0.728,0.582,0.707,0.705,25275.7,81.3,1.9,55.3,107.9,88.9
Slovenia,SVN,2023,Eastern Europe,0.76,0.659,0.559,0.654,0.665,25773.9,81.9,1.9,55.5,107.6,90.4
Solomon Islands,SLB,1990,Asia,0.532,0.414,0.3,0.316,0.319,1805.7,66.2,28.8,13.8,13.3,0
Solomon Islands,SLB,1991,Asia,0.532,0.414,0.3,0.316,0.319,1856.4,66.4,28,13.9,14.8,NA
Solomon Islands,SLB,1992,Asia,0.532,0.414,0.3,0.316,0.319,2030,66.5,27.4,14.1,15.3,NA
Solomon Islands,SLB,1993,Asia,0.532,0.413,0.299,0.314,0.318,2049.3,66.6,26.7,14.3,16.6,NA
Solomon Islands,SLB,1994,Asia,0.532,0.413,0.298,0.313,0.318,2151,66.7,26.1,14.4,17.3,NA
Solomon Islands,SLB,1995,Asia,0.532,0.413,0.298,0.313,0.317,2300,66.7,25.5,14.6,NA,0
Solomon Islands,SLB,1996,Asia,0.532,0.413,0.298,0.313,0.317,2270.5,66.7,25,14.8,NA,0.3
Solomon Islands,SLB,1997,Asia,0.526,0.409,0.293,0.311,0.313,2186.4,66.8,24.6,15,NA,0.4
Solomon Islands,SLB,1998,Asia,0.512,0.396,0.287,0.329,0.311,2153.4,66.9,24.2,15.2,NA,0.5
Solomon Islands,SLB,1999,Asia,0.511,0.375,0.286,0.313,0.309,2086,67,23.8,15.5,24,0.5
Solomon Islands,SLB,2000,Asia,0.356,0.243,0.219,0.239,0.238,1747.7,67.1,23.5,15.8,19.2,0.5
Solomon Islands,SLB,2001,Asia,0.273,0.184,0.182,0.2,0.201,1577.7,67.2,23.3,16.1,23.1,0.5
Solomon Islands,SLB,2002,Asia,0.507,0.381,0.284,0.309,0.311,1504.8,67.3,23.1,16.4,30.1,0.5
Solomon Islands,SLB,2003,Asia,0.507,0.389,0.284,0.309,0.311,1573.8,67.5,22.9,16.8,NA,0.6
Solomon Islands,SLB,2004,Asia,0.52,0.401,0.293,0.358,0.321,1664.6,67.6,22.8,17.2,NA,0.6
Solomon Islands,SLB,2005,Asia,0.511,0.396,0.301,0.332,0.302,1755.7,67.8,22.6,17.6,30.7,0.8
Solomon Islands,SLB,2006,Asia,0.471,0.361,0.285,0.316,0.285,1796.7,68,22.5,18.1,35.7,1.6
Solomon Islands,SLB,2007,Asia,0.559,0.434,0.327,0.361,0.327,1830.2,67.8,22.2,18.5,36.7,2
Solomon Islands,SLB,2008,Asia,0.559,0.434,0.327,0.361,0.327,1911.2,68.3,22,19,NA,3
Solomon Islands,SLB,2009,Asia,0.564,0.436,0.329,0.363,0.328,1930.5,68.4,21.7,19.6,NA,4
Solomon Islands,SLB,2010,Asia,0.573,0.44,0.334,0.362,0.332,2059,68.7,21.4,20.1,51,5
Solomon Islands,SLB,2011,Asia,0.582,0.445,0.338,0.368,0.336,2132,68.8,21.1,20.7,49.3,6
Solomon Islands,SLB,2012,Asia,0.586,0.447,0.34,0.371,0.337,2105.9,69,20.8,21.4,49,7
Solomon Islands,SLB,2013,Asia,0.582,0.447,0.341,0.367,0.337,2136.7,69,20.5,22.1,NA,8
Solomon Islands,SLB,2014,Asia,0.585,0.45,0.348,0.37,0.338,2085.2,69,20.3,22.9,NA,9
Solomon Islands,SLB,2015,Asia,0.594,0.456,0.353,0.368,0.347,2045.5,69.3,20,23.7,NA,10
Solomon Islands,SLB,2016,Asia,0.61,0.466,0.362,0.365,0.357,2084.2,69.5,19.7,24.5,NA,11
Solomon Islands,SLB,2017,Asia,0.616,0.477,0.365,0.367,0.367,2075.4,69.7,19.4,25.4,NA,15.1
Solomon Islands,SLB,2018,Asia,0.623,0.48,0.369,0.365,0.368,2061.9,69.8,19.1,26.3,NA,20.9
Solomon Islands,SLB,2019,Asia,0.656,0.503,0.403,0.344,0.388,2043.1,70,18.7,27.3,NA,22.5
Solomon Islands,SLB,2020,Asia,0.655,0.494,0.405,0.379,0.393,1930.7,69.3,18.3,28,NA,24.2
Solomon Islands,SLB,2021,Asia,0.658,0.501,0.405,0.365,0.392,1880.6,68.9,17.8,28.7,NA,26
Solomon Islands,SLB,2022,Asia,0.659,0.505,0.406,0.366,0.404,1788.6,70.4,17.4,29.4,NA,28
Solomon Islands,SLB,2023,Asia,0.666,0.517,0.411,0.378,0.423,1795.9,70.5,16.9,30,NA,28.7
Somalia,SOM,1990,Africa,0.144,0.039,0.049,0.027,0.063,259.4,46.9,106.3,29.4,NA,0
Somalia,SOM,1991,Africa,0.132,0.037,0.043,0.049,0.042,277.6,25.4,216.4,29.7,NA,NA
Somalia,SOM,1992,Africa,0.151,0.026,0.067,0.065,0.041,266.5,25,223.2,30,NA,NA
Somalia,SOM,1993,Africa,0.156,0.026,0.068,0.066,0.042,269.4,50.6,218.5,30.4,NA,NA
Somalia,SOM,1994,Africa,0.157,0.026,0.068,0.067,0.043,210.4,50.3,103.9,30.7,NA,NA
Somalia,SOM,1995,Africa,0.158,0.027,0.069,0.067,0.043,211.1,50.6,103.9,31.1,NA,0
Somalia,SOM,1996,Africa,0.158,0.027,0.069,0.067,0.043,219.9,50.5,103.9,31.4,NA,0
Somalia,SOM,1997,Africa,0.158,0.027,0.069,0.067,0.043,214.9,50.3,103.9,31.8,NA,0
Somalia,SOM,1998,Africa,0.158,0.027,0.069,0.067,0.043,219.7,50.8,103.9,32.2,NA,0
Somalia,SOM,1999,Africa,0.158,0.027,0.069,0.067,0.043,226.4,50.6,103.9,32.6,NA,0
Somalia,SOM,2000,Africa,0.167,0.028,0.077,0.075,0.043,233,50.7,103.9,33.1,NA,0
Somalia,SOM,2001,Africa,0.166,0.028,0.077,0.074,0.043,239.8,50.8,103.9,33.5,NA,0.1
Somalia,SOM,2002,Africa,0.166,0.028,0.077,0.074,0.043,248.6,50.8,103.9,34,NA,0.1
Somalia,SOM,2003,Africa,0.166,0.028,0.077,0.074,0.043,257.9,50.7,103.9,34.5,NA,0.4
Somalia,SOM,2004,Africa,0.166,0.058,0.079,0.074,0.043,266.3,50.7,103.9,35,NA,1.1
Somalia,SOM,2005,Africa,0.171,0.092,0.08,0.104,0.043,275.5,50.9,103.9,35.5,NA,1.1
Somalia,SOM,2006,Africa,0.172,0.093,0.08,0.102,0.044,284.5,50.9,103.5,36,NA,1.1
Somalia,SOM,2007,Africa,0.172,0.095,0.08,0.109,0.042,294.2,50.9,102.5,36.6,6,1.1
Somalia,SOM,2008,Africa,0.172,0.094,0.08,0.113,0.042,304.7,51.5,100.5,37.2,NA,1.1
Somalia,SOM,2009,Africa,0.172,0.094,0.08,0.12,0.043,317,52.1,98.4,37.8,NA,1.2
Somalia,SOM,2010,Africa,0.186,0.102,0.089,0.129,0.048,330,48.9,112.5,38.6,NA,NA
Somalia,SOM,2011,Africa,0.19,0.104,0.09,0.141,0.053,349.6,32.5,217.6,39.4,NA,1.2
Somalia,SOM,2012,Africa,0.167,0.107,0.087,0.141,0.057,369.6,49.1,112.2,40.3,NA,1.4
Somalia,SOM,2013,Africa,0.162,0.118,0.087,0.15,0.056,397.1,54,88.4,41.3,NA,1.5
Somalia,SOM,2014,Africa,0.162,0.118,0.087,0.155,0.056,417.5,54.4,86,42.4,NA,1.6
Somalia,SOM,2015,Africa,0.162,0.123,0.087,0.15,0.062,445.6,55.1,83.7,43.9,NA,1.8
Somalia,SOM,2016,Africa,0.16,0.11,0.087,0.158,0.074,458.9,55.3,81.5,45.9,NA,1.9
Somalia,SOM,2017,Africa,0.167,0.123,0.091,0.166,0.076,506.5,52.2,96.5,48.4,NA,NA
Somalia,SOM,2018,Africa,0.154,0.106,0.083,0.165,0.073,499,54.8,85.1,51,NA,NA
Somalia,SOM,2019,Africa,0.148,0.104,0.082,0.173,0.074,494.4,57.2,75,51.6,NA,2.7
Somalia,SOM,2020,Africa,0.154,0.105,0.088,0.173,0.073,462.9,57.1,72.9,52.3,NA,15
Somalia,SOM,2021,Africa,0.161,0.111,0.091,0.172,0.092,461.6,55.7,70.9,52.9,NA,23.9
Somalia,SOM,2022,Africa,0.158,0.114,0.089,0.172,0.092,460,53.9,89.2,53.5,NA,27.6
Somalia,SOM,2023,Africa,0.167,0.131,0.09,0.219,0.101,464.7,58.8,67.3,54.1,3.3,26.1
Somaliland,SML,1991,Africa,0.142,0.082,0.097,0.147,0.09,NA,NA,NA,NA,NA,NA
Somaliland,SML,1992,Africa,0.142,0.082,0.086,0.125,0.09,NA,NA,NA,NA,NA,NA
Somaliland,SML,1993,Africa,0.162,0.12,0.1,0.13,0.094,NA,NA,NA,NA,NA,NA
Somaliland,SML,1994,Africa,0.17,0.122,0.102,0.149,0.101,NA,NA,NA,NA,NA,NA
Somaliland,SML,1995,Africa,0.17,0.127,0.102,0.149,0.098,NA,NA,NA,NA,NA,NA
Somaliland,SML,1996,Africa,0.17,0.127,0.102,0.149,0.098,NA,NA,NA,NA,NA,NA
Somaliland,SML,1997,Africa,0.173,0.131,0.111,0.15,0.099,NA,NA,NA,NA,NA,NA
Somaliland,SML,1998,Africa,0.17,0.137,0.11,0.155,0.103,NA,NA,NA,NA,NA,NA
Somaliland,SML,1999,Africa,0.17,0.138,0.11,0.155,0.103,NA,NA,NA,NA,NA,NA
Somaliland,SML,2000,Africa,0.17,0.139,0.11,0.154,0.102,NA,NA,NA,NA,NA,NA
Somaliland,SML,2001,Africa,0.179,0.141,0.129,0.156,0.105,NA,NA,NA,NA,NA,NA
Somaliland,SML,2002,Africa,0.198,0.15,0.176,0.162,0.109,NA,NA,NA,NA,NA,NA
Somaliland,SML,2003,Africa,0.356,0.218,0.238,0.246,0.158,NA,NA,NA,NA,NA,NA
Somaliland,SML,2004,Africa,0.378,0.227,0.249,0.255,0.166,NA,NA,NA,NA,NA,NA
Somaliland,SML,2005,Africa,0.384,0.232,0.252,0.258,0.169,NA,NA,NA,NA,NA,NA
Somaliland,SML,2006,Africa,0.394,0.239,0.255,0.268,0.172,NA,NA,NA,NA,NA,NA
Somaliland,SML,2007,Africa,0.393,0.239,0.254,0.269,0.173,NA,NA,NA,NA,NA,NA
Somaliland,SML,2008,Africa,0.393,0.239,0.253,0.269,0.173,NA,NA,NA,NA,NA,NA
Somaliland,SML,2009,Africa,0.393,0.239,0.252,0.269,0.173,NA,NA,NA,NA,NA,NA
Somaliland,SML,2010,Africa,0.414,0.249,0.266,0.278,0.182,NA,NA,NA,NA,NA,NA
Somaliland,SML,2011,Africa,0.436,0.261,0.275,0.298,0.192,NA,NA,NA,NA,NA,NA
Somaliland,SML,2012,Africa,0.436,0.262,0.274,0.301,0.19,NA,NA,NA,NA,NA,NA
Somaliland,SML,2013,Africa,0.402,0.248,0.25,0.267,0.158,NA,NA,NA,NA,NA,NA
Somaliland,SML,2014,Africa,0.401,0.247,0.248,0.267,0.157,NA,NA,NA,NA,NA,NA
Somaliland,SML,2015,Africa,0.401,0.247,0.247,0.267,0.157,NA,NA,NA,NA,NA,NA
Somaliland,SML,2016,Africa,0.408,0.252,0.249,0.269,0.161,NA,NA,NA,NA,NA,NA
Somaliland,SML,2017,Africa,0.413,0.254,0.25,0.259,0.16,NA,NA,NA,NA,NA,NA
Somaliland,SML,2018,Africa,0.4,0.248,0.243,0.252,0.158,NA,NA,NA,NA,NA,NA
Somaliland,SML,2019,Africa,0.395,0.246,0.24,0.251,0.155,NA,NA,NA,NA,NA,NA
Somaliland,SML,2020,Africa,0.399,0.243,0.244,0.252,0.159,NA,NA,NA,NA,NA,NA
Somaliland,SML,2021,Africa,0.406,0.25,0.247,0.259,0.163,NA,NA,NA,NA,NA,NA
Somaliland,SML,2022,Africa,0.408,0.251,0.248,0.268,0.155,NA,NA,NA,NA,NA,NA
Somaliland,SML,2023,Africa,0.402,0.251,0.244,0.26,0.161,NA,NA,NA,NA,NA,NA
South Africa,ZAF,1990,Africa,0.224,0.139,0.157,0.231,0.047,4544.2,62.9,52.1,52,67.8,0
South Africa,ZAF,1991,Africa,0.254,0.148,0.168,0.244,0.053,4396.4,63,50.1,52.4,72.5,0
South Africa,ZAF,1992,Africa,0.254,0.149,0.178,0.249,0.053,4225.8,62.8,48.6,52.7,NA,0
South Africa,ZAF,1993,Africa,0.264,0.159,0.191,0.262,0.055,4193.6,62.6,47.5,52.9,NA,0.1
South Africa,ZAF,1994,Africa,0.392,0.293,0.294,0.374,0.273,4258.3,62.1,46.7,53.1,87,0.2
South Africa,ZAF,1995,Africa,0.657,0.528,0.457,0.589,0.441,4337.3,61.6,46,53.3,NA,0.7
South Africa,ZAF,1996,Africa,0.663,0.56,0.466,0.601,0.449,4465.5,61.1,45.5,53.6,NA,0.8
South Africa,ZAF,1997,Africa,0.663,0.56,0.464,0.601,0.445,4527,60.5,45.3,54,NA,1.6
South Africa,ZAF,1998,Africa,0.668,0.564,0.458,0.597,0.444,4494.9,59.9,45.4,54.7,82.8,2.9
South Africa,ZAF,1999,Africa,0.709,0.598,0.485,0.616,0.475,4552.9,59.2,46,55.4,79.1,4.1
South Africa,ZAF,2000,Africa,0.743,0.629,0.52,0.645,0.499,4700.9,58.4,46.5,56.3,74.3,5.3
South Africa,ZAF,2001,Africa,0.743,0.629,0.518,0.645,0.499,4786.5,57.2,47.2,57,73.9,6.3
South Africa,ZAF,2002,Africa,0.743,0.629,0.516,0.645,0.499,4916.8,55.6,47.6,57.7,74.4,6.7
South Africa,ZAF,2003,Africa,0.743,0.629,0.514,0.645,0.499,5011.6,54.2,48.3,58.4,75.5,7
South Africa,ZAF,2004,Africa,0.764,0.649,0.527,0.666,0.514,5187.4,54,48.7,59.1,78.3,8.4
South Africa,ZAF,2005,Africa,0.778,0.658,0.536,0.678,0.532,5406.1,53.9,47.7,59.8,80.4,7.5
South Africa,ZAF,2006,Africa,0.779,0.661,0.537,0.678,0.533,5651,54.2,46,60.5,83.8,7.6
South Africa,ZAF,2007,Africa,0.779,0.662,0.532,0.678,0.533,5891.4,54.9,44,61.2,85.5,8.1
South Africa,ZAF,2008,Africa,0.775,0.657,0.527,0.679,0.53,6009.7,56,41,61.8,84,8.4
South Africa,ZAF,2009,Africa,0.775,0.656,0.523,0.672,0.53,5847.1,57.4,38.2,62.3,86,10
South Africa,ZAF,2010,Africa,0.778,0.666,0.523,0.674,0.532,5953.9,58.9,36,62.6,86.6,24
South Africa,ZAF,2011,Africa,0.777,0.666,0.521,0.675,0.531,6067.1,60.6,34.5,62.9,88.9,34
South Africa,ZAF,2012,Africa,0.779,0.668,0.522,0.673,0.533,6121.6,61.7,33.3,63,92.2,41
South Africa,ZAF,2013,Africa,0.765,0.65,0.509,0.64,0.528,6170.9,62.4,32.1,63.1,NA,46.5
South Africa,ZAF,2014,Africa,0.758,0.641,0.503,0.632,0.524,6155,63.2,30.7,63.1,101.2,49
South Africa,ZAF,2015,Africa,0.755,0.649,0.5,0.631,0.516,6112.3,64.1,29.3,63.2,104.6,51.9
South Africa,ZAF,2016,Africa,0.752,0.645,0.499,0.631,0.517,6095.3,64.7,28,63.3,103.9,54
South Africa,ZAF,2017,Africa,0.738,0.626,0.489,0.626,0.497,6125.7,65.4,26.8,63.3,105.6,56.2
South Africa,ZAF,2018,Africa,0.747,0.64,0.495,0.637,0.488,6117.3,65.7,25.8,63.4,101.4,62.4
South Africa,ZAF,2019,Africa,0.727,0.623,0.473,0.629,0.489,6032.8,66.1,25.1,63.4,103.8,69.7
South Africa,ZAF,2020,Africa,0.719,0.604,0.463,0.631,0.494,5569.6,65.2,24.5,63.4,103.5,72.1
South Africa,ZAF,2021,Africa,0.725,0.609,0.464,0.646,0.516,5750.9,62,24.3,63.5,106.4,75
South Africa,ZAF,2022,Africa,0.718,0.61,0.459,0.62,0.51,5786.9,65.5,24.3,63.5,104.5,78.3
South Africa,ZAF,2023,Africa,0.712,0.602,0.449,0.612,0.491,5756.6,66.1,24.3,63.6,104.1,78.3
South Korea,KOR,1990,Asia,0.647,0.5,0.3,0.503,0.526,9672.6,71.6,12,74,NA,0
South Korea,KOR,1991,Asia,0.647,0.5,0.341,0.503,0.526,10618.8,72,11.1,75.2,NA,0
South Korea,KOR,1992,Asia,0.651,0.512,0.34,0.503,0.528,11176.6,72.5,10.2,76.2,NA,0.1
South Korea,KOR,1993,Asia,0.724,0.607,0.392,0.615,0.595,11837.5,73,9.4,77.1,NA,0.2
South Korea,KOR,1994,Asia,0.731,0.612,0.428,0.621,0.599,12817.2,73.4,8.7,77.9,NA,0.3
South Korea,KOR,1995,Asia,0.731,0.612,0.477,0.621,0.599,13924.3,73.7,8.1,78.4,NA,0.8
South Korea,KOR,1996,Asia,0.736,0.618,0.48,0.628,0.607,14894.3,74.2,7.5,78.8,NA,1.6
South Korea,KOR,1997,Asia,0.743,0.638,0.483,0.634,0.613,15682.3,74.6,7,79,NA,3.6
South Korea,KOR,1998,Asia,0.804,0.729,0.567,0.729,0.696,14800.5,75,6.5,79.2,NA,6.8
South Korea,KOR,1999,Asia,0.811,0.736,0.572,0.749,0.706,16402.9,75.4,6.1,79.4,NA,23.6
South Korea,KOR,2000,Asia,0.829,0.753,0.587,0.772,0.73,17763.1,75.9,5.8,79.6,98.1,44.7
South Korea,KOR,2001,Asia,0.833,0.757,0.588,0.776,0.734,18460.4,76.4,5.5,79.9,97.6,56.6
South Korea,KOR,2002,Asia,0.833,0.761,0.586,0.776,0.732,19775.4,76.8,5.2,80.3,97.3,59.4
South Korea,KOR,2003,Asia,0.835,0.761,0.586,0.777,0.734,20278,77.2,4.9,80.7,97,65.5
South Korea,KOR,2004,Asia,0.834,0.761,0.59,0.777,0.735,21244.8,77.7,4.7,81.1,97,72.7
South Korea,KOR,2005,Asia,0.834,0.762,0.589,0.777,0.735,22123.8,78.2,4.3,81.4,97.2,73.5
South Korea,KOR,2006,Asia,0.834,0.762,0.588,0.777,0.735,23162.2,78.7,4.1,81.6,96.8,78.1
South Korea,KOR,2007,Asia,0.834,0.759,0.587,0.777,0.735,24391.8,79.1,3.8,81.7,96.7,78.8
South Korea,KOR,2008,Asia,0.759,0.661,0.514,0.63,0.654,24934.5,79.5,3.6,81.8,96.3,81
South Korea,KOR,2009,Asia,0.759,0.662,0.514,0.63,0.652,25009.9,80,3.4,81.9,96.9,81.6
South Korea,KOR,2010,Asia,0.762,0.665,0.517,0.631,0.656,26623,80.1,3.3,82,97.3,83.7
South Korea,KOR,2011,Asia,0.762,0.665,0.517,0.631,0.656,27393.5,80.6,3.2,82,97.5,83.8
South Korea,KOR,2012,Asia,0.753,0.658,0.509,0.623,0.648,27944.1,80.8,3.1,81.9,97.4,84.1
South Korea,KOR,2013,Asia,0.716,0.609,0.472,0.567,0.604,28732.7,81.3,3,81.8,97.8,84.8
South Korea,KOR,2014,Asia,0.705,0.6,0.465,0.552,0.597,29470.7,81.7,2.9,81.7,98.6,87.6
South Korea,KOR,2015,Asia,0.705,0.599,0.462,0.545,0.597,30171.8,82,2.9,81.6,98.6,89.9
South Korea,KOR,2016,Asia,0.718,0.62,0.469,0.567,0.608,31005.4,82.3,2.8,81.6,98.7,92.8
South Korea,KOR,2017,Asia,0.852,0.791,0.593,0.781,0.735,31979.9,82.6,2.7,81.5,99.1,95.1
South Korea,KOR,2018,Asia,0.857,0.794,0.597,0.783,0.743,32852.9,82.6,2.6,81.4,99.3,96
South Korea,KOR,2019,Asia,0.842,0.777,0.569,0.757,0.732,33496.3,83.2,2.6,81.3,98.4,96.2
South Korea,KOR,2020,Asia,0.85,0.782,0.584,0.777,0.74,33215.9,83.4,2.5,81.2,97.1,96.5
South Korea,KOR,2021,Asia,0.852,0.775,0.585,0.785,0.742,34792.9,83.5,2.5,81.2,98.1,97.6
South Korea,KOR,2022,Asia,0.802,0.718,0.537,0.688,0.696,35809,82.7,2.4,81.2,97.8,97.2
South Korea,KOR,2023,Asia,0.722,0.62,0.478,0.609,0.618,36347.7,83.4,2.4,81.2,96.3,97.4
South Sudan,SSD,2011,Africa,0.194,0.1,0.081,0.101,0.056,2073.2,57.7,75.3,17.8,10.8,NA
South Sudan,SSD,2012,Africa,0.194,0.1,0.079,0.095,0.058,1069.2,58.2,73.2,18,NA,1.5
South Sudan,SSD,2013,Africa,0.169,0.075,0.073,0.056,0.039,1165.2,58.3,72.2,18.3,NA,2.2
South Sudan,SSD,2014,Africa,0.164,0.068,0.071,0.05,0.038,1197.1,45.6,118.2,18.5,NA,2.6
South Sudan,SSD,2015,Africa,0.166,0.066,0.087,0.047,0.036,1080.1,39.8,151.3,18.8,11.5,3
South Sudan,SSD,2016,Africa,0.158,0.053,0.057,0.045,0.034,NA,36.7,169.8,19.1,NA,3.5
South Sudan,SSD,2017,Africa,0.157,0.059,0.051,0.052,0.031,NA,35.4,181.5,19.3,NA,4.1
South Sudan,SSD,2018,Africa,0.153,0.053,0.052,0.056,0.029,NA,51.9,92.9,19.6,NA,4.8
South Sudan,SSD,2019,Africa,0.16,0.064,0.055,0.049,0.039,NA,58.1,71.9,19.9,NA,6.7
South Sudan,SSD,2020,Africa,0.169,0.069,0.09,0.055,0.037,NA,57.6,71.9,20.2,NA,NA
South Sudan,SSD,2021,Africa,0.137,0.058,0.051,0.117,0.028,NA,57,71.9,20.5,NA,NA
South Sudan,SSD,2022,Africa,0.13,0.063,0.049,0.044,0.032,NA,57.2,71.9,20.8,NA,NA
South Sudan,SSD,2023,Africa,0.167,0.07,0.082,0.041,0.044,NA,57.6,71.9,21.1,NA,NA
South Yemen,YMD,1990,Middle East,0.132,0.093,0.064,0.034,0.2,NA,NA,NA,NA,NA,NA
Spain,ESP,1990,The West,0.892,0.811,0.668,0.812,0.814,19174.8,76.8,7.4,74.8,NA,0
Spain,ESP,1991,The West,0.892,0.811,0.664,0.812,0.814,19613,77,7.1,75,NA,0
Spain,ESP,1992,The West,0.892,0.811,0.66,0.812,0.814,19698.5,77.4,6.7,75.2,NA,0.1
Spain,ESP,1993,The West,0.892,0.818,0.657,0.804,0.813,19394.5,77.5,6.3,75.3,NA,0.1
Spain,ESP,1994,The West,0.892,0.818,0.653,0.804,0.813,19762.4,77.9,5.9,75.5,NA,0.3
Spain,ESP,1995,The West,0.892,0.818,0.649,0.804,0.813,20217.9,78,5.5,75.6,NA,0.4
Spain,ESP,1996,The West,0.893,0.82,0.647,0.795,0.815,20658.8,78.1,5.2,75.7,NA,1.3
Spain,ESP,1997,The West,0.894,0.82,0.643,0.795,0.815,21310.4,78.6,4.9,75.8,NA,2.8
Spain,ESP,1998,The West,0.894,0.82,0.639,0.795,0.815,22135.4,78.7,4.7,75.9,NA,4.4
Spain,ESP,1999,The West,0.894,0.82,0.636,0.795,0.815,23017.8,78.7,4.5,76,NA,7.1
Spain,ESP,2000,The West,0.893,0.817,0.633,0.795,0.819,24106.9,79,4.4,76.2,NA,13.6
Spain,ESP,2001,The West,0.893,0.817,0.631,0.795,0.819,24878.4,79.4,4.2,76.3,115.3,18.1
Spain,ESP,2002,The West,0.893,0.817,0.629,0.795,0.819,25205.3,79.6,4.1,76.5,115.3,20.4
Spain,ESP,2003,The West,0.875,0.796,0.611,0.776,0.797,25481.2,79.6,4.1,76.7,114.5,39.9
Spain,ESP,2004,The West,0.875,0.808,0.609,0.786,0.798,25825.3,79.9,3.9,77,115.1,44
Spain,ESP,2005,The West,0.879,0.811,0.641,0.794,0.803,26294.4,80.2,3.8,77.2,117.6,47.9
Spain,ESP,2006,The West,0.879,0.812,0.64,0.795,0.804,26899.1,80.8,3.7,77.5,117.3,50.4
Spain,ESP,2007,The West,0.876,0.808,0.638,0.789,0.8,27338.8,80.9,3.6,77.8,117.5,55.1
Spain,ESP,2008,The West,0.886,0.819,0.646,0.8,0.808,27112.5,81.2,3.4,78,117.2,59.6
Spain,ESP,2009,The West,0.888,0.821,0.65,0.802,0.81,25860.8,81.5,3.3,78.3,117.4,62.4
Spain,ESP,2010,The West,0.892,0.825,0.65,0.811,0.812,25766.3,81.6,3.2,78.5,122.6,65.8
Spain,ESP,2011,The West,0.893,0.821,0.651,0.809,0.809,25510.6,82.5,3,78.7,126.2,67.1
Spain,ESP,2012,The West,0.889,0.799,0.641,0.799,0.797,24763.6,82.4,2.9,78.8,127.8,69.8
Spain,ESP,2013,The West,0.875,0.778,0.626,0.757,0.766,24498.6,83.1,2.9,79,126.8,71.6
Spain,ESP,2014,The West,0.871,0.774,0.626,0.753,0.764,24947.9,83.2,2.8,79.1,125.5,76.2
Spain,ESP,2015,The West,0.856,0.759,0.612,0.743,0.757,25982.4,82.8,2.7,79.2,125.2,78.7
Spain,ESP,2016,The West,0.847,0.766,0.603,0.738,0.75,26719.2,83.3,2.7,79.4,123.7,80.6
Spain,ESP,2017,The West,0.835,0.757,0.586,0.73,0.729,27426.3,83.3,2.7,79.5,121.1,84.6
Spain,ESP,2018,The West,0.851,0.776,0.601,0.754,0.762,27956.7,83.4,2.7,79.6,120.1,86.1
Spain,ESP,2019,The West,0.871,0.804,0.621,0.763,0.779,28301.4,83.8,2.6,79.6,119.4,90.7
Spain,ESP,2020,The West,0.874,0.786,0.624,0.767,0.788,25077,82.2,2.6,79.7,118.3,93.2
Spain,ESP,2021,The West,0.85,0.775,0.601,0.739,0.751,26705.4,83.2,2.6,79.8,120.1,93.9
Spain,ESP,2022,The West,0.867,0.782,0.612,0.753,0.725,28203.1,83.1,2.6,80,119.6,94.5
Spain,ESP,2023,The West,0.846,0.759,0.593,0.702,0.714,28558.6,83.9,2.6,80.1,118.4,95.4
Sri Lanka,LKA,1990,Asia,0.445,0.275,0.238,0.258,0.304,1388.6,69.2,17.9,18.1,83.9,0
Sri Lanka,LKA,1991,Asia,0.445,0.274,0.237,0.258,0.304,1441.6,69.1,18,17.6,83.6,NA
Sri Lanka,LKA,1992,Asia,0.449,0.284,0.238,0.259,0.306,1481.3,69.6,17.9,17.1,84.8,NA
Sri Lanka,LKA,1993,Asia,0.449,0.284,0.238,0.261,0.307,1556.9,70,17.5,16.7,85.1,NA
Sri Lanka,LKA,1994,Asia,0.49,0.315,0.277,0.276,0.329,1620.3,70.2,17,16.3,87,0
Sri Lanka,LKA,1995,Asia,0.544,0.346,0.314,0.304,0.359,1681.4,69.7,16.3,15.9,87.1,0
Sri Lanka,LKA,1996,Asia,0.544,0.346,0.313,0.304,0.359,1712,69.8,15.6,15.5,NA,0.1
Sri Lanka,LKA,1997,Asia,0.544,0.346,0.311,0.304,0.359,1787.4,69.9,14.9,15.2,NA,0.2
Sri Lanka,LKA,1998,Asia,0.53,0.337,0.302,0.294,0.349,1836.4,70.1,14.1,14.9,NA,0.3
Sri Lanka,LKA,1999,Asia,0.529,0.336,0.301,0.294,0.348,1880.1,70.4,13.5,14.7,NA,0.3
Sri Lanka,LKA,2000,Asia,0.494,0.318,0.296,0.277,0.328,1956.9,71.2,13,14.6,NA,0.6
Sri Lanka,LKA,2001,Asia,0.496,0.319,0.308,0.277,0.329,1896.5,71.8,12.7,14.6,NA,0.8
Sri Lanka,LKA,2002,Asia,0.529,0.34,0.327,0.296,0.349,1951.2,72.3,12.4,14.6,NA,1.1
Sri Lanka,LKA,2003,Asia,0.529,0.34,0.327,0.296,0.349,2052,72.4,12.1,14.7,NA,1.5
Sri Lanka,LKA,2004,Asia,0.513,0.329,0.319,0.267,0.338,2149.1,68,16.8,14.9,NA,1.4
Sri Lanka,LKA,2005,Asia,0.435,0.278,0.235,0.23,0.297,2268.7,73.1,11.2,15.2,NA,1.8
Sri Lanka,LKA,2006,Asia,0.373,0.243,0.21,0.191,0.275,2426.3,72.8,10.7,15.5,NA,2.5
Sri Lanka,LKA,2007,Asia,0.373,0.24,0.204,0.185,0.274,2573.5,73,10.1,15.9,NA,3.9
Sri Lanka,LKA,2008,Asia,0.368,0.236,0.202,0.185,0.271,2708.6,72.6,9.7,16.3,NA,4.8
Sri Lanka,LKA,2009,Asia,0.366,0.233,0.201,0.184,0.27,2787.3,70.3,13.3,16.7,NA,5.9
Sri Lanka,LKA,2010,Asia,0.386,0.244,0.221,0.215,0.279,2993,74.5,9.1,17.2,92.3,6.9
Sri Lanka,LKA,2011,Asia,0.384,0.243,0.219,0.204,0.283,3232.4,74.7,8.9,17.8,94.1,8
Sri Lanka,LKA,2012,Asia,0.39,0.246,0.222,0.205,0.287,3484.8,75.2,8.5,18.3,94.7,9
Sri Lanka,LKA,2013,Asia,0.418,0.268,0.249,0.217,0.287,3728.9,75.5,8.1,18.4,95.1,10
Sri Lanka,LKA,2014,Asia,0.417,0.267,0.246,0.216,0.285,3929.9,75.8,7.7,18.6,93.5,10.5
Sri Lanka,LKA,2015,Asia,0.55,0.397,0.36,0.408,0.361,4057.7,76,7.4,18.8,94.5,15.3
Sri Lanka,LKA,2016,Asia,0.595,0.45,0.388,0.454,0.399,4214.7,76.1,7,19,93.9,22.2
Sri Lanka,LKA,2017,Asia,0.591,0.448,0.385,0.464,0.393,4436,76.2,6.7,19.2,94,25.1
Sri Lanka,LKA,2018,Asia,0.612,0.481,0.39,0.431,0.412,4493,76.5,6.5,19.3,95.9,28.3
Sri Lanka,LKA,2019,Asia,0.564,0.439,0.349,0.384,0.399,4455.8,76.7,6.2,19.5,NA,32
Sri Lanka,LKA,2020,Asia,0.579,0.379,0.344,0.334,0.385,4227.2,76.9,6,19.7,NA,36.2
Sri Lanka,LKA,2021,Asia,0.572,0.393,0.344,0.324,0.376,4358,76.3,5.8,19.8,89.8,44.5
Sri Lanka,LKA,2022,Asia,0.602,0.44,0.361,0.356,0.407,4033.1,77.3,5.5,20,88.2,48.3
Sri Lanka,LKA,2023,Asia,0.585,0.426,0.361,0.381,0.401,3977.1,77.5,5.3,20.1,88,51.2
Sudan,SDN,1990,Africa,0.086,0.012,0.044,0.034,0.048,764.5,55.5,84.7,30,NA,0
Sudan,SDN,1991,Africa,0.086,0.012,0.043,0.034,0.048,805.4,55.6,83.7,31,NA,NA
Sudan,SDN,1992,Africa,0.088,0.02,0.042,0.035,0.048,842,56,82.6,31.7,NA,NA
Sudan,SDN,1993,Africa,0.088,0.018,0.041,0.035,0.048,863,56.1,81.4,32,NA,NA
Sudan,SDN,1994,Africa,0.088,0.018,0.039,0.035,0.048,850.3,57,80.2,32,NA,0
Sudan,SDN,1995,Africa,0.088,0.018,0.047,0.035,0.048,877.7,57.4,78.8,32.1,NA,0
Sudan,SDN,1996,Africa,0.136,0.024,0.053,0.041,0.055,908.7,57.6,77.4,32.2,NA,0
Sudan,SDN,1997,Africa,0.151,0.026,0.054,0.043,0.058,1050.3,58.1,75.8,32.2,NA,0
Sudan,SDN,1998,Africa,0.151,0.026,0.066,0.043,0.058,1069.3,58.3,96.7,32.3,NA,0
Sudan,SDN,1999,Africa,0.149,0.034,0.063,0.043,0.056,1074.9,58.6,72.3,32.3,NA,0
Sudan,SDN,2000,Africa,0.131,0.018,0.066,0.04,0.044,1111.1,58.9,70.5,32.3,NA,0
Sudan,SDN,2001,Africa,0.172,0.037,0.088,0.047,0.051,1150.2,59.3,68.6,32.4,32.3,0.1
Sudan,SDN,2002,Africa,0.173,0.037,0.088,0.047,0.051,1185.2,59.3,66.7,32.4,32.1,0.4
Sudan,SDN,2003,Africa,0.173,0.037,0.087,0.047,0.052,1226.4,58.3,64.8,32.4,33.4,0.5
Sudan,SDN,2004,Africa,0.179,0.04,0.087,0.048,0.052,1255.7,56.8,67.8,32.4,36.6,0.8
Sudan,SDN,2005,Africa,0.198,0.061,0.088,0.055,0.067,1290.2,57.2,66.4,32.5,36.4,NA
Sudan,SDN,2006,Africa,0.199,0.061,0.088,0.056,0.068,1336.1,60.4,59.7,32.5,34.7,NA
Sudan,SDN,2007,Africa,0.198,0.063,0.086,0.058,0.068,1372.1,61.4,58.2,32.5,34,8.7
Sudan,SDN,2008,Africa,0.201,0.064,0.086,0.059,0.068,1381.6,61.3,56.8,32.5,35.9,NA
Sudan,SDN,2009,Africa,0.202,0.063,0.085,0.059,0.067,1301.3,62.7,55.5,32.6,39.5,NA
Sudan,SDN,2010,Africa,0.213,0.066,0.095,0.058,0.07,1311.2,63,54.3,32.7,39.7,NA
Sudan,SDN,2011,Africa,0.212,0.057,0.092,0.056,0.065,1388.2,63.2,53.1,32.9,35.2,NA
Sudan,SDN,2012,Africa,0.211,0.06,0.091,0.056,0.064,1288.3,63.4,51.9,33.1,38.7,NA
Sudan,SDN,2013,Africa,0.212,0.063,0.088,0.059,0.057,1283.5,63.4,50.8,33.4,40.9,NA
Sudan,SDN,2014,Africa,0.212,0.062,0.086,0.059,0.057,1307.4,64,49.7,33.8,42,NA
Sudan,SDN,2015,Africa,0.22,0.064,0.087,0.06,0.059,1292.4,64.4,48.4,34.1,42.5,12
Sudan,SDN,2016,Africa,0.219,0.064,0.09,0.06,0.062,1297.2,64.7,47.2,34.2,41,14.1
Sudan,SDN,2017,Africa,0.226,0.074,0.09,0.082,0.066,1261.9,65.1,45.9,34.3,43.1,18.6
Sudan,SDN,2018,Africa,0.227,0.068,0.09,0.068,0.076,1185.9,65.5,44.6,34.4,42.1,NA
Sudan,SDN,2019,Africa,0.193,0.066,0.091,0.139,0.075,1126.6,65.8,43.4,34.5,43.5,NA
Sudan,SDN,2020,Africa,0.167,0.054,0.097,0.139,0.066,1056.9,65.1,42.2,34.6,NA,NA
Sudan,SDN,2021,Africa,0.163,0.051,0.089,0.058,0.079,1009.5,64.5,41,34.6,NA,NA
Sudan,SDN,2022,Africa,0.158,0.048,0.084,0.066,0.058,973.2,65.7,39.8,34.7,NA,NA
Sudan,SDN,2023,Africa,0.139,0.039,0.073,0.043,0.057,677.7,66.3,44,34.8,NA,NA
Suriname,SUR,1990,Latin America,0.726,0.547,0.496,0.568,0.511,6475,62.1,37.3,66.4,53.3,0
Suriname,SUR,1991,Latin America,0.45,0.374,0.33,0.38,0.349,6609.4,62.2,36.3,66.4,55.1,NA
Suriname,SUR,1992,Latin America,0.75,0.626,0.514,0.603,0.54,6594.9,62.2,35.3,66.5,59.7,NA
Suriname,SUR,1993,Latin America,0.751,0.635,0.51,0.603,0.548,6127.2,62.4,34.2,66.5,51.1,NA
Suriname,SUR,1994,Latin America,0.751,0.639,0.504,0.603,0.548,6290.2,62.5,33.2,66.5,NA,NA
Suriname,SUR,1995,Latin America,0.751,0.639,0.501,0.603,0.548,6184.3,62.8,32.1,66.6,NA,0.1
Suriname,SUR,1996,Latin America,0.764,0.65,0.507,0.613,0.564,6114.8,63.1,31.1,66.6,NA,0.2
Suriname,SUR,1997,Latin America,0.769,0.652,0.509,0.617,0.568,6330.1,63.4,30.1,66.6,NA,1
Suriname,SUR,1998,Latin America,0.769,0.652,0.507,0.617,0.568,6343.5,63.7,29.2,66.7,NA,1.7
Suriname,SUR,1999,Latin America,0.769,0.652,0.505,0.617,0.568,6127.3,64,28.2,66.7,NA,1.9
Suriname,SUR,2000,Latin America,0.78,0.665,0.509,0.628,0.575,6128.3,64.4,27.3,66.7,NA,2.5
Suriname,SUR,2001,Latin America,0.779,0.662,0.505,0.625,0.578,6255.6,64.8,26.5,66.7,69,3.1
Suriname,SUR,2002,Latin America,0.779,0.662,0.503,0.625,0.578,6301.3,65.3,25.8,66.7,70.4,4.2
Suriname,SUR,2003,Latin America,0.779,0.662,0.501,0.625,0.578,6567.8,65.8,25,66.7,NA,4.7
Suriname,SUR,2004,Latin America,0.779,0.662,0.498,0.625,0.578,7022,66.4,24.4,66.7,NA,6.1
Suriname,SUR,2005,Latin America,0.767,0.654,0.489,0.615,0.569,7261.8,67,23.8,66.7,68.4,6.4
Suriname,SUR,2006,Latin America,0.76,0.649,0.484,0.609,0.562,7599.4,67.6,23.2,66.7,69.8,9.5
Suriname,SUR,2007,Latin America,0.759,0.645,0.484,0.606,0.559,7897.3,68.3,22.6,66.6,70.3,14.1
Suriname,SUR,2008,Latin America,0.759,0.647,0.48,0.608,0.56,8129.1,68.9,22.1,66.6,70.9,21.1
Suriname,SUR,2009,Latin America,0.759,0.647,0.48,0.608,0.56,8276.7,69.3,21.6,66.5,68.6,31.4
Suriname,SUR,2010,Latin America,0.752,0.632,0.475,0.605,0.557,8603.9,69.6,21.2,66.4,70.6,31.6
Suriname,SUR,2011,Latin America,0.747,0.627,0.473,0.602,0.561,9003.3,69.8,20.7,66.4,68.2,32
Suriname,SUR,2012,Latin America,0.747,0.624,0.473,0.602,0.559,9140.9,70,20.3,66.3,68.5,34.7
Suriname,SUR,2013,Latin America,0.75,0.627,0.471,0.602,0.559,9303.5,70.1,19.9,66.3,68.5,37.4
Suriname,SUR,2014,Latin America,0.75,0.627,0.471,0.599,0.555,9224.2,70.3,19.5,66.2,67.3,40.1
Suriname,SUR,2015,Latin America,0.757,0.633,0.477,0.606,0.56,8813.6,70.6,19,66.2,70.2,42.8
Suriname,SUR,2016,Latin America,0.754,0.622,0.476,0.594,0.558,8293.3,71,18.6,66.1,71.6,45.4
Suriname,SUR,2017,Latin America,0.748,0.626,0.47,0.598,0.55,8338.7,71.2,18,66.1,NA,48.9
Suriname,SUR,2018,Latin America,0.748,0.609,0.471,0.599,0.545,8666.6,71.5,17.6,66.1,74.7,55.1
Suriname,SUR,2019,Latin America,0.741,0.583,0.464,0.579,0.543,8677.3,71.8,17.1,66,74.4,62
Suriname,SUR,2020,Latin America,0.754,0.628,0.48,0.555,0.54,7213.1,72.3,16.6,66,73.1,NA
Suriname,SUR,2021,Latin America,0.761,0.639,0.494,0.604,0.563,6973.9,68.9,16.2,66,65.6,NA
Suriname,SUR,2022,Latin America,0.781,0.655,0.509,0.618,0.574,7081.3,73.3,15.6,65.9,78,NA
Suriname,SUR,2023,Latin America,0.764,0.633,0.494,0.603,0.563,7186.5,73.6,15.2,65.8,76.1,87.4
Sweden,SWE,1990,The West,0.913,0.878,0.685,0.887,0.876,34903.3,77.5,5.9,83.4,NA,0.6
Sweden,SWE,1991,The West,0.912,0.878,0.674,0.887,0.875,34269,77.7,5.6,83.5,NA,1.2
Sweden,SWE,1992,The West,0.911,0.877,0.668,0.885,0.873,33673.8,78,5.2,83.6,NA,1.5
Sweden,SWE,1993,The West,0.911,0.877,0.67,0.885,0.873,32787.3,78.1,4.8,83.7,NA,1.7
Sweden,SWE,1994,The West,0.911,0.877,0.689,0.883,0.874,33862.4,78.7,4.4,83.8,NA,3.4
Sweden,SWE,1995,The West,0.912,0.879,0.689,0.885,0.874,35064.4,78.7,4,83.9,NA,5.1
Sweden,SWE,1996,The West,0.912,0.879,0.689,0.881,0.874,35605.5,79,3.8,83.9,NA,9
Sweden,SWE,1997,The West,0.912,0.879,0.689,0.881,0.874,36675.8,79.2,3.6,84,NA,23.7
Sweden,SWE,1998,The West,0.912,0.879,0.689,0.881,0.87,38211.7,79.3,3.5,84,NA,33.5
Sweden,SWE,1999,The West,0.909,0.876,0.685,0.879,0.866,39786,79.4,3.4,84,NA,41.4
Sweden,SWE,2000,The West,0.909,0.876,0.682,0.879,0.866,41561.8,79.6,3.4,84,NA,45.7
Sweden,SWE,2001,The West,0.909,0.876,0.68,0.879,0.866,42014.4,79.8,3.3,84.1,147.9,51.8
Sweden,SWE,2002,The West,0.91,0.876,0.679,0.879,0.866,42831.8,79.8,3.3,84.1,144.2,70.6
Sweden,SWE,2003,The West,0.911,0.877,0.684,0.88,0.867,43475.4,80.1,3.2,84.2,136.5,79.1
Sweden,SWE,2004,The West,0.911,0.877,0.684,0.88,0.867,45114.7,80.5,3.1,84.3,101.4,83.9
Sweden,SWE,2005,The West,0.911,0.877,0.684,0.88,0.867,46189.7,80.5,3,84.3,101.5,84.8
Sweden,SWE,2006,The West,0.912,0.879,0.685,0.877,0.868,48078.4,80.7,2.8,84.5,101.2,87.8
Sweden,SWE,2007,The West,0.914,0.881,0.687,0.88,0.869,49262.2,80.9,2.7,84.6,101,82
Sweden,SWE,2008,The West,0.914,0.881,0.684,0.88,0.869,48428.7,81.1,2.6,84.8,101.5,90
Sweden,SWE,2009,The West,0.914,0.881,0.68,0.88,0.868,45974.4,81.4,2.6,84.9,101.4,91
Sweden,SWE,2010,The West,0.914,0.881,0.677,0.881,0.87,48205.5,81.5,2.5,85.1,102.3,90
Sweden,SWE,2011,The West,0.914,0.881,0.675,0.881,0.87,49356.6,81.8,2.5,85.4,102.1,92.8
Sweden,SWE,2012,The West,0.917,0.886,0.673,0.884,0.873,48789.8,81.7,2.4,85.6,103.1,93.2
Sweden,SWE,2013,The West,0.916,0.885,0.67,0.868,0.859,48928.5,82,2.4,85.9,132.7,94.8
Sweden,SWE,2014,The West,0.915,0.885,0.66,0.863,0.858,49557.6,82.3,2.4,86.3,133.7,92.5
Sweden,SWE,2015,The West,0.915,0.881,0.657,0.878,0.85,51188.2,82.2,2.3,86.6,137.5,90.6
Sweden,SWE,2016,The West,0.914,0.88,0.657,0.876,0.844,51626.3,82.3,2.3,87,137.6,89.7
Sweden,SWE,2017,The West,0.914,0.88,0.654,0.876,0.835,51894.4,82.4,2.3,87.2,142.6,93
Sweden,SWE,2018,The West,0.908,0.875,0.653,0.87,0.832,52203.1,82.6,2.2,87.5,140.8,89.2
Sweden,SWE,2019,The West,0.899,0.866,0.646,0.841,0.821,53024.4,83.1,2.2,87.7,136.6,94.5
Sweden,SWE,2020,The West,0.901,0.868,0.647,0.851,0.824,51624.6,82.4,2.1,87.9,136.4,94.5
Sweden,SWE,2021,The West,0.9,0.866,0.646,0.85,0.823,53997.1,83.1,2.1,88.2,138.7,94.7
Sweden,SWE,2022,The West,0.892,0.861,0.639,0.823,0.813,54304.2,83.1,2,88.4,139.4,95
Sweden,SWE,2023,The West,0.883,0.849,0.631,0.814,0.803,53937.8,83.3,2,88.6,134.2,95.7
Switzerland,CHE,1990,The West,0.887,0.829,0.788,0.85,0.812,69584.6,77.2,6.6,68.7,NA,0.6
Switzerland,CHE,1991,The West,0.887,0.832,0.788,0.852,0.813,67932.8,77.5,6.4,69.2,NA,1.2
Switzerland,CHE,1992,The West,0.886,0.83,0.787,0.852,0.813,66409.5,77.8,6.1,69.8,NA,1.8
Switzerland,CHE,1993,The West,0.886,0.834,0.787,0.852,0.813,64448.1,78.1,5.8,70.4,NA,2.2
Switzerland,CHE,1994,The West,0.886,0.834,0.787,0.852,0.813,66503.9,78.3,5.5,71,NA,2.7
Switzerland,CHE,1995,The West,0.887,0.835,0.788,0.852,0.814,68765.8,78.4,5.2,71.5,NA,3.5
Switzerland,CHE,1996,The West,0.89,0.839,0.792,0.855,0.819,68846.3,78.9,5,72,NA,4.6
Switzerland,CHE,1997,The West,0.89,0.839,0.793,0.855,0.819,70121.3,79.1,4.9,72.5,NA,15.1
Switzerland,CHE,1998,The West,0.89,0.839,0.793,0.855,0.821,71854.1,79.3,4.8,72.9,NA,24.8
Switzerland,CHE,1999,The West,0.89,0.838,0.787,0.855,0.82,72713.7,79.6,4.7,73.1,NA,34
Switzerland,CHE,2000,The West,0.889,0.836,0.784,0.853,0.82,74933.3,79.7,4.7,73.3,94.5,47.1
Switzerland,CHE,2001,The West,0.889,0.836,0.784,0.853,0.82,75646.2,80.2,4.6,73.4,94.8,55.1
Switzerland,CHE,2002,The West,0.889,0.837,0.79,0.853,0.82,75361.7,80.4,4.5,73.4,93.6,61.4
Switzerland,CHE,2003,The West,0.888,0.841,0.79,0.853,0.82,74592,80.5,4.5,73.5,93.4,65.1
Switzerland,CHE,2004,The West,0.886,0.841,0.788,0.852,0.817,75997.4,81.1,4.4,73.5,93.2,67.8
Switzerland,CHE,2005,The West,0.886,0.841,0.788,0.852,0.817,77741.3,81.2,4.3,73.5,93.8,70.1
Switzerland,CHE,2006,The West,0.886,0.841,0.788,0.852,0.817,80449,81.5,4.2,73.5,94.2,75.7
Switzerland,CHE,2007,The West,0.888,0.842,0.79,0.854,0.819,82909.1,81.7,4.1,73.5,95.1,77.2
Switzerland,CHE,2008,The West,0.895,0.85,0.797,0.862,0.827,83934.8,82,4,73.5,95.5,79.2
Switzerland,CHE,2009,The West,0.895,0.85,0.797,0.862,0.827,81288.6,82,4,73.6,95.8,81.3
Switzerland,CHE,2010,The West,0.895,0.85,0.797,0.865,0.827,83069.4,82.2,3.9,73.6,96.6,83.9
Switzerland,CHE,2011,The West,0.897,0.852,0.799,0.868,0.829,83307.3,82.7,3.9,73.7,97.2,85.2
Switzerland,CHE,2012,The West,0.907,0.862,0.808,0.878,0.839,83354,82.7,3.8,73.8,98.4,85.2
Switzerland,CHE,2013,The West,0.907,0.861,0.808,0.877,0.84,83914,82.8,3.8,74.1,101.2,86.3
Switzerland,CHE,2014,The West,0.907,0.861,0.808,0.877,0.84,85004.8,83.2,3.8,74.7,NA,83.6
Switzerland,CHE,2015,The West,0.903,0.858,0.805,0.872,0.837,85265.1,82.9,3.7,75.6,103.9,87.5
Switzerland,CHE,2016,The West,0.902,0.857,0.803,0.87,0.835,85951.2,83.6,3.7,76.7,104.1,89.1
Switzerland,CHE,2017,The West,0.902,0.86,0.803,0.872,0.837,86362.4,83.6,3.6,77.9,103.9,89.7
Switzerland,CHE,2018,The West,0.902,0.86,0.803,0.872,0.837,88581.1,83.8,3.6,79.3,104.2,91.8
Switzerland,CHE,2019,The West,0.902,0.86,0.8,0.872,0.837,88932.4,83.9,3.5,80.8,104.1,93.1
Switzerland,CHE,2020,The West,0.902,0.856,0.799,0.872,0.838,86293.9,83,3.5,82.3,104.2,94.3
Switzerland,CHE,2021,The West,0.896,0.851,0.798,0.862,0.831,90924.9,83.8,3.5,84.2,103.6,95.6
Switzerland,CHE,2022,The West,0.893,0.848,0.795,0.86,0.829,93360.4,83.6,3.5,84.9,103.4,96.5
Switzerland,CHE,2023,The West,0.884,0.838,0.785,0.85,0.815,92947.9,84.2,3.4,85.2,103,97.3
Syria,SYR,1990,Middle East,0.144,0.037,0.053,0.021,0.129,931.9,69.8,31.6,48.8,50.3,0
Syria,SYR,1991,Middle East,0.145,0.037,0.054,0.021,0.128,972.3,70.1,30.4,49,48,0
Syria,SYR,1992,Middle East,0.144,0.037,0.054,0.021,0.128,1065.2,70.2,29.3,49.3,45.8,0
Syria,SYR,1993,Middle East,0.144,0.037,0.054,0.021,0.128,1097.1,70.3,28.1,49.5,45.1,0
Syria,SYR,1994,Middle East,0.144,0.037,0.054,0.021,0.127,1142.1,70.3,26.9,49.8,44.1,0
Syria,SYR,1995,Middle East,0.145,0.037,0.054,0.021,0.127,1188.2,70.2,25.7,50,43.3,0
Syria,SYR,1996,Middle East,0.145,0.037,0.053,0.021,0.127,1270,70.2,24.6,50.4,42.5,0
Syria,SYR,1997,Middle East,0.145,0.037,0.051,0.021,0.127,1299.3,70.2,23.5,50.7,42.4,0
Syria,SYR,1998,Middle East,0.144,0.038,0.05,0.021,0.127,1352.1,70.2,22.5,51.1,43.2,0.1
Syria,SYR,1999,Middle East,0.144,0.038,0.053,0.021,0.127,1271.3,70.5,21.6,51.5,43.3,0.1
Syria,SYR,2000,Middle East,0.15,0.051,0.057,0.03,0.108,1248.4,70.9,20.8,51.9,43.7,0.2
Syria,SYR,2001,Middle East,0.152,0.051,0.058,0.03,0.109,1264.3,71.3,20.1,52.3,44.8,0.4
Syria,SYR,2002,Middle East,0.15,0.051,0.054,0.03,0.108,1331.1,71.7,19.4,52.7,46.2,2.1
Syria,SYR,2003,Middle East,0.15,0.05,0.057,0.026,0.108,1307.5,72.2,18.9,53.1,60.4,3.4
Syria,SYR,2004,Middle East,0.149,0.049,0.053,0.026,0.108,1363.6,72.5,18.5,53.5,63.2,4.3
Syria,SYR,2005,Middle East,0.148,0.05,0.045,0.026,0.108,1411.6,72.8,18.1,53.8,66.2,5.6
Syria,SYR,2006,Middle East,0.148,0.05,0.044,0.026,0.108,1420.7,73,17.8,54.1,67.5,7.8
Syria,SYR,2007,Middle East,0.145,0.05,0.045,0.026,0.107,1411.7,73.3,17.6,54.3,68.1,11.5
Syria,SYR,2008,Middle East,0.144,0.05,0.047,0.025,0.107,1423.6,73.4,17.5,54.6,68.5,14
Syria,SYR,2009,Middle East,0.144,0.05,0.047,0.025,0.104,1484.4,73.5,17.5,55,69.7,17.3
Syria,SYR,2010,Middle East,0.144,0.049,0.047,0.025,0.103,1526.4,73.5,17.5,55.7,70.8,20.7
Syria,SYR,2011,Middle East,0.144,0.038,0.049,0.024,0.098,1542.7,72.3,18.7,58.5,72.3,22.5
Syria,SYR,2012,Middle East,0.144,0.031,0.047,0.023,0.081,1142.3,66.2,23.8,65.1,73.1,24.3
Syria,SYR,2013,Middle East,0.136,0.024,0.046,0.017,0.07,884.3,65.1,25,73.1,47.6,26.2
Syria,SYR,2014,Middle East,0.137,0.024,0.046,0.017,0.067,847.7,65.5,24.6,76,NA,28.1
Syria,SYR,2015,Middle East,0.136,0.025,0.045,0.017,0.066,847.7,63.3,25.5,75.8,NA,30
Syria,SYR,2016,Middle East,0.136,0.025,0.045,0.017,0.067,803,65.2,23.7,75.2,NA,31.9
Syria,SYR,2017,Middle East,0.137,0.025,0.044,0.02,0.07,795.9,65.7,24.2,74.5,NA,32.7
Syria,SYR,2018,Middle East,0.135,0.025,0.053,0.018,0.069,792.4,67.4,24.2,74.1,NA,33.8
Syria,SYR,2019,Middle East,0.136,0.026,0.046,0.017,0.059,771.5,71,21.1,73.8,NA,NA
Syria,SYR,2020,Middle East,0.138,0.031,0.046,0.022,0.058,753.1,71.9,20,73.4,39.1,NA
Syria,SYR,2021,Middle East,0.136,0.033,0.044,0.02,0.058,746.1,72.4,19.3,73,39.5,NA
Syria,SYR,2022,Middle East,0.137,0.031,0.043,0.024,0.056,716.9,72.8,19.1,72.6,39.6,NA
Syria,SYR,2023,Middle East,0.145,0.044,0.046,0.032,0.059,NA,72.1,18.6,72.2,39.5,NA
Taiwan,TWN,1990,Asia,0.263,0.226,0.155,0.261,0.272,NA,NA,NA,NA,NA,NA
Taiwan,TWN,1991,Asia,0.265,0.238,0.16,0.263,0.273,NA,NA,NA,NA,NA,NA
Taiwan,TWN,1992,Asia,0.296,0.259,0.177,0.28,0.288,NA,NA,NA,NA,NA,NA
Taiwan,TWN,1993,Asia,0.319,0.275,0.188,0.311,0.304,NA,NA,NA,NA,NA,NA
Taiwan,TWN,1994,Asia,0.32,0.277,0.211,0.316,0.31,NA,NA,NA,NA,NA,NA
Taiwan,TWN,1995,Asia,0.324,0.279,0.229,0.318,0.314,NA,NA,NA,NA,NA,NA
Taiwan,TWN,1996,Asia,0.505,0.389,0.333,0.435,0.435,NA,NA,NA,NA,NA,NA
Taiwan,TWN,1997,Asia,0.643,0.483,0.414,0.53,0.528,NA,NA,NA,NA,NA,NA
Taiwan,TWN,1998,Asia,0.659,0.493,0.433,0.546,0.547,NA,NA,NA,NA,NA,NA
Taiwan,TWN,1999,Asia,0.649,0.489,0.428,0.54,0.541,NA,NA,NA,NA,NA,NA
Taiwan,TWN,2000,Asia,0.772,0.674,0.533,0.692,0.668,NA,NA,NA,NA,NA,NA
Taiwan,TWN,2001,Asia,0.782,0.682,0.542,0.702,0.68,NA,NA,NA,NA,NA,NA
Taiwan,TWN,2002,Asia,0.787,0.687,0.547,0.707,0.685,NA,NA,NA,NA,NA,NA
Taiwan,TWN,2003,Asia,0.784,0.684,0.545,0.704,0.681,NA,NA,NA,NA,NA,NA
Taiwan,TWN,2004,Asia,0.776,0.677,0.577,0.695,0.672,NA,NA,NA,NA,NA,NA
Taiwan,TWN,2005,Asia,0.771,0.675,0.577,0.692,0.67,NA,NA,NA,NA,NA,NA
Taiwan,TWN,2006,Asia,0.776,0.679,0.58,0.697,0.674,NA,NA,NA,NA,NA,NA
Taiwan,TWN,2007,Asia,0.775,0.679,0.58,0.696,0.671,NA,NA,NA,NA,NA,NA
Taiwan,TWN,2008,Asia,0.793,0.685,0.63,0.678,0.689,NA,NA,NA,NA,NA,NA
Taiwan,TWN,2009,Asia,0.794,0.667,0.623,0.664,0.693,NA,NA,NA,NA,NA,NA
Taiwan,TWN,2010,Asia,0.798,0.668,0.623,0.667,0.698,NA,NA,NA,NA,NA,NA
Taiwan,TWN,2011,Asia,0.798,0.668,0.621,0.667,0.697,NA,NA,NA,NA,NA,NA
Taiwan,TWN,2012,Asia,0.799,0.676,0.621,0.667,0.697,NA,NA,NA,NA,NA,NA
Taiwan,TWN,2013,Asia,0.803,0.684,0.612,0.666,0.708,NA,NA,NA,NA,NA,NA
Taiwan,TWN,2014,Asia,0.806,0.685,0.607,0.67,0.711,NA,NA,NA,NA,NA,NA
Taiwan,TWN,2015,Asia,0.806,0.686,0.601,0.67,0.709,NA,NA,NA,NA,NA,NA
Taiwan,TWN,2016,Asia,0.835,0.727,0.628,0.742,0.743,NA,NA,NA,NA,NA,NA
Taiwan,TWN,2017,Asia,0.845,0.737,0.63,0.745,0.747,NA,NA,NA,NA,NA,NA
Taiwan,TWN,2018,Asia,0.845,0.739,0.668,0.752,0.748,NA,NA,NA,NA,NA,NA
Taiwan,TWN,2019,Asia,0.834,0.725,0.646,0.73,0.743,NA,NA,NA,NA,NA,NA
Taiwan,TWN,2020,Asia,0.82,0.719,0.631,0.734,0.735,NA,NA,NA,NA,NA,NA
Taiwan,TWN,2021,Asia,0.82,0.711,0.63,0.74,0.737,NA,NA,NA,NA,NA,NA
Taiwan,TWN,2022,Asia,0.827,0.729,0.653,0.745,0.743,NA,NA,NA,NA,NA,NA
Taiwan,TWN,2023,Asia,0.823,0.725,0.642,0.744,0.738,NA,NA,NA,NA,NA,NA
Tajikistan,TJK,1990,Eastern Europe,0.259,0.123,0.076,0.113,0.249,1312.9,61.6,76.7,31.9,NA,0
Tajikistan,TJK,1991,Eastern Europe,0.306,0.129,0.092,0.126,0.268,1188.4,61.7,78.5,31.3,101.5,NA
Tajikistan,TJK,1992,Eastern Europe,0.278,0.077,0.091,0.097,0.206,827.6,57.1,81.2,30.6,99.5,NA
Tajikistan,TJK,1993,Eastern Europe,0.217,0.059,0.067,0.075,0.154,682.7,55.5,83.8,29.9,93.4,NA
Tajikistan,TJK,1994,Eastern Europe,0.194,0.054,0.076,0.076,0.147,528,60.1,84.8,29.1,81.7,NA
Tajikistan,TJK,1995,Eastern Europe,0.173,0.055,0.071,0.088,0.135,452.9,61.4,83.5,28.4,81.7,NA
Tajikistan,TJK,1996,Eastern Europe,0.173,0.056,0.071,0.088,0.133,369.9,60.8,80.4,27.8,NA,NA
Tajikistan,TJK,1997,Eastern Europe,0.182,0.058,0.079,0.098,0.138,371.7,61.9,76.3,27.2,NA,NA
Tajikistan,TJK,1998,Eastern Europe,0.196,0.066,0.081,0.106,0.139,389.1,62.4,71.6,26.8,NA,NA
Tajikistan,TJK,1999,Eastern Europe,0.209,0.071,0.098,0.109,0.143,401.4,63.1,66.5,26.6,71.8,0
Tajikistan,TJK,2000,Eastern Europe,0.239,0.083,0.104,0.124,0.153,429.5,63.5,61.5,26.5,72,0
Tajikistan,TJK,2001,Eastern Europe,0.244,0.084,0.1,0.097,0.146,461.7,64.2,56.5,26.5,73.9,0.1
Tajikistan,TJK,2002,Eastern Europe,0.241,0.08,0.098,0.096,0.137,501.8,64.9,51.7,26.5,75.8,0.1
Tajikistan,TJK,2003,Eastern Europe,0.245,0.082,0.098,0.098,0.138,546.4,65.9,47.3,26.5,78.1,0.1
Tajikistan,TJK,2004,Eastern Europe,0.243,0.08,0.097,0.097,0.139,591,66.6,43.3,26.5,79.3,0.1
Tajikistan,TJK,2005,Eastern Europe,0.228,0.07,0.088,0.093,0.133,618.3,66.5,40,26.5,80,0.3
Tajikistan,TJK,2006,Eastern Europe,0.226,0.069,0.088,0.092,0.133,649.2,67,37.2,26.5,80.8,3.8
Tajikistan,TJK,2007,Eastern Europe,0.227,0.068,0.086,0.096,0.133,686.5,67.4,34.9,26.5,81.4,7.2
Tajikistan,TJK,2008,Eastern Europe,0.229,0.068,0.085,0.084,0.131,726.2,67.9,33.1,26.5,82.3,8.8
Tajikistan,TJK,2009,Eastern Europe,0.23,0.069,0.085,0.084,0.132,739.2,68.2,31.6,26.5,83.1,10.1
Tajikistan,TJK,2010,Eastern Europe,0.225,0.063,0.077,0.083,0.129,770.6,68.4,30.4,26.5,83.9,11.6
Tajikistan,TJK,2011,Eastern Europe,0.225,0.064,0.075,0.077,0.128,809.4,68.7,29.3,26.5,85,13
Tajikistan,TJK,2012,Eastern Europe,0.222,0.062,0.072,0.077,0.129,849.5,69.1,28.4,26.4,86.3,14.5
Tajikistan,TJK,2013,Eastern Europe,0.206,0.053,0.057,0.073,0.102,889.9,69.6,27.6,26.5,87,16
Tajikistan,TJK,2014,Eastern Europe,0.201,0.052,0.055,0.065,0.101,926,69.7,26.9,26.6,NA,17.5
Tajikistan,TJK,2015,Eastern Europe,0.184,0.042,0.051,0.049,0.086,956.9,69.7,26.3,26.5,NA,19
Tajikistan,TJK,2016,Eastern Europe,0.174,0.039,0.054,0.047,0.075,997.4,70,25.8,26.4,NA,20.5
Tajikistan,TJK,2017,Eastern Europe,0.168,0.04,0.057,0.042,0.069,1042.3,70.5,25.5,26.3,NA,22
Tajikistan,TJK,2018,Eastern Europe,0.164,0.044,0.052,0.037,0.07,1094.8,70.7,25.3,26.2,NA,32.6
Tajikistan,TJK,2019,Eastern Europe,0.164,0.041,0.053,0.039,0.066,1148.3,71,25,26.1,NA,22.7
Tajikistan,TJK,2020,Eastern Europe,0.17,0.041,0.058,0.045,0.068,1171.9,68.6,24.9,26.2,90.9,27.5
Tajikistan,TJK,2021,Eastern Europe,0.171,0.039,0.054,0.048,0.069,1254.1,69.6,24.7,26.2,91.3,36.7
Tajikistan,TJK,2022,Eastern Europe,0.164,0.036,0.055,0.049,0.066,1325.8,71.6,24.4,26.2,90.9,48.9
Tajikistan,TJK,2023,Eastern Europe,0.164,0.036,0.054,0.045,0.065,1407.1,71.8,24,26.2,88.4,54.4
Tanzania,TZA,1990,Africa,0.287,0.27,0.134,0.244,0.264,541.5,52,106.2,18.9,NA,0
Tanzania,TZA,1991,Africa,0.294,0.278,0.144,0.254,0.268,539,51.8,105.2,19.3,5.1,NA
Tanzania,TZA,1992,Africa,0.393,0.331,0.183,0.278,0.32,528.8,51.4,104.4,19.6,5.2,NA
Tanzania,TZA,1993,Africa,0.402,0.336,0.187,0.293,0.324,518.7,51.2,103.5,19.9,5.2,NA
Tanzania,TZA,1994,Africa,0.414,0.345,0.193,0.3,0.331,507,51.1,102.4,20.2,5.1,NA
Tanzania,TZA,1995,Africa,0.473,0.394,0.23,0.35,0.356,508.8,51,101.1,20.5,5.1,NA
Tanzania,TZA,1996,Africa,0.491,0.403,0.314,0.367,0.361,522.3,51.1,99.3,20.8,5,0
Tanzania,TZA,1997,Africa,0.491,0.403,0.314,0.367,0.361,530,51.2,96.8,21.1,5.5,0
Tanzania,TZA,1998,Africa,0.491,0.403,0.314,0.367,0.361,535.4,51.8,93.7,21.5,NA,0
Tanzania,TZA,1999,Africa,0.491,0.403,0.314,0.367,0.361,546.6,52.4,89.8,21.8,NA,0.1
Tanzania,TZA,2000,Africa,0.477,0.396,0.306,0.364,0.352,555.3,53.2,85.2,22.2,NA,0.1
Tanzania,TZA,2001,Africa,0.44,0.373,0.286,0.342,0.334,573.4,54.1,80.3,22.6,NA,0.2
Tanzania,TZA,2002,Africa,0.44,0.373,0.286,0.342,0.334,598.4,54.9,75.3,23,NA,0.2
Tanzania,TZA,2003,Africa,0.44,0.373,0.286,0.342,0.334,621.7,55.9,70.6,23.5,NA,0.7
Tanzania,TZA,2004,Africa,0.44,0.373,0.286,0.342,0.334,650.5,56.8,66.3,24.1,NA,0.9
Tanzania,TZA,2005,Africa,0.429,0.372,0.281,0.355,0.326,680.1,57.7,62.3,24.7,NA,1.1
Tanzania,TZA,2006,Africa,0.465,0.395,0.301,0.378,0.348,704.5,58.5,58.9,25.4,NA,1.3
Tanzania,TZA,2007,Africa,0.462,0.393,0.3,0.377,0.346,731.5,59.3,55.5,26.1,NA,1.6
Tanzania,TZA,2008,Africa,0.464,0.396,0.302,0.378,0.348,752.5,59.9,53,26.8,NA,1.9
Tanzania,TZA,2009,Africa,0.465,0.395,0.301,0.377,0.347,772.9,60.5,50.3,27.5,NA,2.4
Tanzania,TZA,2010,Africa,0.467,0.397,0.296,0.381,0.349,801.3,61.1,48.3,28.2,31.9,2.9
Tanzania,TZA,2011,Africa,0.477,0.404,0.302,0.385,0.355,839,61.6,46.4,28.9,NA,3.2
Tanzania,TZA,2012,Africa,0.475,0.401,0.304,0.385,0.354,851.9,62.3,44.8,29.5,NA,4
Tanzania,TZA,2013,Africa,0.47,0.396,0.302,0.384,0.345,882.8,62.8,43.5,30.1,32.4,4.4
Tanzania,TZA,2014,Africa,0.467,0.394,0.3,0.383,0.347,913.8,63.4,42.1,30.6,29.6,7
Tanzania,TZA,2015,Africa,0.453,0.391,0.288,0.374,0.355,939.1,63.9,40.8,31.2,26.1,10
Tanzania,TZA,2016,Africa,0.409,0.355,0.266,0.332,0.345,970.2,64.4,39.3,31.8,25.6,13.5
Tanzania,TZA,2017,Africa,0.401,0.351,0.261,0.341,0.343,1001.6,65,37.5,32.3,26.4,14.5
Tanzania,TZA,2018,Africa,0.385,0.331,0.259,0.321,0.323,1024,65.5,35.9,32.8,28.6,15.5
Tanzania,TZA,2019,Africa,0.383,0.325,0.256,0.334,0.322,1051.8,66,34.5,33.3,30.2,16.6
Tanzania,TZA,2020,Africa,0.383,0.33,0.254,0.324,0.326,1041.3,66.8,33.2,33.9,30.9,19.5
Tanzania,TZA,2021,Africa,0.366,0.324,0.253,0.305,0.323,1054.3,66.1,32.1,34.4,28.2,22.9
Tanzania,TZA,2022,Africa,0.397,0.347,0.258,0.324,0.344,1070.6,66.9,30.9,34.8,NA,26.9
Tanzania,TZA,2023,Africa,0.409,0.355,0.259,0.32,0.318,1092.9,67,29.7,35.5,NA,28.4
Thailand,THA,1990,Asia,0.371,0.264,0.126,0.297,0.177,2631.5,68.9,30.9,18.8,30,0
Thailand,THA,1991,Asia,0.209,0.158,0.076,0.176,0.125,2810.6,69.1,29.2,19.4,32.2,0
Thailand,THA,1992,Asia,0.271,0.2,0.108,0.205,0.147,2989.9,69.4,27.6,20.2,36,0
Thailand,THA,1993,Asia,0.405,0.303,0.162,0.375,0.225,3187,69.6,26.2,21.3,40.6,0
Thailand,THA,1994,Asia,0.404,0.303,0.191,0.374,0.224,3391.5,69.7,24.8,22.7,45.9,0
Thailand,THA,1995,Asia,0.412,0.307,0.199,0.379,0.228,3614.9,69.8,23.5,24.1,51.3,0.1
Thailand,THA,1996,Asia,0.394,0.278,0.187,0.372,0.221,3766.9,69.9,22.4,25.6,57.6,0.1
Thailand,THA,1997,Asia,0.476,0.348,0.222,0.441,0.26,3614.6,70.4,21.3,27.2,59.5,0.4
Thailand,THA,1998,Asia,0.507,0.384,0.231,0.479,0.286,3295.4,70.7,20.2,28.7,61.9,1.1
Thailand,THA,1999,Asia,0.507,0.385,0.231,0.479,0.286,3403.1,71,19.2,30.2,NA,2.4
Thailand,THA,2000,Asia,0.501,0.391,0.228,0.475,0.291,3514.7,71.2,18.3,31.5,NA,3.7
Thailand,THA,2001,Asia,0.55,0.412,0.251,0.507,0.329,3599,71.5,17.4,32.7,64,5.6
Thailand,THA,2002,Asia,0.547,0.408,0.247,0.502,0.329,3783.8,71.8,16.6,34.1,65.5,7.5
Thailand,THA,2003,Asia,0.537,0.391,0.234,0.493,0.322,4018.2,72.1,15.9,35.4,NA,9.3
Thailand,THA,2004,Asia,0.53,0.382,0.236,0.49,0.322,4232.8,72.1,15.2,36.8,67.4,10.7
Thailand,THA,2005,Asia,0.507,0.359,0.226,0.458,0.312,4372.3,72.9,14.5,38.1,71.8,15
Thailand,THA,2006,Asia,0.227,0.166,0.12,0.177,0.182,4551.5,73.3,13.9,39.4,71.6,17.2
Thailand,THA,2007,Asia,0.181,0.18,0.121,0.164,0.163,4760.7,73.8,13.4,40.7,75.8,20
Thailand,THA,2008,Asia,0.402,0.336,0.197,0.354,0.257,4805.8,74.2,12.9,41.9,75.2,18.2
Thailand,THA,2009,Asia,0.418,0.337,0.203,0.357,0.263,4737.5,74.7,12.4,43,76.6,20.1
Thailand,THA,2010,Asia,0.411,0.33,0.2,0.355,0.261,5059.4,75,11.9,44,78.4,22.4
Thailand,THA,2011,Asia,0.462,0.373,0.221,0.419,0.285,5070.2,75.3,11.5,44.8,87,23.7
Thailand,THA,2012,Asia,0.493,0.4,0.233,0.443,0.3,5403.9,75.6,11.1,45.4,85.5,26.5
Thailand,THA,2013,Asia,0.446,0.352,0.21,0.377,0.269,5516.6,76,10.8,45.8,83.9,28.9
Thailand,THA,2014,Asia,0.162,0.116,0.066,0.024,0.147,5541.5,76.3,10.4,46.3,123.5,34.9
Thailand,THA,2015,Asia,0.16,0.105,0.073,0.023,0.147,5688.9,76.6,10.1,47,124.3,39.3
Thailand,THA,2016,Asia,0.16,0.105,0.082,0.025,0.141,5857.8,76.8,9.8,47.9,122.6,47.5
Thailand,THA,2017,Asia,0.154,0.102,0.095,0.027,0.14,6076.7,77,9.5,49.2,79.5,52.9
Thailand,THA,2018,Asia,0.17,0.11,0.1,0.03,0.145,6314.2,77.2,9.2,54.6,80.6,56.8
Thailand,THA,2019,Asia,0.208,0.184,0.109,0.069,0.159,6434.5,77.2,8.9,55.9,81.7,66.7
Thailand,THA,2020,Asia,0.201,0.187,0.108,0.068,0.157,6032.4,77.3,8.7,57.2,82.4,77.8
Thailand,THA,2021,Asia,0.208,0.187,0.112,0.069,0.16,6119.1,77.6,8.4,58.5,84.7,85.3
Thailand,THA,2022,Asia,0.216,0.195,0.112,0.088,0.162,6279.8,75.3,8.2,59.7,88.1,88
Thailand,THA,2023,Asia,0.295,0.246,0.145,0.162,0.191,6424,76.4,7.9,60.9,93.3,89.5
The Gambia,GMB,1990,Africa,0.468,0.332,0.18,0.244,0.272,658.7,51.3,99.5,35.2,15,0
The Gambia,GMB,1991,Africa,0.468,0.332,0.18,0.244,0.273,651.2,51.9,96.9,35.8,15.4,NA
The Gambia,GMB,1992,Africa,0.466,0.33,0.18,0.241,0.272,646.4,52.5,94.3,36.5,15.8,NA
The Gambia,GMB,1993,Africa,0.442,0.318,0.171,0.231,0.261,641.9,53.1,91.6,37.3,18.1,NA
The Gambia,GMB,1994,Africa,0.207,0.139,0.079,0.089,0.166,622.6,53.8,88.9,38.3,18.3,NA
The Gambia,GMB,1995,Africa,0.101,0.074,0.051,0.051,0.138,609.6,54.3,86.2,39.6,20.6,0
The Gambia,GMB,1996,Africa,0.13,0.08,0.118,0.055,0.14,605.4,54.8,83.5,40.9,20.1,0
The Gambia,GMB,1997,Africa,0.246,0.126,0.147,0.081,0.172,617.3,55.2,80.9,42.4,NA,0.1
The Gambia,GMB,1998,Africa,0.259,0.129,0.154,0.084,0.176,621.2,56,78.3,44,NA,0.2
The Gambia,GMB,1999,Africa,0.258,0.127,0.153,0.084,0.177,642.9,56.5,75.8,45.5,NA,0.7
The Gambia,GMB,2000,Africa,0.255,0.123,0.153,0.078,0.178,659.9,56.9,73.3,47,NA,0.9
The Gambia,GMB,2001,Africa,0.258,0.123,0.152,0.078,0.178,679.5,57.3,70.9,48.3,NA,1.3
The Gambia,GMB,2002,Africa,0.256,0.121,0.158,0.078,0.179,640,57.7,68.5,49.6,NA,1.8
The Gambia,GMB,2003,Africa,0.257,0.119,0.157,0.078,0.179,665.8,58.2,66.1,50.6,NA,2.4
The Gambia,GMB,2004,Africa,0.257,0.116,0.156,0.078,0.179,693.6,58.7,63.8,51.5,NA,3.3
The Gambia,GMB,2005,Africa,0.257,0.116,0.155,0.078,0.179,658.7,59.1,61.5,52.4,NA,3.8
The Gambia,GMB,2006,Africa,0.251,0.114,0.152,0.076,0.177,636.6,59.7,59.4,53.2,NA,5.2
The Gambia,GMB,2007,Africa,0.243,0.112,0.148,0.074,0.174,637.2,60,57.3,53.9,NA,6.2
The Gambia,GMB,2008,Africa,0.243,0.111,0.148,0.074,0.174,657.7,60.5,55.3,54.6,45.3,6.9
The Gambia,GMB,2009,Africa,0.243,0.111,0.147,0.074,0.174,681.4,60.7,53.4,55.3,46.2,7.6
The Gambia,GMB,2010,Africa,0.244,0.112,0.146,0.074,0.174,701,61.2,51.5,56,45.5,9.2
The Gambia,GMB,2011,Africa,0.244,0.112,0.145,0.074,0.174,625.5,61.6,49.8,56.7,NA,10.9
The Gambia,GMB,2012,Africa,0.243,0.113,0.143,0.075,0.174,639.1,61.9,48.1,57.3,NA,12.4
The Gambia,GMB,2013,Africa,0.241,0.105,0.141,0.086,0.171,638.5,62.3,46.5,58,NA,14
The Gambia,GMB,2014,Africa,0.244,0.105,0.141,0.087,0.176,611.9,62.6,45,58.6,NA,15.6
The Gambia,GMB,2015,Africa,0.244,0.106,0.14,0.087,0.177,619.5,63,43.5,59.2,NA,17.6
The Gambia,GMB,2016,Africa,0.25,0.11,0.145,0.088,0.178,615.2,63.4,42.1,59.9,NA,19.9
The Gambia,GMB,2017,Africa,0.498,0.393,0.306,0.35,0.34,628.8,63.7,40.7,60.5,NA,22.5
The Gambia,GMB,2018,Africa,0.538,0.422,0.345,0.386,0.382,658.1,64,39.4,61.1,NA,28.3
The Gambia,GMB,2019,Africa,0.524,0.421,0.335,0.387,0.377,682.8,64.4,38.2,61.6,NA,31.1
The Gambia,GMB,2020,Africa,0.496,0.403,0.313,0.379,0.36,670.8,64.4,37,62.2,NA,36
The Gambia,GMB,2021,Africa,0.507,0.417,0.324,0.39,0.36,689.5,63.8,35.9,62.8,107,41.7
The Gambia,GMB,2022,Africa,0.621,0.5,0.394,0.463,0.429,710.7,64.9,34.7,63.3,NA,48.2
The Gambia,GMB,2023,Africa,0.635,0.516,0.406,0.483,0.453,735.6,65.9,33.7,63.8,NA,48.7
Timor-Leste,TLS,1990,Asia,0.077,NA,NA,0.01,0.076,633.2,45.2,165.5,21,NA,0
Timor-Leste,TLS,1991,Asia,0.077,NA,NA,0.01,0.076,684.9,45.1,161.7,21.3,NA,NA
Timor-Leste,TLS,1992,Asia,0.077,NA,NA,0.01,0.076,736.6,46.2,153.5,21.7,NA,NA
Timor-Leste,TLS,1993,Asia,0.077,NA,NA,0.01,0.076,789.9,47,145.5,22,NA,NA
Timor-Leste,TLS,1994,Asia,0.077,NA,NA,0.01,0.076,823.1,47.9,139.1,22.3,NA,NA
Timor-Leste,TLS,1995,Asia,0.077,NA,NA,0.01,0.076,854.1,47.5,137.9,22.6,NA,NA
Timor-Leste,TLS,1996,Asia,0.077,NA,NA,0.01,0.076,897.4,48.3,131.4,22.9,NA,NA
Timor-Leste,TLS,1997,Asia,0.077,NA,NA,0.01,0.076,907.9,49,125.2,23.2,NA,NA
Timor-Leste,TLS,1998,Asia,0.09,NA,NA,0.011,0.078,865.8,48.6,124.8,23.5,NA,NA
Timor-Leste,TLS,1999,Asia,0.11,0.089,NA,0.028,0.081,631.1,45.2,134,23.8,NA,NA
Timor-Leste,TLS,2000,Asia,0.222,0.183,NA,0.218,0.165,1117.6,58.1,84.4,24.1,NA,NA
Timor-Leste,TLS,2001,Asia,0.289,0.23,NA,0.25,0.202,1192.7,58.8,80.4,24.5,41.3,NA
Timor-Leste,TLS,2002,Asia,0.561,0.417,0.249,0.398,0.345,1028.1,59.5,76.4,24.9,44.7,0
Timor-Leste,TLS,2003,Asia,0.573,0.411,0.259,0.404,0.35,964.3,60.1,72.6,25.3,46.6,NA
Timor-Leste,TLS,2004,Asia,0.573,0.411,0.259,0.404,0.35,955.5,60.7,69.1,25.7,58,NA
Timor-Leste,TLS,2005,Asia,0.572,0.408,0.313,0.364,0.347,964,61.3,65.6,26.3,59.5,0.1
Timor-Leste,TLS,2006,Asia,0.569,0.405,0.311,0.38,0.345,897.6,61.9,62.5,27.1,NA,0.5
Timor-Leste,TLS,2007,Asia,0.609,0.454,0.333,0.414,0.372,961.8,62.4,59.5,28,NA,1
Timor-Leste,TLS,2008,Asia,0.618,0.46,0.34,0.42,0.384,1042.9,62.9,56.8,28.8,57.1,1.5
Timor-Leste,TLS,2009,Asia,0.617,0.462,0.341,0.419,0.382,1120.1,63.3,54.3,29.4,67.1,2
Timor-Leste,TLS,2010,Asia,0.632,0.478,0.36,0.437,0.398,1195.4,63.7,52,29.6,68.3,3
Timor-Leste,TLS,2011,Asia,0.632,0.478,0.356,0.437,0.399,1237.5,64,50,29.6,70.2,4
Timor-Leste,TLS,2012,Asia,0.65,0.495,0.366,0.448,0.408,1269.4,64.4,48.1,29.6,70,7
Timor-Leste,TLS,2013,Asia,0.661,0.501,0.372,0.454,0.412,1281.9,64.7,46.5,29.6,67.8,11
Timor-Leste,TLS,2014,Asia,0.639,0.471,0.361,0.441,0.406,1313,65,45,29.5,69.4,17.5
Timor-Leste,TLS,2015,Asia,0.644,0.466,0.362,0.446,0.405,1319.6,65.3,43.6,29.5,73,18.6
Timor-Leste,TLS,2016,Asia,0.628,0.46,0.372,0.441,0.386,1333.7,65.6,42.5,29.4,77.4,21.2
Timor-Leste,TLS,2017,Asia,0.671,0.489,0.402,0.477,0.42,1267.1,65.9,41.4,29.4,81.2,24.2
Timor-Leste,TLS,2018,Asia,0.689,0.502,0.419,0.497,0.431,1237.2,66.2,40.6,29.2,83.1,27.6
Timor-Leste,TLS,2019,Asia,0.703,0.517,0.429,0.505,0.442,1507.2,66.5,39.6,29.1,85.1,28
Timor-Leste,TLS,2020,Asia,0.679,0.492,0.412,0.479,0.426,1947.8,66.9,38.7,29,84.7,32
Timor-Leste,TLS,2021,Asia,0.693,0.501,0.415,0.486,0.435,2015.8,66.2,37.7,28.8,NA,35
Timor-Leste,TLS,2022,Asia,0.709,0.516,0.445,0.516,0.444,1579.7,67.4,36.7,28.6,NA,NA
Timor-Leste,TLS,2023,Asia,0.714,0.526,0.45,0.536,0.457,1279.2,67.7,35.7,28.6,NA,NA
Togo,TGO,1990,Africa,0.155,0.064,0.068,0.047,0.151,757.6,54.6,85.4,28.7,19.9,0
Togo,TGO,1991,Africa,0.229,0.126,0.093,0.17,0.208,730.9,54.3,84.5,29.1,19,0
Togo,TGO,1992,Africa,0.274,0.15,0.122,0.195,0.234,682.2,54.1,83.5,29.5,18.7,0
Togo,TGO,1993,Africa,0.289,0.16,0.127,0.199,0.249,585.8,53.9,82.5,30,NA,0
Togo,TGO,1994,Africa,0.317,0.163,0.135,0.21,0.251,670.8,53.7,81.3,30.4,19.9,0
Togo,TGO,1995,Africa,0.322,0.165,0.135,0.213,0.253,687.1,53.7,79.9,30.9,21.7,0
Togo,TGO,1996,Africa,0.328,0.167,0.138,0.216,0.256,716.4,53.8,78.3,31.3,23,0
Togo,TGO,1997,Africa,0.328,0.167,0.136,0.216,0.256,792.1,53.9,76.6,31.8,23.4,0.2
Togo,TGO,1998,Africa,0.31,0.162,0.129,0.208,0.255,754.7,54,74.7,32.2,NA,0.3
Togo,TGO,1999,Africa,0.297,0.154,0.121,0.203,0.25,754.5,54.3,72.8,32.6,29,0.6
Togo,TGO,2000,Africa,0.301,0.167,0.121,0.204,0.261,730.1,54.6,70.8,33.1,31.6,0.8
Togo,TGO,2001,Africa,0.301,0.167,0.128,0.201,0.261,718.1,54.8,68.8,33.6,34.4,0.9
Togo,TGO,2002,Africa,0.302,0.166,0.126,0.204,0.262,727.3,55,66.7,34,38.5,1
Togo,TGO,2003,Africa,0.304,0.166,0.125,0.204,0.263,757.1,55.3,64.8,34.5,40.6,1.2
Togo,TGO,2004,Africa,0.303,0.166,0.12,0.205,0.262,731.6,55.6,62.9,34.9,42,1.5
Togo,TGO,2005,Africa,0.325,0.149,0.143,0.268,0.264,680.5,55.9,61.1,35.3,44.2,1.8
Togo,TGO,2006,Africa,0.338,0.18,0.151,0.297,0.272,678.9,56.2,59.4,35.8,46,2
Togo,TGO,2007,Africa,0.355,0.194,0.158,0.319,0.281,650,56.4,57.7,36.2,42.8,2.2
Togo,TGO,2008,Africa,0.433,0.227,0.191,0.363,0.323,654.9,56.7,56.1,36.7,NA,2.4
Togo,TGO,2009,Africa,0.434,0.229,0.19,0.359,0.322,668.7,56.9,54.5,37.1,NA,2.6
Togo,TGO,2010,Africa,0.414,0.235,0.182,0.362,0.32,686,57.2,53,37.6,NA,3
Togo,TGO,2011,Africa,0.416,0.238,0.183,0.362,0.322,706.4,57.6,51.4,38,52.8,3.5
Togo,TGO,2012,Africa,0.412,0.235,0.181,0.36,0.32,733.7,58,49.8,38.4,NA,4
Togo,TGO,2013,Africa,0.432,0.238,0.171,0.352,0.322,759.8,58.4,48.3,38.9,NA,4.5
Togo,TGO,2014,Africa,0.465,0.251,0.183,0.375,0.341,786.6,58.8,46.8,39.3,NA,5.7
Togo,TGO,2015,Africa,0.471,0.258,0.184,0.377,0.343,813.9,59.2,45.4,39.7,NA,7.1
Togo,TGO,2016,Africa,0.472,0.26,0.184,0.374,0.347,833,59.7,44,40.1,NA,11.3
Togo,TGO,2017,Africa,0.442,0.239,0.163,0.332,0.328,851.7,60.1,42.6,40.6,60.8,12.4
Togo,TGO,2018,Africa,0.428,0.212,0.199,0.332,0.32,876.6,60.6,41.4,41,NA,15.5
Togo,TGO,2019,Africa,0.395,0.193,0.237,0.322,0.314,900.2,61.1,40.2,41.4,NA,20.7
Togo,TGO,2020,Africa,0.424,0.233,0.259,0.347,0.333,899.7,61.1,39.1,41.9,NA,29
Togo,TGO,2021,Africa,0.396,0.214,0.249,0.332,0.294,928.3,61.3,38,42.3,63.1,30.3
Togo,TGO,2022,Africa,0.399,0.216,0.252,0.333,0.289,970.5,62.3,37,42.7,NA,35.6
Togo,TGO,2023,Africa,0.389,0.194,0.229,0.326,0.277,1011.2,62.7,35.9,43.2,63.4,37.6
Trinidad and Tobago,TTO,1990,Latin America,0.744,0.617,0.461,0.564,0.598,6058.2,67.6,29.4,55,83.2,0
Trinidad and Tobago,TTO,1991,Latin America,0.762,0.635,0.475,0.578,0.627,6197.5,67.8,29,55.2,79.9,NA
Trinidad and Tobago,TTO,1992,Latin America,0.772,0.644,0.481,0.589,0.637,6772,67.8,28.6,55.3,78,NA
Trinidad and Tobago,TTO,1993,Latin America,0.772,0.644,0.486,0.589,0.637,6680.5,67.8,28.3,55.5,77.4,NA
Trinidad and Tobago,TTO,1994,Latin America,0.775,0.645,0.488,0.59,0.64,6876.5,67.8,28,55.6,NA,NA
Trinidad and Tobago,TTO,1995,Latin America,0.772,0.646,0.482,0.586,0.638,7100.9,68,27.7,55.7,NA,0.2
Trinidad and Tobago,TTO,1996,Latin America,0.776,0.646,0.482,0.59,0.638,7573.8,68,27.4,55.8,NA,0.4
Trinidad and Tobago,TTO,1997,Latin America,0.776,0.646,0.482,0.59,0.638,8112.9,68.1,27.2,55.8,NA,1.2
Trinidad and Tobago,TTO,1998,Latin America,0.776,0.646,0.482,0.59,0.638,8742.7,68.3,26.9,55.9,NA,2.7
Trinidad and Tobago,TTO,1999,Latin America,0.776,0.646,0.482,0.59,0.638,9412.1,68.5,26.6,55.9,NA,5.8
Trinidad and Tobago,TTO,2000,Latin America,0.782,0.66,0.502,0.638,0.651,10023,68.6,26.3,55.9,NA,7.7
Trinidad and Tobago,TTO,2001,Latin America,0.754,0.633,0.48,0.612,0.628,10395.2,68.9,25.9,55.9,NA,15.4
Trinidad and Tobago,TTO,2002,Latin America,0.766,0.643,0.488,0.621,0.638,11166,69.2,25.6,55.8,NA,22
Trinidad and Tobago,TTO,2003,Latin America,0.776,0.662,0.495,0.632,0.647,12714.5,69.5,25.2,55.7,NA,26
Trinidad and Tobago,TTO,2004,Latin America,0.776,0.662,0.495,0.632,0.647,13657.3,69.9,24.8,55.6,84.3,27
Trinidad and Tobago,TTO,2005,Latin America,0.775,0.662,0.495,0.632,0.654,15075.4,70.2,24.5,55.4,NA,29
Trinidad and Tobago,TTO,2006,Latin America,0.779,0.665,0.496,0.635,0.657,17021.2,70.4,24.1,55.2,NA,30
Trinidad and Tobago,TTO,2007,Latin America,0.781,0.666,0.499,0.634,0.658,17758.7,70.8,23.7,54.9,NA,32.3
Trinidad and Tobago,TTO,2008,Latin America,0.801,0.684,0.516,0.654,0.679,18285.3,71.1,23.3,54.7,NA,34.8
Trinidad and Tobago,TTO,2009,Latin America,0.801,0.684,0.516,0.655,0.68,17462,71.4,22.9,54.4,NA,44.3
Trinidad and Tobago,TTO,2010,Latin America,0.802,0.686,0.513,0.657,0.683,17938.1,71.8,22.5,54.1,NA,48.5
Trinidad and Tobago,TTO,2011,Latin America,0.803,0.687,0.513,0.658,0.684,17746.5,72.2,22.1,53.9,NA,55.2
Trinidad and Tobago,TTO,2012,Latin America,0.803,0.687,0.513,0.663,0.684,18835.7,72.5,21.7,53.9,NA,57.5
Trinidad and Tobago,TTO,2013,Latin America,0.777,0.665,0.496,0.638,0.635,19392.2,72.8,21.3,53.9,NA,59.9
Trinidad and Tobago,TTO,2014,Latin America,0.777,0.662,0.496,0.638,0.637,20032.5,72.9,20.9,53.9,NA,62.4
Trinidad and Tobago,TTO,2015,Latin America,0.791,0.676,0.507,0.65,0.654,19887.2,72.9,20.6,53.9,NA,65.1
Trinidad and Tobago,TTO,2016,Latin America,0.79,0.676,0.506,0.678,0.655,18331,72.9,20.2,53.9,NA,67.8
Trinidad and Tobago,TTO,2017,Latin America,0.791,0.676,0.507,0.688,0.655,17402.6,73,19.9,53.9,NA,70.6
Trinidad and Tobago,TTO,2018,Latin America,0.784,0.67,0.502,0.677,0.646,17205.6,72.7,19.5,53.9,NA,72.8
Trinidad and Tobago,TTO,2019,Latin America,0.787,0.676,0.499,0.689,0.652,17225.4,72.8,19.2,53.9,NA,75
Trinidad and Tobago,TTO,2020,Latin America,0.788,0.672,0.499,0.687,0.657,15680,72.6,18.8,53.9,NA,77.3
Trinidad and Tobago,TTO,2021,Latin America,0.791,0.672,0.506,0.692,0.657,15558.1,71.1,18.4,53.9,NA,84.4
Trinidad and Tobago,TTO,2022,Latin America,0.778,0.661,0.499,0.679,0.654,15712.2,73.3,18,53.9,NA,81.7
Trinidad and Tobago,TTO,2023,Latin America,0.778,0.661,0.499,0.679,0.648,15922.8,73.5,17.5,54,92.9,82
Tunisia,TUN,1990,Middle East,0.196,0.092,0.12,0.166,0.207,2114.5,69.1,37.2,58.1,43.1,0
Tunisia,TUN,1991,Middle East,0.197,0.093,0.121,0.161,0.207,2151.2,69.4,36.1,59,43.3,NA
Tunisia,TUN,1992,Middle East,0.196,0.093,0.121,0.149,0.207,2270.9,69.7,34.9,59.8,43.7,NA
Tunisia,TUN,1993,Middle East,0.193,0.092,0.12,0.147,0.204,2274.6,70,33.7,60.6,46,NA
Tunisia,TUN,1994,Middle East,0.189,0.091,0.118,0.146,0.202,2305.2,70.4,32.5,61.1,50.4,0
Tunisia,TUN,1995,Middle East,0.188,0.091,0.118,0.146,0.204,2322.6,70.8,31.1,61.6,54.4,0
Tunisia,TUN,1996,Middle East,0.188,0.091,0.118,0.146,0.204,2452.9,71.2,29.7,62.1,58.4,0
Tunisia,TUN,1997,Middle East,0.188,0.091,0.118,0.146,0.204,2551.6,71.7,28.2,62.5,59.8,0
Tunisia,TUN,1998,Middle East,0.188,0.091,0.118,0.146,0.204,2639.9,72.1,26.7,62.9,66.1,0.1
Tunisia,TUN,1999,Middle East,0.188,0.091,0.118,0.146,0.204,2766.6,72.3,25.3,63.3,70,1.6
Tunisia,TUN,2000,Middle East,0.189,0.092,0.118,0.147,0.205,2864.5,72.6,23.9,63.6,72.5,2.8
Tunisia,TUN,2001,Middle East,0.189,0.092,0.118,0.147,0.199,2941.7,72.8,22.7,64,74.8,4.3
Tunisia,TUN,2002,Middle East,0.19,0.091,0.136,0.147,0.199,2950.2,73.1,21.6,64.3,76.5,5.3
Tunisia,TUN,2003,Middle East,0.19,0.091,0.136,0.147,0.199,3058.2,73.3,20.5,64.6,76.1,6.5
Tunisia,TUN,2004,Middle East,0.189,0.091,0.135,0.117,0.197,3218.7,73.5,19.7,64.9,80,8.5
Tunisia,TUN,2005,Middle East,0.191,0.092,0.136,0.127,0.198,3301.9,73.7,18.9,65.2,83.4,9.7
Tunisia,TUN,2006,Middle East,0.191,0.095,0.136,0.127,0.198,3444.6,73.9,18.2,65.5,86,13
Tunisia,TUN,2007,Middle East,0.191,0.095,0.135,0.127,0.198,3642.1,74,17.7,65.8,89.6,17.1
Tunisia,TUN,2008,Middle East,0.191,0.095,0.134,0.127,0.198,3760.1,74.2,17.2,66.1,91.1,27.5
Tunisia,TUN,2009,Middle East,0.191,0.095,0.133,0.124,0.198,3835.3,74.3,16.9,66.3,88.8,34.1
Tunisia,TUN,2010,Middle East,0.193,0.103,0.133,0.124,0.203,3906.9,74.4,16.7,66.6,88.1,36.8
Tunisia,TUN,2011,Middle East,0.328,0.247,0.203,0.348,0.309,3784.7,74.5,16.5,66.9,89.3,39.1
Tunisia,TUN,2012,Middle East,0.765,0.642,0.447,0.685,0.626,3900,74.6,16.4,67.2,NA,41.4
Tunisia,TUN,2013,Middle East,0.761,0.635,0.444,0.689,0.614,3947.6,74.7,16.3,67.5,87.2,43.8
Tunisia,TUN,2014,Middle East,0.745,0.632,0.424,0.671,0.597,4021.6,74.8,16.1,67.8,85,46.2
Tunisia,TUN,2015,Middle East,0.727,0.629,0.407,0.657,0.585,4014.9,74.9,16,67.9,85.8,46.5
Tunisia,TUN,2016,Middle East,0.731,0.626,0.41,0.659,0.586,4015.3,75,15.8,68.1,90.3,49.6
Tunisia,TUN,2017,Middle East,0.725,0.632,0.405,0.656,0.581,4062.8,75.2,15.5,68.3,NA,55.5
Tunisia,TUN,2018,Middle East,0.728,0.633,0.49,0.656,0.584,4128,75.4,15.1,68.5,NA,64.2
Tunisia,TUN,2019,Middle East,0.725,0.632,0.484,0.654,0.583,4153.3,75.6,14.4,68.8,NA,66.7
Tunisia,TUN,2020,Middle East,0.712,0.623,0.472,0.639,0.574,3749.3,75,13.5,69.1,NA,68.6
Tunisia,TUN,2021,Middle East,0.535,0.464,0.356,0.466,0.454,3902.5,72.9,12.5,69.4,NA,68.3
Tunisia,TUN,2022,Middle East,0.283,0.196,0.212,0.285,0.295,3986.5,76,11.5,69.7,NA,NA
Tunisia,TUN,2023,Middle East,0.432,0.283,0.267,0.355,0.349,3967.3,76.5,10.5,70,NA,NA
Turkmenistan,TKM,1990,Eastern Europe,NA,NA,NA,NA,NA,3497.9,63.9,68.1,45,NA,0
Turkmenistan,TKM,1991,Eastern Europe,0.174,0.043,0.076,0.082,0.161,3254.3,63.8,67.2,44.9,NA,NA
Turkmenistan,TKM,1992,Eastern Europe,0.161,0.03,0.073,0.053,0.138,2705,63.8,66.9,44.8,NA,NA
Turkmenistan,TKM,1993,Eastern Europe,0.15,0.028,0.07,0.041,0.127,2685.8,63.6,66.9,44.7,NA,NA
Turkmenistan,TKM,1994,Eastern Europe,0.149,0.028,0.07,0.026,0.127,2175.7,63.5,67,44.7,NA,NA
Turkmenistan,TKM,1995,Eastern Europe,0.147,0.028,0.069,0.025,0.107,1983.2,63.5,66.8,44.7,NA,NA
Turkmenistan,TKM,1996,Eastern Europe,0.147,0.028,0.069,0.025,0.101,2080,63.5,66.2,44.8,NA,NA
Turkmenistan,TKM,1997,Eastern Europe,0.143,0.024,0.069,0.02,0.099,1811.9,63.7,64.9,45.1,NA,NA
Turkmenistan,TKM,1998,Eastern Europe,0.143,0.024,0.069,0.02,0.099,1908.1,64,62.9,45.4,NA,NA
Turkmenistan,TKM,1999,Eastern Europe,0.143,0.024,0.068,0.02,0.099,2182.5,64.5,60.4,45.7,NA,0
Turkmenistan,TKM,2000,Eastern Europe,0.07,0.015,0.056,0.012,0.086,2256.4,64.9,57.5,46.1,NA,0.1
Turkmenistan,TKM,2001,Eastern Europe,0.07,0.014,0.055,0.01,0.086,2307.7,65.3,54.5,46.4,NA,0.2
Turkmenistan,TKM,2002,Eastern Europe,0.07,0.014,0.054,0.01,0.086,2268,65.6,51.3,46.6,NA,0.3
Turkmenistan,TKM,2003,Eastern Europe,0.069,0.014,0.052,0.01,0.086,2296.7,65.9,48.4,46.7,NA,0.4
Turkmenistan,TKM,2004,Eastern Europe,0.07,0.014,0.051,0.01,0.086,2365.7,66.1,45.6,46.7,NA,0.8
Turkmenistan,TKM,2005,Eastern Europe,0.079,0.015,0.052,0.011,0.087,2624.2,66.3,43,46.8,NA,1
Turkmenistan,TKM,2006,Eastern Europe,0.078,0.015,0.032,0.011,0.087,2858.5,66.6,40.9,46.8,NA,1.3
Turkmenistan,TKM,2007,Eastern Europe,0.133,0.023,0.041,0.022,0.097,3116,67,39,46.8,NA,1.4
Turkmenistan,TKM,2008,Eastern Europe,0.141,0.025,0.042,0.021,0.097,3506.5,67.6,37.5,46.9,NA,1.8
Turkmenistan,TKM,2009,Eastern Europe,0.143,0.023,0.041,0.031,0.098,3647.7,68.2,36.3,46.9,NA,2
Turkmenistan,TKM,2010,Eastern Europe,0.144,0.023,0.04,0.031,0.094,3902.5,68.6,35.3,46.9,NA,3
Turkmenistan,TKM,2011,Eastern Europe,0.144,0.023,0.039,0.031,0.094,4383.1,68.9,34.7,46.9,NA,5
Turkmenistan,TKM,2012,Eastern Europe,0.145,0.023,0.038,0.031,0.095,4762.7,69,34.2,47,NA,7.2
Turkmenistan,TKM,2013,Eastern Europe,0.144,0.024,0.031,0.031,0.085,5131.1,69,33.9,47,NA,9.6
Turkmenistan,TKM,2014,Eastern Europe,0.143,0.024,0.031,0.031,0.085,5535.5,69,33.9,47,NA,12.2
Turkmenistan,TKM,2015,Eastern Europe,0.143,0.024,0.031,0.031,0.085,5759.5,69.1,33.9,47,NA,15
Turkmenistan,TKM,2016,Eastern Europe,0.143,0.025,0.031,0.031,0.085,5979.5,69.1,34.1,47,NA,18
Turkmenistan,TKM,2017,Eastern Europe,0.147,0.027,0.031,0.038,0.073,6221.4,69.2,34.2,47,NA,NA
Turkmenistan,TKM,2018,Eastern Europe,0.149,0.028,0.031,0.033,0.075,6460.1,69.3,34.1,47,NA,NA
Turkmenistan,TKM,2019,Eastern Europe,0.149,0.035,0.032,0.035,0.08,6719.3,69.4,33.9,47,84.1,NA
Turkmenistan,TKM,2020,Eastern Europe,0.15,0.033,0.032,0.035,0.082,6964.4,68.8,33.4,47.1,86.8,NA
Turkmenistan,TKM,2021,Eastern Europe,0.15,0.033,0.032,0.03,0.081,7244.6,69.4,32.7,47.1,89.9,NA
Turkmenistan,TKM,2022,Eastern Europe,0.148,0.032,0.031,0.023,0.083,7549.3,69.9,32,47.1,92.5,NA
Turkmenistan,TKM,2023,Eastern Europe,0.148,0.034,0.03,0.023,0.086,7880,70.1,31.3,47.1,102.5,NA
Türkiye,TUR,1990,Middle East,0.517,0.348,0.324,0.381,0.314,5188.2,67.8,60.9,51,48.6,0
Türkiye,TUR,1991,Middle East,0.518,0.361,0.325,0.393,0.32,5134.4,68.3,57.3,51.9,50.3,NA
Türkiye,TUR,1992,Middle East,0.533,0.369,0.332,0.406,0.326,5301.8,68.6,53.8,52.8,51.9,NA
Türkiye,TUR,1993,Middle East,0.53,0.368,0.328,0.404,0.326,5609.9,69,50.4,53.6,55.1,0
Türkiye,TUR,1994,Middle East,0.536,0.371,0.328,0.406,0.329,5255.8,69.4,47.2,54.3,56.6,0
Türkiye,TUR,1995,Middle East,0.538,0.373,0.327,0.409,0.329,5577.8,69.7,44.1,55.1,59.1,0.1
Türkiye,TUR,1996,Middle East,0.547,0.382,0.33,0.42,0.331,5887.7,70.2,41.2,55.8,NA,0.2
Türkiye,TUR,1997,Middle East,0.545,0.391,0.324,0.418,0.331,6230.2,70.7,38.3,56.5,59.3,0.5
Türkiye,TUR,1998,Middle East,0.544,0.389,0.319,0.418,0.343,6261.3,71.1,35.6,57.3,NA,0.7
Türkiye,TUR,1999,Middle East,0.57,0.413,0.332,0.415,0.361,5989.6,70.8,33.1,58.1,69.4,2.3
Türkiye,TUR,2000,Middle East,0.586,0.425,0.344,0.424,0.388,6326.3,71.9,30.7,59,74.6,3.8
Türkiye,TUR,2001,Middle East,0.591,0.431,0.347,0.428,0.393,5906.9,72.3,28.5,59.9,85.3,5.2
Türkiye,TUR,2002,Middle East,0.636,0.487,0.386,0.466,0.429,6211.7,72.6,26.4,60.7,90.1,11.4
Türkiye,TUR,2003,Middle East,0.651,0.498,0.395,0.476,0.472,6496.1,72.9,24.4,61.6,91.8,12.3
Türkiye,TUR,2004,Middle East,0.657,0.502,0.4,0.481,0.483,7061.6,73.2,22.5,62.4,88.3,14.6
Türkiye,TUR,2005,Middle East,0.643,0.484,0.39,0.47,0.458,7623.1,73.5,20.9,63.3,84.9,15.5
Türkiye,TUR,2006,Middle East,0.643,0.483,0.388,0.466,0.457,8078.5,73.8,19.3,64.3,88.6,18.2
Türkiye,TUR,2007,Middle East,0.616,0.461,0.403,0.442,0.442,8477.5,74.1,17.9,65.3,90.7,28.6
Türkiye,TUR,2008,Middle East,0.554,0.411,0.358,0.377,0.396,8447.9,74.4,16.7,66.5,89.1,34.4
Türkiye,TUR,2009,Middle East,0.545,0.403,0.355,0.371,0.388,7925.3,74.7,15.5,67.8,80.2,36.4
Türkiye,TUR,2010,Middle East,0.525,0.36,0.358,0.325,0.381,8472.6,75,14.5,69.3,84.2,39.8
Türkiye,TUR,2011,Middle East,0.522,0.354,0.356,0.281,0.387,9265.9,74.8,13.6,71,87.8,43.1
Türkiye,TUR,2012,Middle East,0.508,0.346,0.347,0.275,0.377,9588.3,75.6,12.8,73.8,85,45.1
Türkiye,TUR,2013,Middle East,0.469,0.289,0.312,0.209,0.338,10269.4,76.2,12.1,78.5,102.2,46.2
Türkiye,TUR,2014,Middle East,0.426,0.252,0.287,0.184,0.311,10598,76.5,11.5,83.6,106,51
Türkiye,TUR,2015,Middle East,0.388,0.23,0.264,0.157,0.292,11064.6,76.5,11,87.2,107.2,53.7
Türkiye,TUR,2016,Middle East,0.308,0.143,0.207,0.098,0.232,11279.6,76.6,10.5,88.1,108.5,58.3
Türkiye,TUR,2017,Middle East,0.29,0.101,0.194,0.096,0.227,12005.6,77,10.1,88,113,64.7
Türkiye,TUR,2018,Middle East,0.295,0.104,0.196,0.092,0.228,12255,77.5,9.7,88.2,112.1,71
Türkiye,TUR,2019,Middle East,0.289,0.107,0.192,0.094,0.22,12238.3,77.7,9.4,88.7,111.9,74
Türkiye,TUR,2020,Middle East,0.292,0.115,0.186,0.088,0.22,12338.6,76.5,9.1,88.9,112.5,77.7
Türkiye,TUR,2021,Middle East,0.287,0.113,0.175,0.084,0.216,13670.9,75.7,8.8,89.2,114.1,81.4
Türkiye,TUR,2022,Middle East,0.285,0.11,0.168,0.08,0.202,14273.6,77.6,8.5,89,116,83.4
Türkiye,TUR,2023,Middle East,0.285,0.108,0.166,0.085,0.193,14932.9,77.2,9.8,89,118.4,86
Uganda,UGA,1990,Africa,0.178,0.161,0.129,0.225,0.173,369.8,47.6,107.1,9.8,11,0
Uganda,UGA,1991,Africa,0.255,0.189,0.16,0.255,0.199,377.8,47.5,104.8,10,10.3,NA
Uganda,UGA,1992,Africa,0.258,0.19,0.16,0.256,0.2,377.6,47.7,102.6,10.2,10.1,NA
Uganda,UGA,1993,Africa,0.265,0.195,0.164,0.265,0.204,395.2,47.7,100.7,10.4,10,NA
Uganda,UGA,1994,Africa,0.287,0.206,0.175,0.276,0.212,406.6,47.7,99.2,10.6,10.3,NA
Uganda,UGA,1995,Africa,0.293,0.225,0.189,0.283,0.215,441.2,47.7,98.1,10.7,10.6,0
Uganda,UGA,1996,Africa,0.304,0.241,0.209,0.294,0.214,468.4,47.8,97.3,10.9,NA,0
Uganda,UGA,1997,Africa,0.305,0.239,0.204,0.279,0.214,478.3,48,96.4,11,10.2,0
Uganda,UGA,1998,Africa,0.305,0.239,0.204,0.272,0.214,487,48.3,94.8,11.2,NA,0.1
Uganda,UGA,1999,Africa,0.305,0.239,0.204,0.272,0.214,509.5,49,92.4,11.4,NA,0.1
Uganda,UGA,2000,Africa,0.304,0.236,0.218,0.272,0.21,509.2,49.6,89.3,11.6,NA,0.2
Uganda,UGA,2001,Africa,0.27,0.222,0.206,0.251,0.194,519.5,50.6,85.5,11.9,NA,0.2
Uganda,UGA,2002,Africa,0.262,0.214,0.195,0.242,0.19,547.4,51.4,81.2,12.2,NA,0.4
Uganda,UGA,2003,Africa,0.257,0.212,0.193,0.236,0.187,564.7,52.4,76.6,12.6,NA,0.5
Uganda,UGA,2004,Africa,0.265,0.216,0.201,0.239,0.19,585.3,53.7,71.9,13.1,19.1,0.7
Uganda,UGA,2005,Africa,0.294,0.231,0.23,0.262,0.201,604.4,54.9,67.3,13.8,NA,1.7
Uganda,UGA,2006,Africa,0.318,0.243,0.243,0.274,0.213,650.3,56.1,63,14.6,NA,2.5
Uganda,UGA,2007,Africa,0.323,0.246,0.243,0.276,0.215,684.5,57.2,58.9,15.5,24.1,3.7
Uganda,UGA,2008,Africa,0.32,0.243,0.241,0.275,0.211,722.6,58.3,55.3,16.5,NA,3.9
Uganda,UGA,2009,Africa,0.318,0.241,0.242,0.273,0.213,749.3,59.2,52.7,17.6,NA,4.1
Uganda,UGA,2010,Africa,0.317,0.238,0.239,0.272,0.211,768.6,60,49.9,18.8,NA,4.3
Uganda,UGA,2011,Africa,0.317,0.233,0.237,0.276,0.21,816.5,60.8,47,20.1,NA,4.6
Uganda,UGA,2012,Africa,0.316,0.232,0.232,0.275,0.208,823.6,61.6,44.4,21.4,NA,4.8
Uganda,UGA,2013,Africa,0.312,0.23,0.225,0.271,0.196,829,62.4,42.9,22.7,NA,5.1
Uganda,UGA,2014,Africa,0.305,0.226,0.221,0.272,0.192,846,63.1,41.6,24.2,NA,5.4
Uganda,UGA,2015,Africa,0.3,0.222,0.218,0.269,0.188,862.9,63.8,40.3,25,NA,5.7
Uganda,UGA,2016,Africa,0.289,0.205,0.209,0.243,0.181,874.6,64.5,39.1,25.7,NA,5.9
Uganda,UGA,2017,Africa,0.291,0.201,0.213,0.269,0.177,871.1,65.2,38.1,26.4,NA,7.4
Uganda,UGA,2018,Africa,0.283,0.194,0.211,0.262,0.169,895.1,65.8,37.3,27.1,NA,9.3
Uganda,UGA,2019,Africa,0.284,0.193,0.207,0.256,0.169,920.9,66.4,36.9,27.8,NA,11.7
Uganda,UGA,2020,Africa,0.285,0.192,0.195,0.256,0.153,917,66.4,36.6,28.5,NA,7.4
Uganda,UGA,2021,Africa,0.274,0.18,0.171,0.253,0.153,919.4,66.4,36.4,29.2,NA,10
Uganda,UGA,2022,Africa,0.269,0.185,0.17,0.251,0.166,933.1,67.7,36.5,29.9,NA,9.6
Uganda,UGA,2023,Africa,0.259,0.179,0.151,0.242,0.153,955.7,68.3,36.2,30.6,NA,9.3
Ukraine,UKR,1990,Eastern Europe,0.372,0.227,0.169,0.173,0.372,3102.3,70.4,18.3,67.4,96.5,0
Ukraine,UKR,1991,Eastern Europe,0.429,0.268,0.24,0.298,0.41,2826.1,69.7,18.4,67.7,93.5,NA
Ukraine,UKR,1992,Eastern Europe,0.528,0.326,0.294,0.342,0.434,2538.9,68.9,18.6,67.9,92.5,NA
Ukraine,UKR,1993,Eastern Europe,0.528,0.349,0.296,0.342,0.422,2177.2,68.3,18.9,67.9,90.8,0
Ukraine,UKR,1994,Eastern Europe,0.546,0.351,0.303,0.363,0.436,1687.5,67.5,19.1,67.9,90,0
Ukraine,UKR,1995,Eastern Europe,0.552,0.325,0.303,0.347,0.423,1493.4,67.1,19.4,67.8,NA,0
Ukraine,UKR,1996,Eastern Europe,0.543,0.319,0.313,0.335,0.401,1355.6,67.1,19.4,67.7,NA,0.1
Ukraine,UKR,1997,Eastern Europe,0.523,0.299,0.283,0.336,0.388,1326.3,67.7,19.2,67.6,NA,0.2
Ukraine,UKR,1998,Eastern Europe,0.448,0.257,0.248,0.304,0.345,1311.6,68,18.8,67.6,NA,0.3
Ukraine,UKR,1999,Eastern Europe,0.422,0.245,0.235,0.268,0.307,1319.5,68,18.3,67.5,94.8,0.4
Ukraine,UKR,2000,Eastern Europe,0.389,0.229,0.254,0.254,0.278,1409.2,67.8,17.6,67.4,97.8,0.7
Ukraine,UKR,2001,Eastern Europe,0.384,0.233,0.252,0.253,0.277,1547.3,67.7,16.8,67.3,99.4,1.2
Ukraine,UKR,2002,Eastern Europe,0.394,0.245,0.255,0.252,0.284,1644.3,67.7,16.1,67.3,100,1.9
Ukraine,UKR,2003,Eastern Europe,0.392,0.262,0.255,0.258,0.284,1814.3,67.6,15.3,67.4,101.3,3.1
Ukraine,UKR,2004,Eastern Europe,0.383,0.271,0.252,0.289,0.298,2042.4,67.5,14.7,67.6,98.8,3.5
Ukraine,UKR,2005,Eastern Europe,0.448,0.285,0.303,0.377,0.326,2122.6,67.5,14.1,67.8,95.1,3.7
Ukraine,UKR,2006,Eastern Europe,0.574,0.376,0.371,0.455,0.409,2298.1,67.5,13.6,68,97.2,4.5
Ukraine,UKR,2007,Eastern Europe,0.607,0.4,0.387,0.482,0.427,2498.4,67.7,13.1,68.2,97.7,6.6
Ukraine,UKR,2008,Eastern Europe,0.608,0.394,0.387,0.478,0.419,2567.7,68.3,12.5,68.4,97.7,11
Ukraine,UKR,2009,Eastern Europe,0.604,0.394,0.369,0.474,0.417,2188.2,69.2,12,68.5,97.4,17.9
Ukraine,UKR,2010,Eastern Europe,0.484,0.264,0.282,0.317,0.33,2285.9,70.2,11.4,68.6,98.1,23.3
Ukraine,UKR,2011,Eastern Europe,0.483,0.264,0.276,0.309,0.33,2418.1,70.7,10.9,68.7,96.1,28.7
Ukraine,UKR,2012,Eastern Europe,0.479,0.26,0.273,0.308,0.328,2426.9,71.1,10.4,68.8,99.5,35.3
Ukraine,UKR,2013,Eastern Europe,0.459,0.251,0.282,0.284,0.323,2432.4,71.5,10,68.9,99.4,41
Ukraine,UKR,2014,Eastern Europe,0.417,0.215,0.286,0.297,0.293,2308.6,71.8,9.6,69.1,98.3,46.2
Ukraine,UKR,2015,Eastern Europe,0.42,0.228,0.293,0.367,0.295,2094.5,72.7,9.2,69.2,90.5,48.9
Ukraine,UKR,2016,Eastern Europe,0.433,0.24,0.289,0.357,0.296,2156.1,73.4,8.9,69.2,88.5,53
Ukraine,UKR,2017,Eastern Europe,0.43,0.24,0.279,0.357,0.294,2217.8,74,8.7,69.3,86.8,58.9
Ukraine,UKR,2018,Eastern Europe,0.43,0.244,0.274,0.374,0.285,2308.7,73.6,8.5,69.3,85.8,62.6
Ukraine,UKR,2019,Eastern Europe,0.528,0.318,0.326,0.456,0.366,2398.1,73.9,8.3,69.4,84.5,70.1
Ukraine,UKR,2020,Eastern Europe,0.552,0.325,0.349,0.438,0.383,2324.1,73.3,8.2,69.4,84.4,75
Ukraine,UKR,2021,Eastern Europe,0.537,0.323,0.335,0.444,0.384,2426.6,71.6,8,69.4,84.7,79.2
Ukraine,UKR,2022,Eastern Europe,0.392,0.235,0.257,0.336,0.315,1874.7,72.7,8,69.4,NA,80.5
Ukraine,UKR,2023,Eastern Europe,0.39,0.239,0.258,0.312,0.297,2164.3,73.4,7.8,69.5,87.1,81.6
United Arab Emirates,ARE,1990,Middle East,0.023,0.055,0.014,0.117,0.083,66481.6,71.1,11.8,78.7,54.9,0
United Arab Emirates,ARE,1991,Middle East,0.022,0.055,0.014,0.117,0.083,63430.9,71.1,11.2,78.6,59.2,NA
United Arab Emirates,ARE,1992,Middle East,0.025,0.055,0.014,0.117,0.087,62201.8,71.2,10.7,78.4,63,NA
United Arab Emirates,ARE,1993,Middle East,0.023,0.055,0.014,0.117,0.09,59943,71.2,10.2,78.4,67.8,NA
United Arab Emirates,ARE,1994,Middle East,0.024,0.065,0.014,0.117,0.089,61156.7,71.2,9.8,78.3,74,NA
United Arab Emirates,ARE,1995,Middle East,0.027,0.068,0.014,0.117,0.094,62393.3,71.4,9.5,78.3,78.7,0.1
United Arab Emirates,ARE,1996,Middle East,0.027,0.07,0.014,0.117,0.094,61871.4,71.8,9.2,78.3,NA,0.4
United Arab Emirates,ARE,1997,Middle East,0.027,0.07,0.014,0.117,0.094,61715.5,72.6,9,78.4,68,3.3
United Arab Emirates,ARE,1998,Middle East,0.028,0.07,0.014,0.117,0.094,57355.9,73.7,8.8,78.6,62.6,6.9
United Arab Emirates,ARE,1999,Middle East,0.028,0.07,0.014,0.117,0.094,54943.8,75,8.6,78.9,NA,14.9
United Arab Emirates,ARE,2000,Middle East,0.028,0.07,0.014,0.117,0.095,56939.4,76.3,8.5,79.3,NA,23.6
United Arab Emirates,ARE,2001,Middle East,0.028,0.07,0.014,0.117,0.099,54169.4,77.6,8.3,79.7,NA,26.3
United Arab Emirates,ARE,2002,Middle East,0.025,0.071,0.014,0.117,0.099,52216.8,78.7,8.2,80.3,NA,28.3
United Arab Emirates,ARE,2003,Middle East,0.025,0.069,0.014,0.128,0.101,53619.2,79.6,8,80.8,NA,29.5
United Arab Emirates,ARE,2004,Middle East,0.019,0.068,0.014,0.084,0.119,55611.4,80.3,7.9,81.5,NA,30.1
United Arab Emirates,ARE,2005,Middle East,0.021,0.07,0.015,0.08,0.118,55363.6,80.8,7.7,82.2,NA,40
United Arab Emirates,ARE,2006,Middle East,0.024,0.072,0.015,0.081,0.119,56630,81.2,7.6,82.6,NA,52
United Arab Emirates,ARE,2007,Middle East,0.071,0.08,0.02,0.086,0.124,52038.6,81.4,7.4,82.8,NA,61
United Arab Emirates,ARE,2008,Middle East,0.071,0.08,0.02,0.094,0.125,47922.7,81.6,7.3,83,NA,63
United Arab Emirates,ARE,2009,Middle East,0.071,0.081,0.02,0.094,0.125,42672.2,81.7,7.1,83.2,NA,64
United Arab Emirates,ARE,2010,Middle East,0.072,0.082,0.02,0.094,0.125,42328.8,81.9,7,83.4,NA,68
United Arab Emirates,ARE,2011,Middle East,0.081,0.079,0.021,0.084,0.128,43687.8,81.9,6.8,83.6,NA,78
United Arab Emirates,ARE,2012,Middle East,0.09,0.086,0.025,0.085,0.13,43958.6,81.9,6.7,83.8,NA,85
United Arab Emirates,ARE,2013,Middle East,0.091,0.087,0.025,0.085,0.133,44312.6,82,6.5,84,NA,88
United Arab Emirates,ARE,2014,Middle East,0.089,0.087,0.029,0.085,0.132,44257.7,82,6.3,84.1,NA,90.4
United Arab Emirates,ARE,2015,Middle East,0.095,0.09,0.03,0.086,0.134,44910.3,82.1,6.1,84.3,NA,90.5
United Arab Emirates,ARE,2016,Middle East,0.1,0.091,0.03,0.087,0.135,45168.5,82.2,5.8,84.5,NA,90.6
United Arab Emirates,ARE,2017,Middle East,0.095,0.091,0.028,0.086,0.135,43293,82.4,5.6,84.7,NA,94.8
United Arab Emirates,ARE,2018,Middle East,0.096,0.093,0.028,0.076,0.134,43377.8,82.4,5.3,84.9,102.2,98.5
United Arab Emirates,ARE,2019,Middle East,0.102,0.09,0.027,0.077,0.133,43468.5,82.6,5,85,101.7,99.1
United Arab Emirates,ARE,2020,Middle East,0.102,0.09,0.037,0.082,0.132,39878.5,81.9,4.7,85.2,99.2,100
United Arab Emirates,ARE,2021,Middle East,0.1,0.084,0.03,0.082,0.128,40935.9,79.1,4.4,85.4,103.2,100
United Arab Emirates,ARE,2022,Middle East,0.101,0.086,0.03,0.082,0.13,41828.6,80.5,4.2,85.5,102.4,100
United Arab Emirates,ARE,2023,Middle East,0.102,0.077,0.03,0.082,0.127,41926.6,82.9,4,85.7,101.9,100
United Kingdom,GBR,1990,The West,0.816,0.742,0.572,0.691,0.67,30071.2,75.9,7.9,78.1,NA,0.1
United Kingdom,GBR,1991,The West,0.816,0.742,0.57,0.686,0.663,29590.9,76.1,7.3,78.1,NA,0.2
United Kingdom,GBR,1992,The West,0.815,0.742,0.567,0.685,0.653,29893.1,76.4,6.9,78.2,NA,0.3
United Kingdom,GBR,1993,The West,0.814,0.747,0.565,0.685,0.652,30862.4,76.4,6.5,78.3,NA,0.5
United Kingdom,GBR,1994,The West,0.814,0.751,0.563,0.685,0.652,32308.8,76.9,6.3,78.4,NA,1
United Kingdom,GBR,1995,The West,0.814,0.751,0.563,0.685,0.652,33362,76.8,6.1,78.7,NA,1.9
United Kingdom,GBR,1996,The West,0.814,0.751,0.563,0.685,0.652,34147.3,77.1,5.9,78.9,NA,4.1
United Kingdom,GBR,1997,The West,0.811,0.746,0.561,0.697,0.671,35721.6,77.2,5.8,79.1,NA,7.4
United Kingdom,GBR,1998,The West,0.814,0.749,0.561,0.698,0.68,36773.9,77.2,5.7,79.4,NA,13.7
United Kingdom,GBR,1999,The West,0.835,0.77,0.579,0.72,0.698,37730.7,77.4,5.6,79.6,NA,21.3
United Kingdom,GBR,2000,The West,0.848,0.785,0.599,0.751,0.731,39297.1,77.7,5.5,79.8,101.2,26.8
United Kingdom,GBR,2001,The West,0.856,0.792,0.605,0.758,0.737,40082.1,78,5.5,80,101.2,33.5
United Kingdom,GBR,2002,The West,0.857,0.793,0.604,0.759,0.738,40594.9,78.1,5.4,80.1,102.6,56.5
United Kingdom,GBR,2003,The West,0.857,0.793,0.604,0.759,0.738,41706.8,78.4,5.3,80.2,102.2,64.8
United Kingdom,GBR,2004,The West,0.857,0.793,0.604,0.744,0.738,42434.8,78.7,5.2,80.3,104.9,65.6
United Kingdom,GBR,2005,The West,0.863,0.8,0.611,0.751,0.758,43320.6,79,5.1,80.4,105.7,70
United Kingdom,GBR,2006,The West,0.87,0.807,0.614,0.756,0.757,43945,79.2,5,80.5,98.5,68.8
United Kingdom,GBR,2007,The West,0.87,0.807,0.614,0.756,0.753,44882.1,79.4,4.9,80.6,97.8,75.1
United Kingdom,GBR,2008,The West,0.87,0.807,0.614,0.756,0.753,44508.3,79.6,4.8,80.8,98.8,78.4
United Kingdom,GBR,2009,The West,0.87,0.807,0.614,0.756,0.753,42146.5,80.1,4.6,80.9,100.6,83.6
United Kingdom,GBR,2010,The West,0.866,0.802,0.611,0.749,0.741,42762.7,80.4,4.4,81,103.5,85
United Kingdom,GBR,2011,The West,0.865,0.801,0.636,0.741,0.741,42791.1,81,4.3,81.1,94.2,85.4
United Kingdom,GBR,2012,The West,0.868,0.804,0.64,0.745,0.743,43136.7,80.9,4.1,81.3,92.5,87.5
United Kingdom,GBR,2013,The West,0.864,0.796,0.637,0.731,0.735,43585.9,81,4,81.5,126.1,89.8
United Kingdom,GBR,2014,The West,0.861,0.794,0.635,0.727,0.733,44628.6,81.3,3.9,81.6,128.8,91.6
United Kingdom,GBR,2015,The West,0.855,0.788,0.631,0.728,0.728,45256,81,3.9,81.8,126.1,92
United Kingdom,GBR,2016,The West,0.854,0.787,0.63,0.726,0.726,45888.7,81.2,3.8,82,NA,94.8
United Kingdom,GBR,2017,The West,0.865,0.801,0.639,0.736,0.749,47019.5,81.3,3.8,82.2,125.6,90.4
United Kingdom,GBR,2018,The West,0.875,0.811,0.646,0.746,0.742,47516.2,81.3,3.8,82.4,120.1,90.7
United Kingdom,GBR,2019,The West,0.854,0.787,0.626,0.719,0.716,47866.9,81.4,3.8,82.7,117.2,92.5
United Kingdom,GBR,2020,The West,0.871,0.8,0.642,0.746,0.737,42985,80.3,3.9,82.9,114.6,94.8
United Kingdom,GBR,2021,The West,0.857,0.781,0.628,0.765,0.706,46491.5,80.6,3.9,83,113.7,96.2
United Kingdom,GBR,2022,The West,0.844,0.768,0.604,0.736,0.701,48410.1,81,4,83.1,113.2,95.5
United Kingdom,GBR,2023,The West,0.852,0.771,0.608,0.73,0.699,47911.2,81.2,4.1,83.2,112.1,95.4
United States of America,USA,1990,The West,0.863,0.8,0.621,0.782,0.692,39200.1,75.2,9.4,75.3,97,0.8
United States of America,USA,1991,The West,0.867,0.805,0.625,0.789,0.703,38637.8,75.4,9.1,75.5,95.6,1.2
United States of America,USA,1992,The West,0.872,0.809,0.627,0.796,0.706,39447.9,75.6,8.8,75.9,NA,1.7
United States of America,USA,1993,The West,0.867,0.805,0.624,0.829,0.705,40002.5,75.4,8.5,76.3,96.6,2.3
United States of America,USA,1994,The West,0.867,0.806,0.624,0.83,0.705,41107,75.6,8.2,76.7,96.4,4.9
United States of America,USA,1995,The West,0.868,0.808,0.626,0.826,0.705,41710.8,75.6,7.9,77.2,94.2,9.2
United States of America,USA,1996,The West,0.869,0.808,0.626,0.826,0.706,42783.8,76,7.7,77.7,94,16.4
United States of America,USA,1997,The West,0.871,0.811,0.628,0.827,0.708,44151.7,76.4,7.5,78.1,NA,21.6
United States of America,USA,1998,The West,0.871,0.81,0.627,0.826,0.708,45596.4,76.6,7.3,78.5,94.4,30.1
United States of America,USA,1999,The West,0.868,0.808,0.626,0.821,0.706,47234.2,76.6,7.2,78.8,94.3,35.8
United States of America,USA,2000,The West,0.867,0.808,0.625,0.808,0.691,48616.3,76.6,7.1,79.1,NA,43.1
United States of America,USA,2001,The West,0.828,0.769,0.593,0.737,0.65,48597.4,76.8,7,79.3,NA,49.1
United States of America,USA,2002,The West,0.829,0.769,0.593,0.739,0.651,48967.4,76.9,7,79.5,NA,58.8
United States of America,USA,2003,The West,0.86,0.798,0.62,0.771,0.681,49905.5,77,6.9,79.8,NA,61.7
United States of America,USA,2004,The West,0.862,0.799,0.62,0.773,0.681,51348.3,77.5,6.8,80,NA,64.8
United States of America,USA,2005,The West,0.856,0.794,0.615,0.782,0.675,52649.6,77.5,6.8,80.2,95.1,68
United States of America,USA,2006,The West,0.862,0.801,0.62,0.788,0.681,53596.3,77.7,6.7,80.4,NA,68.9
United States of America,USA,2007,The West,0.897,0.84,0.65,0.826,0.718,54152.8,78,6.6,80.5,NA,75
United States of America,USA,2008,The West,0.9,0.845,0.653,0.849,0.726,53704,78,6.5,80.6,NA,74
United States of America,USA,2009,The West,0.9,0.848,0.653,0.863,0.721,51863.6,78.4,6.4,80.7,NA,71
United States of America,USA,2010,The West,0.9,0.848,0.652,0.859,0.728,52812.7,78.5,6.2,80.7,NA,71.7
United States of America,USA,2011,The West,0.896,0.845,0.65,0.857,0.726,53215.5,78.6,6.1,80.7,NA,69.7
United States of America,USA,2012,The West,0.896,0.842,0.649,0.856,0.726,54000.8,78.7,6,80.7,NA,74.7
United States of America,USA,2013,The West,0.905,0.852,0.657,0.865,0.734,54728.9,78.7,5.9,80.7,96.2,71.4
United States of America,USA,2014,The West,0.901,0.848,0.653,0.86,0.73,55665.2,78.8,5.8,80.6,96.9,73
United States of America,USA,2015,The West,0.9,0.848,0.653,0.854,0.728,56849.5,78.7,5.8,80.6,97.7,74.6
United States of America,USA,2016,The West,0.885,0.83,0.642,0.812,0.708,57430.8,78.5,5.7,80.5,98.8,85.5
United States of America,USA,2017,The West,0.834,0.749,0.599,0.625,0.653,58436,78.5,5.6,80.4,99,87.3
United States of America,USA,2018,The West,0.824,0.739,0.589,0.625,0.635,59817.7,78.6,5.6,80.3,99.3,88.5
United States of America,USA,2019,The West,0.818,0.74,0.584,0.623,0.631,61048,78.8,5.5,80.1,100.1,89.4
United States of America,USA,2020,The West,0.815,0.734,0.581,0.587,0.625,59533.6,77,5.5,80,100.5,90.3
United States of America,USA,2021,The West,0.821,0.756,0.583,0.722,0.6,63096.8,76.3,5.5,80,101.2,91.3
United States of America,USA,2022,The West,0.833,0.769,0.594,0.737,0.606,64322.2,77.4,5.5,80,97.5,92.7
United States of America,USA,2023,The West,0.857,0.789,0.614,0.752,0.61,65667.3,78.4,5.5,80.1,NA,93.5
Uruguay,URY,1990,Latin America,0.836,0.76,0.682,0.762,0.711,8320.4,73,20.7,89.1,82,0
Uruguay,URY,1991,Latin America,0.837,0.762,0.68,0.764,0.713,8565.3,73.2,20.4,89.4,84.4,NA
Uruguay,URY,1992,Latin America,0.837,0.762,0.681,0.764,0.713,9193.6,73.2,20,89.8,83.2,NA
Uruguay,URY,1993,Latin America,0.837,0.762,0.681,0.764,0.713,9388.1,73.1,19.7,90.1,82.5,NA
Uruguay,URY,1994,Latin America,0.838,0.761,0.711,0.764,0.713,10019.3,73.2,19.2,90.4,83,0.1
Uruguay,URY,1995,Latin America,0.871,0.794,0.74,0.797,0.743,9822.9,73.5,18.5,90.6,84.9,0.3
Uruguay,URY,1996,Latin America,0.871,0.796,0.744,0.797,0.743,10316.2,73.8,17.7,90.8,88.4,1.9
Uruguay,URY,1997,Latin America,0.871,0.795,0.741,0.797,0.743,11138.9,73.9,16.8,91,NA,3.4
Uruguay,URY,1998,Latin America,0.877,0.804,0.745,0.804,0.751,11584.9,74,16,91.1,91.8,7
Uruguay,URY,1999,Latin America,0.875,0.802,0.733,0.802,0.749,11357.1,74.3,15.2,91.2,94.4,10
Uruguay,URY,2000,Latin America,0.873,0.797,0.723,0.805,0.748,11096.3,74.7,14.7,91.3,96.9,10.5
Uruguay,URY,2001,Latin America,0.873,0.802,0.716,0.805,0.748,10643.6,75,14.3,91.4,100.7,11.1
Uruguay,URY,2002,Latin America,0.873,0.802,0.73,0.806,0.748,9806.8,75,14,91.5,105.9,11.4
Uruguay,URY,2003,Latin America,0.873,0.79,0.727,0.807,0.748,9878.8,75.1,13.6,91.6,109.8,15.9
Uruguay,URY,2004,Latin America,0.874,0.808,0.74,0.808,0.749,10366.9,75.3,13.1,91.8,108.3,17.1
Uruguay,URY,2005,Latin America,0.89,0.819,0.752,0.842,0.778,11131.4,75.8,12.4,92.1,102.8,20.1
Uruguay,URY,2006,Latin America,0.892,0.823,0.751,0.844,0.784,11574.5,75.9,11.7,92.5,102.3,29.4
Uruguay,URY,2007,Latin America,0.892,0.823,0.747,0.844,0.791,12310.5,76.2,10.9,93,92.9,34
Uruguay,URY,2008,Latin America,0.892,0.822,0.74,0.844,0.792,13165.8,76.3,10.2,93.5,88,39.3
Uruguay,URY,2009,Latin America,0.894,0.825,0.753,0.846,0.796,13691.7,76.7,9.7,93.9,89.3,41.8
Uruguay,URY,2010,Latin America,0.912,0.847,0.77,0.864,0.811,14722.4,76.7,9.2,94.3,98.7,46.4
Uruguay,URY,2011,Latin America,0.912,0.847,0.767,0.864,0.811,15444,76.6,8.9,94.6,101.6,51.4
Uruguay,URY,2012,Latin America,0.912,0.847,0.764,0.864,0.811,15949.3,76.7,8.5,94.8,103,54.5
Uruguay,URY,2013,Latin America,0.91,0.843,0.777,0.855,0.813,16639.4,77,8.2,94.9,104.7,57.7
Uruguay,URY,2014,Latin America,0.909,0.843,0.771,0.847,0.811,17122,77.2,7.9,95,106.5,61.5
Uruguay,URY,2015,Latin America,0.897,0.832,0.75,0.827,0.799,17125.9,77.3,7.5,95.1,108,64.6
Uruguay,URY,2016,Latin America,0.897,0.832,0.746,0.827,0.798,17357.2,77.4,7.1,95.2,112,66.4
Uruguay,URY,2017,Latin America,0.89,0.828,0.735,0.816,0.786,17611.6,77.6,6.8,95.2,116.5,70.3
Uruguay,URY,2018,Latin America,0.896,0.836,0.731,0.831,0.793,17608.9,77.5,6.5,95.3,117.8,80.7
Uruguay,URY,2019,Latin America,0.896,0.836,0.733,0.838,0.792,17758.4,77.5,6.2,95.3,119.8,83.4
Uruguay,URY,2020,Latin America,0.867,0.808,0.701,0.759,0.756,16443.4,78.4,6.1,95.4,117,85.5
Uruguay,URY,2021,Latin America,0.852,0.789,0.675,0.735,0.724,17416,75.4,6.1,95.4,119.8,87.6
Uruguay,URY,2022,Latin America,0.818,0.747,0.652,0.696,0.67,18249.3,76.5,6.1,95.5,121.1,89.9
Uruguay,URY,2023,Latin America,0.833,0.756,0.661,0.709,0.697,18403.7,78.1,6.1,95.5,119.1,90.9
Uzbekistan,UZB,1990,Eastern Europe,0.203,0.069,0.044,0.095,0.152,1726.3,65.8,60.2,40.8,101.3,0
Uzbekistan,UZB,1991,Eastern Europe,0.226,0.072,0.061,0.101,0.159,1677,65.5,60.2,41.1,99.6,NA
Uzbekistan,UZB,1992,Eastern Europe,0.203,0.057,0.067,0.088,0.149,1453,65.2,60.5,41.5,98.5,NA
Uzbekistan,UZB,1993,Eastern Europe,0.199,0.049,0.067,0.087,0.138,1387.1,64.9,60.8,42.1,95.3,NA
Uzbekistan,UZB,1994,Eastern Europe,0.187,0.045,0.062,0.079,0.132,1287.1,64.7,60.8,42.7,93.4,NA
Uzbekistan,UZB,1995,Eastern Europe,0.165,0.041,0.058,0.082,0.123,1250.3,64.7,60.5,43.5,93.1,0
Uzbekistan,UZB,1996,Eastern Europe,0.163,0.041,0.056,0.078,0.127,1247.9,64.8,60.1,44.3,NA,0
Uzbekistan,UZB,1997,Eastern Europe,0.163,0.04,0.056,0.078,0.125,1290.3,65,59.3,45.1,NA,0
Uzbekistan,UZB,1998,Eastern Europe,0.163,0.037,0.056,0.072,0.125,1324.8,65.2,58.2,46,NA,0
Uzbekistan,UZB,1999,Eastern Europe,0.158,0.035,0.056,0.05,0.124,1362.5,65.3,56.7,46.8,85.8,0
Uzbekistan,UZB,2000,Eastern Europe,0.157,0.035,0.047,0.041,0.124,1397,65.5,54.8,47.7,85.3,0.5
Uzbekistan,UZB,2001,Eastern Europe,0.156,0.034,0.046,0.034,0.123,1437.6,65.9,52.6,48.5,NA,0.6
Uzbekistan,UZB,2002,Eastern Europe,0.157,0.034,0.048,0.041,0.121,1476.5,66.4,50,49.3,NA,1.1
Uzbekistan,UZB,2003,Eastern Europe,0.157,0.035,0.048,0.047,0.13,1520.4,66.9,47.3,50,95.4,1.9
Uzbekistan,UZB,2004,Eastern Europe,0.157,0.035,0.046,0.047,0.125,1613.6,67.2,44.4,50.6,96.3,2.6
Uzbekistan,UZB,2005,Eastern Europe,0.16,0.031,0.046,0.029,0.126,1704.3,67.5,41.4,51.1,87.9,3.3
Uzbekistan,UZB,2006,Eastern Europe,0.16,0.032,0.044,0.03,0.124,1807.9,67.9,38.5,51.5,88.7,6.4
Uzbekistan,UZB,2007,Eastern Europe,0.16,0.033,0.043,0.036,0.126,1951.6,68.5,35.7,51.7,89.8,7.5
Uzbekistan,UZB,2008,Eastern Europe,0.163,0.034,0.042,0.036,0.128,2095.4,69,32.9,51.8,88.2,9.1
Uzbekistan,UZB,2009,Eastern Europe,0.162,0.034,0.041,0.039,0.125,2228.1,69.5,30.2,51.6,89,11.9
Uzbekistan,UZB,2010,Eastern Europe,0.161,0.035,0.04,0.039,0.127,2359.6,69.8,27.8,51.3,90,15.9
Uzbekistan,UZB,2011,Eastern Europe,0.163,0.036,0.039,0.039,0.127,2512.7,70.1,25.5,51.3,89.8,18.6
Uzbekistan,UZB,2012,Eastern Europe,0.162,0.036,0.038,0.039,0.126,2657.1,70.4,23.4,51.3,92,23.6
Uzbekistan,UZB,2013,Eastern Europe,0.166,0.037,0.04,0.035,0.132,2823,70.7,21.6,51.1,92.1,26.8
Uzbekistan,UZB,2014,Eastern Europe,0.167,0.037,0.039,0.038,0.13,2990.6,71,20,50.9,91.7,35.5
Uzbekistan,UZB,2015,Eastern Europe,0.166,0.036,0.038,0.039,0.13,3172.9,71.3,18.6,50.7,92.2,42.8
Uzbekistan,UZB,2016,Eastern Europe,0.169,0.037,0.038,0.062,0.133,3327.9,71.6,17.4,50.7,92.8,46.8
Uzbekistan,UZB,2017,Eastern Europe,0.191,0.052,0.048,0.145,0.14,3425.8,71.7,16.4,50.7,93.9,48.7
Uzbekistan,UZB,2018,Eastern Europe,0.189,0.065,0.056,0.184,0.135,3559.9,72,15.6,50.6,94.9,55.2
Uzbekistan,UZB,2019,Eastern Europe,0.203,0.077,0.056,0.18,0.148,3733.5,72.1,14.9,50.6,96.2,70.4
Uzbekistan,UZB,2020,Eastern Europe,0.206,0.083,0.063,0.172,0.157,3723.8,71.5,14.4,50.8,90.1,71.1
Uzbekistan,UZB,2021,Eastern Europe,0.204,0.078,0.061,0.152,0.15,3952,71.7,13.9,50.9,97.3,76.6
Uzbekistan,UZB,2022,Eastern Europe,0.213,0.078,0.062,0.157,0.158,4109.1,72.1,13.5,51,97.4,83.9
Uzbekistan,UZB,2023,Eastern Europe,0.215,0.079,0.08,0.155,0.156,4281.2,72.4,13.1,51,97.4,89
Vanuatu,VUT,1990,Asia,0.697,0.58,0.338,0.529,0.55,2967.4,66.7,27.6,18.8,NA,0
Vanuatu,VUT,1991,Asia,0.687,0.57,0.33,0.52,0.541,2985.6,67.1,26.5,19.1,19.6,NA
Vanuatu,VUT,1992,Asia,0.615,0.512,0.294,0.467,0.487,2987.7,67.4,25.5,19.4,NA,NA
Vanuatu,VUT,1993,Asia,0.615,0.512,0.374,0.467,0.487,2936.9,67.7,24.6,19.7,NA,NA
Vanuatu,VUT,1994,Asia,0.615,0.518,0.374,0.467,0.487,3128.1,68,23.9,20,NA,NA
Vanuatu,VUT,1995,Asia,0.616,0.518,0.374,0.467,0.487,3087.2,68.1,23.3,20.2,NA,NA
Vanuatu,VUT,1996,Asia,0.618,0.518,0.375,0.467,0.487,3089.3,68.2,22.8,20.5,NA,0.1
Vanuatu,VUT,1997,Asia,0.618,0.518,0.375,0.467,0.487,3171.9,68.3,22.4,20.8,NA,0.1
Vanuatu,VUT,1998,Asia,0.617,0.517,0.375,0.467,0.487,3142.9,68.4,22,21.1,NA,0.3
Vanuatu,VUT,1999,Asia,0.617,0.517,0.375,0.467,0.487,3088.8,67.9,21.7,21.4,30.6,0.5
Vanuatu,VUT,2000,Asia,0.619,0.518,0.364,0.447,0.502,3197.5,68.6,21.3,21.7,34.5,2.1
Vanuatu,VUT,2001,Asia,0.619,0.518,0.364,0.447,0.502,3012,68.7,21,21.9,35,2.8
Vanuatu,VUT,2002,Asia,0.619,0.519,0.364,0.449,0.503,2785,68.8,20.7,22.2,38.3,3.5
Vanuatu,VUT,2003,Asia,0.62,0.519,0.364,0.45,0.503,2833.8,68.9,20.4,22.5,38.7,3.9
Vanuatu,VUT,2004,Asia,0.615,0.517,0.362,0.447,0.499,2875.7,69,20.2,22.7,40.8,4.7
Vanuatu,VUT,2005,Asia,0.611,0.514,0.359,0.48,0.488,2955.7,69.2,19.9,23,NA,5.1
Vanuatu,VUT,2006,Asia,0.611,0.514,0.359,0.48,0.488,3129.1,69.1,19.5,23.3,NA,5.9
Vanuatu,VUT,2007,Asia,0.611,0.514,0.359,0.48,0.488,3141.2,69.1,19.1,23.6,NA,6.8
Vanuatu,VUT,2008,Asia,0.653,0.549,0.385,0.512,0.521,3235,69.3,18.5,23.9,NA,7.3
Vanuatu,VUT,2009,Asia,0.737,0.618,0.437,0.578,0.589,3249.7,69.4,17.9,24.3,NA,7.5
Vanuatu,VUT,2010,Asia,0.737,0.619,0.445,0.592,0.589,3214.4,69.6,17.3,24.7,55.2,8
Vanuatu,VUT,2011,Asia,0.737,0.619,0.445,0.592,0.589,3244.1,69.7,16.7,24.8,NA,9.2
Vanuatu,VUT,2012,Asia,0.738,0.62,0.446,0.593,0.59,3205.7,69.9,16.2,24.8,NA,10.6
Vanuatu,VUT,2013,Asia,0.745,0.626,0.45,0.582,0.594,3149.7,70,15.8,24.8,NA,11.3
Vanuatu,VUT,2014,Asia,0.745,0.626,0.45,0.582,0.594,3175.6,70,15.5,24.9,NA,18.8
Vanuatu,VUT,2015,Asia,0.747,0.639,0.451,0.587,0.605,3214.4,70.2,15.4,24.9,57.3,22.4
Vanuatu,VUT,2016,Asia,0.771,0.661,0.467,0.619,0.625,3257.5,70.4,15.3,24.9,NA,NA
Vanuatu,VUT,2017,Asia,0.793,0.682,0.478,0.641,0.628,3316.8,70.5,15.2,24.8,NA,NA
Vanuatu,VUT,2018,Asia,0.79,0.68,0.478,0.654,0.633,3319.8,70.6,15.2,24.3,NA,NA
Vanuatu,VUT,2019,Asia,0.779,0.662,0.469,0.631,0.614,3349.6,70.8,15.1,23.5,NA,NA
Vanuatu,VUT,2020,Asia,0.78,0.659,0.476,0.618,0.604,3085.2,70.4,15.1,22.4,59.2,NA
Vanuatu,VUT,2021,Asia,0.8,0.673,0.489,0.641,0.61,2979.4,70,15.1,22.3,62.9,NA
Vanuatu,VUT,2022,Asia,0.804,0.681,0.492,0.631,0.624,3073.9,71.3,14.9,22.3,82,NA
Vanuatu,VUT,2023,Asia,0.82,0.704,0.503,0.639,0.655,3178.3,71.5,14.7,22.3,134.7,NA
Venezuela,VEN,1990,Latin America,0.741,0.595,0.48,0.629,0.51,3761,71,24.3,84,53.4,0
Venezuela,VEN,1991,Latin America,0.742,0.618,0.479,0.63,0.51,4024.3,71.2,23.5,84.4,53.8,NA
Venezuela,VEN,1992,Latin America,0.733,0.609,0.482,0.636,0.503,4168.5,71.2,22.8,84.9,54.7,0
Venezuela,VEN,1993,Latin America,0.744,0.614,0.49,0.644,0.509,4086.1,71.4,22.4,85.4,55.2,0
Venezuela,VEN,1994,Latin America,0.748,0.602,0.484,0.659,0.514,3905.1,71.3,22,85.9,NA,0.1
Venezuela,VEN,1995,Latin America,0.748,0.604,0.484,0.659,0.514,3973.6,71.7,21.5,86.4,NA,0.1
Venezuela,VEN,1996,Latin America,0.748,0.604,0.491,0.659,0.514,3881.6,71.9,20.8,86.8,NA,0.2
Venezuela,VEN,1997,Latin America,0.746,0.603,0.492,0.657,0.516,4044.1,72.6,19.9,87.3,NA,0.4
Venezuela,VEN,1998,Latin America,0.73,0.575,0.474,0.64,0.496,3982.5,72.4,19.1,87.6,NA,1.4
Venezuela,VEN,1999,Latin America,0.665,0.44,0.477,0.504,0.474,3673.6,72.1,18.2,88,56,2.8
Venezuela,VEN,2000,Latin America,0.573,0.31,0.405,0.334,0.402,3732.2,72.4,17.5,88.2,59.1,3.4
Venezuela,VEN,2001,Latin America,0.529,0.288,0.376,0.307,0.372,3789.6,71,17,88.4,63.2,4.6
Venezuela,VEN,2002,Latin America,0.495,0.255,0.354,0.284,0.348,3396.9,72.8,16.6,88.5,67.2,4.9
Venezuela,VEN,2003,Latin America,0.487,0.243,0.348,0.263,0.343,3078.3,72.1,16.2,88.5,68.4,7.5
Venezuela,VEN,2004,Latin America,0.475,0.216,0.339,0.236,0.336,3576.8,72.8,15.7,88.6,71,8.4
Venezuela,VEN,2005,Latin America,0.474,0.182,0.335,0.235,0.335,3875.8,73.1,15.3,88.6,73.3,12.6
Venezuela,VEN,2006,Latin America,0.45,0.168,0.316,0.22,0.314,4190.6,73,14.8,88.7,75.9,15.2
Venezuela,VEN,2007,Latin America,0.434,0.162,0.311,0.209,0.305,4489.6,73.3,14.5,88.7,78.2,20.8
Venezuela,VEN,2008,Latin America,0.432,0.159,0.306,0.202,0.303,4655.7,72.6,14.4,88.8,79.9,25.9
Venezuela,VEN,2009,Latin America,0.431,0.16,0.3,0.202,0.303,4451.4,72.8,14.4,88.8,80.8,32.7
Venezuela,VEN,2010,Latin America,0.419,0.154,0.296,0.188,0.286,4323.7,73.1,14.5,88.8,80.7,37.4
Venezuela,VEN,2011,Latin America,0.415,0.152,0.294,0.187,0.281,4444.6,73.1,14.8,88.8,81.7,40.2
Venezuela,VEN,2012,Latin America,0.399,0.145,0.278,0.178,0.268,4638.4,73.1,15.1,88.8,83.8,49.1
Venezuela,VEN,2013,Latin America,0.327,0.109,0.23,0.099,0.226,4642.6,73.1,15.4,88.9,91.5,54.9
Venezuela,VEN,2014,Latin America,0.312,0.102,0.219,0.078,0.221,4413,72.8,15.8,88.9,90.8,57
Venezuela,VEN,2015,Latin America,0.3,0.103,0.209,0.069,0.21,4096.6,73,16.5,89,88.8,58
Venezuela,VEN,2016,Latin America,0.293,0.118,0.207,0.061,0.181,3374.4,72,21.2,89,85.1,60
Venezuela,VEN,2017,Latin America,0.233,0.082,0.168,0.047,0.153,2863.3,71.9,21.2,89,84,NA
Venezuela,VEN,2018,Latin America,0.213,0.061,0.156,0.039,0.122,2359.4,72.6,21.2,89.1,NA,NA
Venezuela,VEN,2019,Latin America,0.209,0.06,0.157,0.041,0.124,1759.1,72.8,21.2,89.1,NA,49.1
Venezuela,VEN,2020,Latin America,0.206,0.056,0.153,0.038,0.115,1255.9,72.4,21.2,89.1,NA,72.4
Venezuela,VEN,2021,Latin America,0.215,0.056,0.156,0.044,0.115,1272.9,71.5,21.2,89.2,NA,74.1
Venezuela,VEN,2022,Latin America,0.209,0.054,0.14,0.045,0.103,1376.9,72.6,21.2,89.2,96.8,75.8
Venezuela,VEN,2023,Latin America,0.206,0.053,0.155,0.042,0.1,1427.9,72.5,21.2,89.2,97.2,76.3
Vietnam,VNM,1990,Asia,0.154,0.073,0.169,0.169,0.199,687.9,69,37.4,19.2,35.1,0
Vietnam,VNM,1991,Asia,0.155,0.075,0.168,0.169,0.195,713.7,69.3,35.7,19.4,NA,NA
Vietnam,VNM,1992,Asia,0.153,0.077,0.168,0.165,0.205,759.9,69.6,33.9,19.8,NA,NA
Vietnam,VNM,1993,Asia,0.15,0.076,0.167,0.164,0.199,805.6,70,32.1,20.3,NA,NA
Vietnam,VNM,1994,Asia,0.15,0.08,0.167,0.164,0.199,861.1,70.4,30.4,20.9,NA,NA
Vietnam,VNM,1995,Asia,0.15,0.08,0.167,0.164,0.198,927.6,70.9,28.8,21.5,NA,NA
Vietnam,VNM,1996,Asia,0.153,0.082,0.168,0.166,0.198,998.9,71.3,27.2,22.1,NA,0
Vietnam,VNM,1997,Asia,0.153,0.082,0.168,0.166,0.197,1064.8,71.7,25.7,22.7,NA,0
Vietnam,VNM,1998,Asia,0.153,0.083,0.168,0.166,0.193,1110.1,72.3,24.4,23.3,56.9,0
Vietnam,VNM,1999,Asia,0.153,0.089,0.168,0.166,0.191,1148,72.6,23.2,23.8,NA,0.1
Vietnam,VNM,2000,Asia,0.152,0.092,0.171,0.185,0.197,1212.2,72.7,22.1,24.4,NA,0.3
Vietnam,VNM,2001,Asia,0.152,0.092,0.171,0.19,0.197,1273.8,73,21.2,24.9,NA,1.3
Vietnam,VNM,2002,Asia,0.148,0.092,0.167,0.186,0.197,1340.5,73.1,20.3,25.6,NA,1.9
Vietnam,VNM,2003,Asia,0.146,0.092,0.167,0.186,0.196,1418.7,73.2,19.6,26.2,NA,3.8
Vietnam,VNM,2004,Asia,0.147,0.091,0.167,0.185,0.197,1510.9,73.1,19,26.8,NA,7.6
Vietnam,VNM,2005,Asia,0.147,0.103,0.167,0.184,0.196,1610,73.2,18.5,27.4,NA,12.7
Vietnam,VNM,2006,Asia,0.148,0.104,0.167,0.187,0.196,1699.7,73.3,18,28,NA,17.3
Vietnam,VNM,2007,Asia,0.149,0.105,0.166,0.183,0.195,1788.9,73.4,17.6,28.6,NA,20.8
Vietnam,VNM,2008,Asia,0.149,0.105,0.168,0.184,0.195,1856,73.5,17.3,29.2,NA,23.9
Vietnam,VNM,2009,Asia,0.148,0.105,0.168,0.184,0.195,1927.1,73.5,17,29.8,NA,26.6
Vietnam,VNM,2010,Asia,0.149,0.105,0.171,0.184,0.2,2027.6,73.6,16.7,30.3,NA,30.6
Vietnam,VNM,2011,Asia,0.149,0.104,0.171,0.183,0.199,2132.9,73.7,16.4,30.7,NA,35.1
Vietnam,VNM,2012,Asia,0.149,0.105,0.168,0.183,0.2,2224.1,73.8,16.2,31.1,NA,36.8
Vietnam,VNM,2013,Asia,0.147,0.113,0.166,0.178,0.2,2320.1,73.8,16,31.5,NA,38.5
Vietnam,VNM,2014,Asia,0.147,0.115,0.164,0.178,0.2,2439.3,73.9,15.7,31.9,NA,41
Vietnam,VNM,2015,Asia,0.148,0.115,0.167,0.178,0.2,2577.6,74,15.5,32.4,89.5,45
Vietnam,VNM,2016,Asia,0.15,0.117,0.167,0.181,0.199,2715.6,74,15.2,32.8,90.2,53
Vietnam,VNM,2017,Asia,0.15,0.115,0.166,0.183,0.197,2868.1,74,14.9,33.4,91.1,58.1
Vietnam,VNM,2018,Asia,0.161,0.113,0.17,0.187,0.189,3048.3,74.1,14.5,33.9,92.8,69.8
Vietnam,VNM,2019,Asia,0.211,0.117,0.187,0.199,0.201,3241.1,74.2,14.1,34.6,94.7,68.7
Vietnam,VNM,2020,Asia,0.211,0.106,0.181,0.192,0.204,3303.2,75.4,13.7,35.6,93.2,70.3
Vietnam,VNM,2021,Asia,0.169,0.109,0.169,0.189,0.177,3358.2,74.1,13.3,36.7,92.8,74.2
Vietnam,VNM,2022,Asia,0.152,0.106,0.159,0.174,0.179,3617.7,74.5,12.9,37.5,93.4,78.6
Vietnam,VNM,2023,Asia,0.148,0.111,0.164,0.179,0.181,3772.4,74.6,12.4,38.1,NA,78.1
Yemen,YEM,1990,Middle East,0.224,0.114,0.037,0.15,0.096,1722.2,58.5,96.9,20.2,NA,0
Yemen,YEM,1991,Middle East,0.28,0.15,0.087,0.203,0.103,1761.8,58.8,94.7,21,NA,NA
Yemen,YEM,1992,Middle East,0.281,0.151,0.077,0.202,0.102,1835.3,59.3,92.7,21.8,NA,NA
Yemen,YEM,1993,Middle East,0.309,0.161,0.084,0.214,0.111,1838.3,59.7,91,22.5,NA,NA
Yemen,YEM,1994,Middle East,0.318,0.147,0.087,0.219,0.112,1890.8,59.8,89.4,23.2,NA,NA
Yemen,YEM,1995,Middle East,0.299,0.132,0.081,0.193,0.108,1927.4,60.5,87.9,23.8,NA,NA
Yemen,YEM,1996,Middle East,0.299,0.132,0.081,0.193,0.108,1950,60.9,86.3,24.4,NA,0
Yemen,YEM,1997,Middle East,0.279,0.137,0.077,0.171,0.102,1987.6,61.3,84.4,25,NA,0
Yemen,YEM,1998,Middle East,0.266,0.132,0.073,0.162,0.098,2041.7,61.8,82,25.5,NA,0
Yemen,YEM,1999,Middle East,0.262,0.131,0.073,0.16,0.098,2053.8,62.3,79.1,26.1,36.1,0.1
Yemen,YEM,2000,Middle East,0.263,0.136,0.111,0.161,0.098,2114.7,62.8,75.8,26.6,NA,0.1
Yemen,YEM,2001,Middle East,0.261,0.136,0.161,0.16,0.098,2129.8,63.3,72.2,27.1,39.9,0.1
Yemen,YEM,2002,Middle East,0.261,0.137,0.161,0.16,0.098,2148.9,63.8,68.7,27.6,NA,0.5
Yemen,YEM,2003,Middle East,0.275,0.152,0.166,0.165,0.102,2164.9,64.4,65.2,28,40.8,0.6
Yemen,YEM,2004,Middle East,0.281,0.153,0.167,0.167,0.104,2185.8,64.9,61.9,28.5,41.6,0.9
Yemen,YEM,2005,Middle East,0.281,0.153,0.167,0.167,0.104,2237.6,65.4,58.8,28.9,40.5,1
Yemen,YEM,2006,Middle East,0.283,0.154,0.167,0.17,0.102,2234.7,65.8,55.9,29.2,NA,1.2
Yemen,YEM,2007,Middle East,0.283,0.153,0.167,0.17,0.101,2235.8,66.2,53.2,29.6,NA,5
Yemen,YEM,2008,Middle East,0.285,0.153,0.155,0.171,0.101,2244,66.6,50.8,30,38,6.9
Yemen,YEM,2009,Middle East,0.285,0.153,0.155,0.173,0.101,2257.5,66.9,48.6,30.3,NA,10
Yemen,YEM,2010,Middle East,0.286,0.153,0.151,0.168,0.101,2356.2,67.2,46.7,30.6,39.1,12.3
Yemen,YEM,2011,Middle East,0.31,0.141,0.172,0.188,0.119,1994.8,67.4,45.2,30.9,40.7,14.9
Yemen,YEM,2012,Middle East,0.357,0.164,0.167,0.323,0.142,1981.5,67.6,44,31.2,41,17.4
Yemen,YEM,2013,Middle East,0.336,0.148,0.153,0.285,0.121,2014.7,68,42.6,31.4,42.7,20
Yemen,YEM,2014,Middle East,0.3,0.117,0.13,0.152,0.095,1950.2,68,41.8,31.9,NA,22.5
Yemen,YEM,2015,Middle East,0.184,0.069,0.09,0.054,0.046,1362.2,66.8,41.6,32.4,NA,24.1
Yemen,YEM,2016,Middle East,0.113,0.037,0.07,0.028,0.035,1198,67.1,40.7,33,43.7,24.6
Yemen,YEM,2017,Middle East,0.112,0.036,0.069,0.025,0.022,1103.5,67.1,40.1,33.6,NA,NA
Yemen,YEM,2018,Middle East,0.113,0.034,0.068,0.028,0.023,1079.3,65.9,39.7,34.2,NA,NA
Yemen,YEM,2019,Middle East,0.117,0.038,0.068,0.028,0.023,NA,66.6,39,34.9,NA,17.5
Yemen,YEM,2020,Middle East,0.113,0.033,0.065,0.028,0.021,NA,66.4,37.6,35.7,NA,NA
Yemen,YEM,2021,Middle East,0.116,0.033,0.067,0.025,0.021,NA,66,36.9,36.1,NA,NA
Yemen,YEM,2022,Middle East,0.123,0.041,0.068,0.044,0.021,NA,68,36,36.3,NA,NA
Yemen,YEM,2023,Middle East,0.128,0.045,0.07,0.053,0.039,NA,69.3,34.9,36.6,NA,NA
Zambia,ZMB,1990,Africa,0.217,0.161,0.167,0.153,0.192,878.6,48.2,102.3,39.4,20.6,0
Zambia,ZMB,1991,Africa,0.287,0.248,0.207,0.235,0.22,856.8,47.4,102.6,39.3,NA,NA
Zambia,ZMB,1992,Africa,0.439,0.344,0.285,0.378,0.29,821.9,47,102.4,39.1,NA,NA
Zambia,ZMB,1993,Africa,0.447,0.355,0.291,0.385,0.295,857,46.7,101.5,38.9,NA,NA
Zambia,ZMB,1994,Africa,0.482,0.377,0.312,0.412,0.315,764.6,46.3,100.3,38.7,20.3,0
Zambia,ZMB,1995,Africa,0.482,0.377,0.312,0.415,0.317,768,46.1,98.5,38.4,NA,0
Zambia,ZMB,1996,Africa,0.49,0.384,0.32,0.423,0.321,796,45.8,96.9,38,NA,0
Zambia,ZMB,1997,Africa,0.478,0.374,0.312,0.416,0.315,805.5,45.7,95.6,37.4,NA,0
Zambia,ZMB,1998,Africa,0.478,0.374,0.312,0.416,0.315,781.7,45.7,94.5,36.7,NA,0
Zambia,ZMB,1999,Africa,0.478,0.374,0.312,0.416,0.315,796.4,45.9,92.5,36.2,NA,0.1
Zambia,ZMB,2000,Africa,0.486,0.38,0.317,0.42,0.322,804.5,46.6,89.3,35.9,NA,0.2
Zambia,ZMB,2001,Africa,0.489,0.394,0.319,0.423,0.324,822,47.4,84.6,35.9,NA,0.2
Zambia,ZMB,2002,Africa,0.484,0.405,0.314,0.444,0.323,833,48.5,78.7,36.1,NA,0.5
Zambia,ZMB,2003,Africa,0.484,0.405,0.314,0.436,0.323,863.7,49.6,72.3,36.4,NA,1
Zambia,ZMB,2004,Africa,0.484,0.405,0.314,0.438,0.323,895.5,50.5,65.8,36.8,NA,1.1
Zambia,ZMB,2005,Africa,0.498,0.419,0.319,0.441,0.313,929.1,51.6,60.2,37.3,NA,1.3
Zambia,ZMB,2006,Africa,0.498,0.418,0.321,0.446,0.311,968.6,52.7,56.4,37.8,NA,1.6
Zambia,ZMB,2007,Africa,0.5,0.42,0.321,0.45,0.311,1013.1,53.7,54.3,38.4,NA,1.9
Zambia,ZMB,2008,Africa,0.51,0.424,0.324,0.449,0.32,1053.6,54.8,52.1,39,NA,2.2
Zambia,ZMB,2009,Africa,0.517,0.426,0.328,0.443,0.326,1110.7,55.9,50.2,39.5,NA,2.5
Zambia,ZMB,2010,Africa,0.514,0.427,0.325,0.441,0.325,1183.4,56.9,48.6,40,NA,3
Zambia,ZMB,2011,Africa,0.503,0.42,0.319,0.421,0.323,1208.5,57.8,47.4,40.4,NA,3.5
Zambia,ZMB,2012,Africa,0.503,0.421,0.319,0.422,0.32,1258.8,58.7,46.1,40.8,NA,4.1
Zambia,ZMB,2013,Africa,0.485,0.391,0.309,0.286,0.31,1280.8,59.4,44.5,41.2,NA,4.8
Zambia,ZMB,2014,Africa,0.478,0.388,0.305,0.281,0.307,1299,60.1,43,41.6,NA,6.5
Zambia,ZMB,2015,Africa,0.458,0.371,0.298,0.273,0.294,1295.9,60.7,42.4,42,NA,8.8
Zambia,ZMB,2016,Africa,0.397,0.328,0.263,0.262,0.255,1303.6,61.1,40.6,42.3,NA,10.3
Zambia,ZMB,2017,Africa,0.36,0.294,0.232,0.274,0.248,1308.8,61.6,38.8,42.7,NA,12.2
Zambia,ZMB,2018,Africa,0.37,0.294,0.261,0.309,0.253,1321.3,62.1,37.7,43.1,NA,14.3
Zambia,ZMB,2019,Africa,0.358,0.301,0.256,0.248,0.231,1301.2,62.9,36.1,43.5,NA,14.5
Zambia,ZMB,2020,Africa,0.353,0.292,0.238,0.271,0.206,1228.7,63.4,35.7,43.9,NA,14.6
Zambia,ZMB,2021,Africa,0.421,0.339,0.292,0.227,0.274,1269.1,62.4,35.6,44.2,NA,14.8
Zambia,ZMB,2022,Africa,0.52,0.436,0.361,0.437,0.328,1298.8,65.3,35.4,44.6,NA,15
Zambia,ZMB,2023,Africa,0.525,0.427,0.366,0.442,0.339,1330.9,66.3,35,45,NA,16.5
Zanzibar,ZZB,1990,Africa,0.114,0.122,0.101,0.109,0.182,NA,NA,NA,NA,NA,NA
Zanzibar,ZZB,1991,Africa,0.116,0.123,0.102,0.109,0.182,NA,NA,NA,NA,NA,NA
Zanzibar,ZZB,1992,Africa,0.127,0.122,0.111,0.112,0.186,NA,NA,NA,NA,NA,NA
Zanzibar,ZZB,1993,Africa,0.137,0.126,0.113,0.114,0.188,NA,NA,NA,NA,NA,NA
Zanzibar,ZZB,1994,Africa,0.139,0.127,0.114,0.114,0.188,NA,NA,NA,NA,NA,NA
Zanzibar,ZZB,1995,Africa,0.251,0.188,0.145,0.183,0.229,NA,NA,NA,NA,NA,NA
Zanzibar,ZZB,1996,Africa,0.288,0.201,0.184,0.244,0.239,NA,NA,NA,NA,NA,NA
Zanzibar,ZZB,1997,Africa,0.29,0.202,0.185,0.244,0.24,NA,NA,NA,NA,NA,NA
Zanzibar,ZZB,1998,Africa,0.29,0.202,0.185,0.244,0.24,NA,NA,NA,NA,NA,NA
Zanzibar,ZZB,1999,Africa,0.293,0.204,0.186,0.246,0.241,NA,NA,NA,NA,NA,NA
Zanzibar,ZZB,2000,Africa,0.296,0.217,0.186,0.247,0.25,NA,NA,NA,NA,NA,NA
Zanzibar,ZZB,2001,Africa,0.296,0.217,0.187,0.247,0.251,NA,NA,NA,NA,NA,NA
Zanzibar,ZZB,2002,Africa,0.297,0.224,0.187,0.247,0.251,NA,NA,NA,NA,NA,NA
Zanzibar,ZZB,2003,Africa,0.297,0.225,0.187,0.247,0.255,NA,NA,NA,NA,NA,NA
Zanzibar,ZZB,2004,Africa,0.288,0.221,0.16,0.242,0.25,NA,NA,NA,NA,NA,NA
Zanzibar,ZZB,2005,Africa,0.291,0.225,0.162,0.244,0.252,NA,NA,NA,NA,NA,NA
Zanzibar,ZZB,2006,Africa,0.296,0.227,0.165,0.246,0.255,NA,NA,NA,NA,NA,NA
Zanzibar,ZZB,2007,Africa,0.299,0.228,0.165,0.248,0.256,NA,NA,NA,NA,NA,NA
Zanzibar,ZZB,2008,Africa,0.299,0.231,0.164,0.248,0.256,NA,NA,NA,NA,NA,NA
Zanzibar,ZZB,2009,Africa,0.302,0.232,0.167,0.249,0.26,NA,NA,NA,NA,NA,NA
Zanzibar,ZZB,2010,Africa,0.314,0.241,0.214,0.261,0.268,NA,NA,NA,NA,NA,NA
Zanzibar,ZZB,2011,Africa,0.332,0.25,0.218,0.269,0.278,NA,NA,NA,NA,NA,NA
Zanzibar,ZZB,2012,Africa,0.334,0.251,0.22,0.271,0.277,NA,NA,NA,NA,NA,NA
Zanzibar,ZZB,2013,Africa,0.333,0.253,0.223,0.27,0.277,NA,NA,NA,NA,NA,NA
Zanzibar,ZZB,2014,Africa,0.329,0.251,0.219,0.268,0.278,NA,NA,NA,NA,NA,NA
Zanzibar,ZZB,2015,Africa,0.299,0.234,0.2,0.256,0.264,NA,NA,NA,NA,NA,NA
Zanzibar,ZZB,2016,Africa,0.252,0.209,0.176,0.234,0.24,NA,NA,NA,NA,NA,NA
Zanzibar,ZZB,2017,Africa,0.269,0.218,0.179,0.24,0.239,NA,NA,NA,NA,NA,NA
Zanzibar,ZZB,2018,Africa,0.271,0.222,0.181,0.256,0.237,NA,NA,NA,NA,NA,NA
Zanzibar,ZZB,2019,Africa,0.272,0.216,0.176,0.252,0.238,NA,NA,NA,NA,NA,NA
Zanzibar,ZZB,2020,Africa,0.267,0.213,0.171,0.263,0.248,NA,NA,NA,NA,NA,NA
Zanzibar,ZZB,2021,Africa,0.279,0.227,0.176,0.268,0.254,NA,NA,NA,NA,NA,NA
Zanzibar,ZZB,2022,Africa,0.289,0.236,0.178,0.273,0.262,NA,NA,NA,NA,NA,NA
Zanzibar,ZZB,2023,Africa,0.291,0.235,0.181,0.274,0.259,NA,NA,NA,NA,NA,NA
Zimbabwe,ZWE,1990,Africa,0.303,0.222,0.193,0.261,0.226,1653.6,58.3,54,29.6,45.2,0
Zimbabwe,ZWE,1991,Africa,0.31,0.225,0.208,0.263,0.217,1700.2,57,53.5,30.2,46.5,NA
Zimbabwe,ZWE,1992,Africa,0.31,0.225,0.208,0.263,0.203,1503.8,55.6,53.7,30.6,41.2,NA
Zimbabwe,ZWE,1993,Africa,0.31,0.225,0.208,0.255,0.198,1497.6,54,55.2,30.9,38.7,NA
Zimbabwe,ZWE,1994,Africa,0.31,0.225,0.208,0.258,0.198,1634,52.5,58,31.2,38.9,0
Zimbabwe,ZWE,1995,Africa,0.31,0.225,0.211,0.259,0.194,1621.4,51.1,58.7,31.4,40.2,0
Zimbabwe,ZWE,1996,Africa,0.313,0.228,0.212,0.26,0.194,1759.9,49,63.1,31.7,40.5,0
Zimbabwe,ZWE,1997,Africa,0.309,0.229,0.211,0.259,0.189,1773.5,48.5,62.2,31.9,41.6,0
Zimbabwe,ZWE,1998,Africa,0.308,0.226,0.207,0.255,0.188,1789.4,47.6,59.6,32.1,NA,0.1
Zimbabwe,ZWE,1999,Africa,0.31,0.228,0.207,0.256,0.189,1746.2,46.4,59,32.3,40.2,0.2
Zimbabwe,ZWE,2000,Africa,0.284,0.187,0.232,0.178,0.193,1677.3,46,58.3,32.4,40,0.4
Zimbabwe,ZWE,2001,Africa,0.267,0.164,0.225,0.203,0.183,1690.1,44.5,58.3,32.5,42.1,0.8
Zimbabwe,ZWE,2002,Africa,0.268,0.167,0.225,0.202,0.181,1525.1,45.9,58.7,32.6,41.5,1.1
Zimbabwe,ZWE,2003,Africa,0.269,0.157,0.22,0.202,0.171,1250.9,45.4,59.5,32.6,39.1,1.8
Zimbabwe,ZWE,2004,Africa,0.259,0.154,0.216,0.199,0.167,1165.5,46,61.7,32.6,NA,2.1
Zimbabwe,ZWE,2005,Africa,0.258,0.153,0.212,0.199,0.167,1088.6,46.6,64.5,32.6,NA,2.4
Zimbabwe,ZWE,2006,Africa,0.255,0.152,0.208,0.198,0.167,1038.2,47.1,65.9,32.7,NA,2.4
Zimbabwe,ZWE,2007,Africa,0.255,0.152,0.206,0.198,0.164,987.2,47.6,68.8,32.7,NA,3
Zimbabwe,ZWE,2008,Africa,0.251,0.149,0.203,0.196,0.164,803,48.5,69.8,32.7,NA,3.5
Zimbabwe,ZWE,2009,Africa,0.254,0.179,0.204,0.227,0.164,896.9,49.8,69.8,32.7,NA,4
Zimbabwe,ZWE,2010,Africa,0.265,0.2,0.208,0.249,0.172,1056.2,51.9,67.4,32.7,NA,6.4
Zimbabwe,ZWE,2011,Africa,0.266,0.201,0.206,0.253,0.172,1184.9,53.9,64.2,32.8,NA,8.4
Zimbabwe,ZWE,2012,Africa,0.266,0.202,0.204,0.249,0.171,1360.2,55.4,58.8,32.8,75.9,12
Zimbabwe,ZWE,2013,Africa,0.289,0.209,0.233,0.221,0.19,1367.8,56.8,56.6,32.9,52.4,15.5
Zimbabwe,ZWE,2014,Africa,0.303,0.213,0.237,0.227,0.193,1381.3,58.1,54.7,33.2,NA,16.4
Zimbabwe,ZWE,2015,Africa,0.302,0.212,0.236,0.226,0.192,1387.1,59,54.7,33.6,NA,22.7
Zimbabwe,ZWE,2016,Africa,0.297,0.203,0.233,0.232,0.186,1378.3,59.8,54.3,34.1,NA,23.1
Zimbabwe,ZWE,2017,Africa,0.3,0.225,0.24,0.241,0.184,1422.9,60.3,54.2,34.7,NA,24.4
Zimbabwe,ZWE,2018,Africa,0.313,0.216,0.248,0.234,0.185,1472.1,60.9,54.4,35.4,NA,25
Zimbabwe,ZWE,2019,Africa,0.304,0.202,0.239,0.224,0.182,1357.5,61.1,55.8,36.2,NA,26.6
Zimbabwe,ZWE,2020,Africa,0.299,0.192,0.228,0.223,0.199,1230.8,61.5,57.8,37,NA,29.3
Zimbabwe,ZWE,2021,Africa,0.297,0.194,0.227,0.231,0.193,1312.2,60.1,59.8,37.9,NA,32.6
Zimbabwe,ZWE,2022,Africa,0.292,0.186,0.221,0.229,0.187,1369.2,62.4,61.6,38.7,NA,36.3
Zimbabwe,ZWE,2023,Africa,0.296,0.175,0.207,0.234,0.149,1418.5,62.8,62.2,39.3,NA,38.7
